[27-Feb-2026 11:35:54 America/Santo_Domingo] PHP Parse error:  syntax error, unexpected token "??", expecting "->" or "?->" or "{" or "[" in C:\wamp64\www\PLATAFORMA_INTEGRADA\backend\PerfilManager.php on line 243
[28-Feb-2026 03:13:32 America/Santo_Domingo] PHP Parse error:  syntax error, unexpected token "??", expecting "->" or "?->" or "{" or "[" in C:\wamp64\www\PLATAFORMA_INTEGRADA\backend\PerfilManager.php on line 243
[28-Feb-2026 03:13:34 America/Santo_Domingo] PHP Parse error:  syntax error, unexpected token "??", expecting "->" or "?->" or "{" or "[" in C:\wamp64\www\PLATAFORMA_INTEGRADA\backend\PerfilManager.php on line 243
[28-Feb-2026 03:13:35 America/Santo_Domingo] PHP Parse error:  syntax error, unexpected token "??", expecting "->" or "?->" or "{" or "[" in C:\wamp64\www\PLATAFORMA_INTEGRADA\backend\PerfilManager.php on line 243
[28-Feb-2026 03:13:36 America/Santo_Domingo] PHP Parse error:  syntax error, unexpected token "??", expecting "->" or "?->" or "{" or "[" in C:\wamp64\www\PLATAFORMA_INTEGRADA\backend\PerfilManager.php on line 243
[28-Feb-2026 03:13:36 America/Santo_Domingo] PHP Parse error:  syntax error, unexpected token "??", expecting "->" or "?->" or "{" or "[" in C:\wamp64\www\PLATAFORMA_INTEGRADA\backend\PerfilManager.php on line 243
[28-Feb-2026 03:13:36 America/Santo_Domingo] PHP Parse error:  syntax error, unexpected token "??", expecting "->" or "?->" or "{" or "[" in C:\wamp64\www\PLATAFORMA_INTEGRADA\backend\PerfilManager.php on line 243
[28-Feb-2026 03:13:36 America/Santo_Domingo] PHP Parse error:  syntax error, unexpected token "??", expecting "->" or "?->" or "{" or "[" in C:\wamp64\www\PLATAFORMA_INTEGRADA\backend\PerfilManager.php on line 243
[28-Feb-2026 03:13:36 America/Santo_Domingo] PHP Parse error:  syntax error, unexpected token "??", expecting "->" or "?->" or "{" or "[" in C:\wamp64\www\PLATAFORMA_INTEGRADA\backend\PerfilManager.php on line 243
[28-Feb-2026 03:13:37 America/Santo_Domingo] PHP Parse error:  syntax error, unexpected token "??", expecting "->" or "?->" or "{" or "[" in C:\wamp64\www\PLATAFORMA_INTEGRADA\backend\PerfilManager.php on line 243
[28-Feb-2026 03:13:37 America/Santo_Domingo] PHP Parse error:  syntax error, unexpected token "??", expecting "->" or "?->" or "{" or "[" in C:\wamp64\www\PLATAFORMA_INTEGRADA\backend\PerfilManager.php on line 243
[28-Feb-2026 03:13:37 America/Santo_Domingo] PHP Parse error:  syntax error, unexpected token "??", expecting "->" or "?->" or "{" or "[" in C:\wamp64\www\PLATAFORMA_INTEGRADA\backend\PerfilManager.php on line 243
[28-Feb-2026 03:13:37 America/Santo_Domingo] PHP Parse error:  syntax error, unexpected token "??", expecting "->" or "?->" or "{" or "[" in C:\wamp64\www\PLATAFORMA_INTEGRADA\backend\PerfilManager.php on line 243
[28-Feb-2026 03:13:37 America/Santo_Domingo] PHP Parse error:  syntax error, unexpected token "??", expecting "->" or "?->" or "{" or "[" in C:\wamp64\www\PLATAFORMA_INTEGRADA\backend\PerfilManager.php on line 243
[28-Feb-2026 03:13:38 America/Santo_Domingo] PHP Parse error:  syntax error, unexpected token "??", expecting "->" or "?->" or "{" or "[" in C:\wamp64\www\PLATAFORMA_INTEGRADA\backend\PerfilManager.php on line 243
[28-Feb-2026 03:13:38 America/Santo_Domingo] PHP Parse error:  syntax error, unexpected token "??", expecting "->" or "?->" or "{" or "[" in C:\wamp64\www\PLATAFORMA_INTEGRADA\backend\PerfilManager.php on line 243
[28-Feb-2026 03:13:38 America/Santo_Domingo] PHP Parse error:  syntax error, unexpected token "??", expecting "->" or "?->" or "{" or "[" in C:\wamp64\www\PLATAFORMA_INTEGRADA\backend\PerfilManager.php on line 243
[28-Feb-2026 03:13:38 America/Santo_Domingo] PHP Parse error:  syntax error, unexpected token "??", expecting "->" or "?->" or "{" or "[" in C:\wamp64\www\PLATAFORMA_INTEGRADA\backend\PerfilManager.php on line 243
[28-Feb-2026 03:14:03 America/Santo_Domingo] PHP Parse error:  syntax error, unexpected token "??", expecting "->" or "?->" or "{" or "[" in C:\wamp64\www\PLATAFORMA_INTEGRADA\backend\PerfilManager.php on line 243
[13-Mar-2026 12:22:45 America/Santo_Domingo] PHP Parse error:  syntax error, unexpected token "??", expecting "->" or "?->" or "{" or "[" in C:\wamp64\www\PLATAFORMA_INTEGRADA\backend\PerfilManager.php on line 243
[13-Mar-2026 12:23:54 America/Santo_Domingo] PHP Parse error:  syntax error, unexpected token "??", expecting "->" or "?->" or "{" or "[" in C:\wamp64\www\PLATAFORMA_INTEGRADA\backend\PerfilManager.php on line 243
[13-Mar-2026 12:25:32 America/Santo_Domingo] PHP Parse error:  syntax error, unexpected token "??", expecting "->" or "?->" or "{" or "[" in C:\wamp64\www\PLATAFORMA_INTEGRADA\backend\PerfilManager.php on line 243
[13-Mar-2026 12:34:44 America/Santo_Domingo] PHP Parse error:  syntax error, unexpected token "??", expecting "->" or "?->" or "{" or "[" in C:\wamp64\www\PLATAFORMA_INTEGRADA\backend\PerfilManager.php on line 243
[13-Mar-2026 12:37:15 America/Santo_Domingo] PHP Parse error:  syntax error, unexpected token "??", expecting "->" or "?->" or "{" or "[" in C:\wamp64\www\PLATAFORMA_INTEGRADA\backend\PerfilManager.php on line 243
[13-Mar-2026 13:14:00 America/Santo_Domingo] PHP Parse error:  syntax error, unexpected token "??", expecting "->" or "?->" or "{" or "[" in C:\wamp64\www\PLATAFORMA_INTEGRADA\backend\PerfilManager.php on line 243
[13-Mar-2026 13:18:21 America/Santo_Domingo] PHP Parse error:  syntax error, unexpected token "??", expecting "->" or "?->" or "{" or "[" in C:\wamp64\www\PLATAFORMA_INTEGRADA\backend\PerfilManager.php on line 243
[13-Mar-2026 13:40:05 America/Santo_Domingo] PHP Parse error:  syntax error, unexpected token "??", expecting "->" or "?->" or "{" or "[" in C:\wamp64\www\PLATAFORMA_INTEGRADA\backend\PerfilManager.php on line 243
[13-Mar-2026 13:42:38 America/Santo_Domingo] PHP Warning:  Undefined variable $manager in C:\wamp64\www\PLATAFORMA_INTEGRADA\backend\api\debug-perfiles.php on line 31
[13-Mar-2026 13:42:38 America/Santo_Domingo] PHP Stack trace:
[13-Mar-2026 13:42:38 America/Santo_Domingo] PHP   1. {main}() C:\wamp64\www\PLATAFORMA_INTEGRADA\backend\api\debug-perfiles.php:0
[13-Mar-2026 13:49:44 America/Santo_Domingo] PHP Warning:  Undefined variable $manager in C:\wamp64\www\PLATAFORMA_INTEGRADA\backend\api\debug-perfiles.php on line 31
[13-Mar-2026 13:49:44 America/Santo_Domingo] PHP Stack trace:
[13-Mar-2026 13:49:44 America/Santo_Domingo] PHP   1. {main}() C:\wamp64\www\PLATAFORMA_INTEGRADA\backend\api\debug-perfiles.php:0
[01-Apr-2026 02:34:50 America/Santo_Domingo] PHP Fatal error:  Uncaught Error: Call to private Database::__construct() from scope ClienteManager in C:\wamp64\www\PLATAFORMA_INTEGRADA\backend\ClienteManager.php:9
Stack trace:
#0 C:\wamp64\www\PLATAFORMA_INTEGRADA\backend\api\clientes.php(27): ClienteManager->__construct()
#1 {main}
  thrown in C:\wamp64\www\PLATAFORMA_INTEGRADA\backend\ClienteManager.php on line 9
[01-Apr-2026 02:34:50 America/Santo_Domingo] PHP Fatal error:  Uncaught Error: Call to private Database::__construct() from scope ClienteManager in C:\wamp64\www\PLATAFORMA_INTEGRADA\backend\ClienteManager.php:9
Stack trace:
#0 C:\wamp64\www\PLATAFORMA_INTEGRADA\backend\api\clientes.php(27): ClienteManager->__construct()
#1 {main}
  thrown in C:\wamp64\www\PLATAFORMA_INTEGRADA\backend\ClienteManager.php on line 9
[01-Apr-2026 02:35:57 America/Santo_Domingo] PHP Fatal error:  Uncaught Error: Call to undefined method mysqli::exec() in C:\wamp64\www\PLATAFORMA_INTEGRADA\backend\ClienteManager.php:29
Stack trace:
#0 C:\wamp64\www\PLATAFORMA_INTEGRADA\backend\ClienteManager.php(10): ClienteManager->initTable()
#1 C:\wamp64\www\PLATAFORMA_INTEGRADA\backend\api\clientes.php(27): ClienteManager->__construct()
#2 {main}
  thrown in C:\wamp64\www\PLATAFORMA_INTEGRADA\backend\ClienteManager.php on line 29
[01-Apr-2026 02:35:57 America/Santo_Domingo] PHP Fatal error:  Uncaught Error: Call to undefined method mysqli::exec() in C:\wamp64\www\PLATAFORMA_INTEGRADA\backend\ClienteManager.php:29
Stack trace:
#0 C:\wamp64\www\PLATAFORMA_INTEGRADA\backend\ClienteManager.php(10): ClienteManager->initTable()
#1 C:\wamp64\www\PLATAFORMA_INTEGRADA\backend\api\clientes.php(27): ClienteManager->__construct()
#2 {main}
  thrown in C:\wamp64\www\PLATAFORMA_INTEGRADA\backend\ClienteManager.php on line 29
[01-Apr-2026 02:37:01 America/Santo_Domingo] PHP Fatal error:  Uncaught mysqli_sql_exception: Unknown column 'tipo_persona' in 'field list' in C:\wamp64\www\PLATAFORMA_INTEGRADA\backend\ClienteManager.php:47
Stack trace:
#0 C:\wamp64\www\PLATAFORMA_INTEGRADA\backend\ClienteManager.php(47): mysqli->prepare('INSERT INTO cli...')
#1 C:\wamp64\www\PLATAFORMA_INTEGRADA\backend\api\test_insert_cliente.php(4): ClienteManager->crearCliente(Array)
#2 {main}
  thrown in C:\wamp64\www\PLATAFORMA_INTEGRADA\backend\ClienteManager.php on line 47
[01-Apr-2026 02:37:01 America/Santo_Domingo] PHP Fatal error:  Uncaught mysqli_sql_exception: Unknown column 'tipo_persona' in 'field list' in C:\wamp64\www\PLATAFORMA_INTEGRADA\backend\ClienteManager.php:47
Stack trace:
#0 C:\wamp64\www\PLATAFORMA_INTEGRADA\backend\ClienteManager.php(47): mysqli->prepare('INSERT INTO cli...')
#1 C:\wamp64\www\PLATAFORMA_INTEGRADA\backend\api\test_insert_cliente.php(4): ClienteManager->crearCliente(Array)
#2 {main}
  thrown in C:\wamp64\www\PLATAFORMA_INTEGRADA\backend\ClienteManager.php on line 47
[01-Apr-2026 02:37:30 America/Santo_Domingo] PHP Fatal error:  Uncaught mysqli_sql_exception: Unknown column 'tipo_persona' in 'field list' in C:\wamp64\www\PLATAFORMA_INTEGRADA\backend\ClienteManager.php:47
Stack trace:
#0 C:\wamp64\www\PLATAFORMA_INTEGRADA\backend\ClienteManager.php(47): mysqli->prepare('INSERT INTO cli...')
#1 C:\wamp64\www\PLATAFORMA_INTEGRADA\backend\api\test_insert_cliente.php(4): ClienteManager->crearCliente(Array)
#2 {main}
  thrown in C:\wamp64\www\PLATAFORMA_INTEGRADA\backend\ClienteManager.php on line 47
[01-Apr-2026 02:37:30 America/Santo_Domingo] PHP Fatal error:  Uncaught mysqli_sql_exception: Unknown column 'tipo_persona' in 'field list' in C:\wamp64\www\PLATAFORMA_INTEGRADA\backend\ClienteManager.php:47
Stack trace:
#0 C:\wamp64\www\PLATAFORMA_INTEGRADA\backend\ClienteManager.php(47): mysqli->prepare('INSERT INTO cli...')
#1 C:\wamp64\www\PLATAFORMA_INTEGRADA\backend\api\test_insert_cliente.php(4): ClienteManager->crearCliente(Array)
#2 {main}
  thrown in C:\wamp64\www\PLATAFORMA_INTEGRADA\backend\ClienteManager.php on line 47
[01-Apr-2026 02:38:15 America/Santo_Domingo] PHP Fatal error:  Uncaught mysqli_sql_exception: Duplicate entry '111-2222222-3' for key 'clientes.cedula' in C:\wamp64\www\PLATAFORMA_INTEGRADA\backend\ClienteManager.php:64
Stack trace:
#0 C:\wamp64\www\PLATAFORMA_INTEGRADA\backend\ClienteManager.php(64): mysqli_stmt->execute()
#1 C:\wamp64\www\PLATAFORMA_INTEGRADA\backend\api\test_insert_cliente.php(4): ClienteManager->crearCliente(Array)
#2 {main}
  thrown in C:\wamp64\www\PLATAFORMA_INTEGRADA\backend\ClienteManager.php on line 64
[01-Apr-2026 05:29:26 America/Santo_Domingo] PHP Fatal error:  Uncaught mysqli_sql_exception: Key column 'numero' doesn't exist in table in C:\wamp64\www\PLATAFORMA_INTEGRADA\backend\api\fix_cotizaciones_table.php:39
Stack trace:
#0 C:\wamp64\www\PLATAFORMA_INTEGRADA\backend\api\fix_cotizaciones_table.php(39): mysqli->query('ALTER TABLE cot...')
#1 {main}
  thrown in C:\wamp64\www\PLATAFORMA_INTEGRADA\backend\api\fix_cotizaciones_table.php on line 39
[01-Apr-2026 05:29:26 America/Santo_Domingo] PHP Fatal error:  Uncaught mysqli_sql_exception: Key column 'numero' doesn't exist in table in C:\wamp64\www\PLATAFORMA_INTEGRADA\backend\api\fix_cotizaciones_table.php:39
Stack trace:
#0 C:\wamp64\www\PLATAFORMA_INTEGRADA\backend\api\fix_cotizaciones_table.php(39): mysqli->query('ALTER TABLE cot...')
#1 {main}
  thrown in C:\wamp64\www\PLATAFORMA_INTEGRADA\backend\api\fix_cotizaciones_table.php on line 39
[01-Apr-2026 05:30:45 America/Santo_Domingo] PHP Fatal error:  Uncaught mysqli_sql_exception: Key column 'numero' doesn't exist in table in C:\wamp64\www\PLATAFORMA_INTEGRADA\backend\api\fix_cotizaciones_table.php:39
Stack trace:
#0 C:\wamp64\www\PLATAFORMA_INTEGRADA\backend\api\fix_cotizaciones_table.php(39): mysqli->query('ALTER TABLE cot...')
#1 {main}
  thrown in C:\wamp64\www\PLATAFORMA_INTEGRADA\backend\api\fix_cotizaciones_table.php on line 39
[01-Apr-2026 23:48:26 America/Santo_Domingo] PHP Fatal error:  Uncaught mysqli_sql_exception: Unknown column 'password_temporal' in 'field list' in C:\wamp64\www\PLATAFORMA_INTEGRADA\backend\api\info_usuario.php:6
Stack trace:
#0 C:\wamp64\www\PLATAFORMA_INTEGRADA\backend\api\info_usuario.php(6): mysqli->prepare('SELECT id, user...')
#1 {main}
  thrown in C:\wamp64\www\PLATAFORMA_INTEGRADA\backend\api\info_usuario.php on line 6
[01-Apr-2026 23:48:26 America/Santo_Domingo] PHP Fatal error:  Uncaught mysqli_sql_exception: Unknown column 'password_temporal' in 'field list' in C:\wamp64\www\PLATAFORMA_INTEGRADA\backend\api\info_usuario.php:6
Stack trace:
#0 C:\wamp64\www\PLATAFORMA_INTEGRADA\backend\api\info_usuario.php(6): mysqli->prepare('SELECT id, user...')
#1 {main}
  thrown in C:\wamp64\www\PLATAFORMA_INTEGRADA\backend\api\info_usuario.php on line 6
[01-Apr-2026 23:48:49 America/Santo_Domingo] PHP Fatal error:  Uncaught mysqli_sql_exception: Unknown column 'password_temporal' in 'field list' in C:\wamp64\www\PLATAFORMA_INTEGRADA\backend\api\info_usuario.php:6
Stack trace:
#0 C:\wamp64\www\PLATAFORMA_INTEGRADA\backend\api\info_usuario.php(6): mysqli->prepare('SELECT id, user...')
#1 {main}
  thrown in C:\wamp64\www\PLATAFORMA_INTEGRADA\backend\api\info_usuario.php on line 6
[01-Apr-2026 23:49:02 America/Santo_Domingo] PHP Fatal error:  Uncaught mysqli_sql_exception: Unknown column 'password_temporal' in 'field list' in C:\wamp64\www\PLATAFORMA_INTEGRADA\backend\api\info_usuario.php:6
Stack trace:
#0 C:\wamp64\www\PLATAFORMA_INTEGRADA\backend\api\info_usuario.php(6): mysqli->prepare('SELECT id, user...')
#1 {main}
  thrown in C:\wamp64\www\PLATAFORMA_INTEGRADA\backend\api\info_usuario.php on line 6
[06-Apr-2026 12:41:32 America/Santo_Domingo] PHP Fatal error:  Uncaught mysqli_sql_exception: You have an error in your SQL syntax; check the manual that corresponds to your MySQL server version for the right syntax to use near 'IF NOT EXISTS siglas VARCHAR(10) AFTER nombre_perfil' at line 1 in C:\wamp64\www\PLATAFORMA_INTEGRADA\backend\migration_user_features.php:9
Stack trace:
#0 C:\wamp64\www\PLATAFORMA_INTEGRADA\backend\migration_user_features.php(9): mysqli->query('ALTER TABLE per...')
#1 {main}
  thrown in C:\wamp64\www\PLATAFORMA_INTEGRADA\backend\migration_user_features.php on line 9
[06-Apr-2026 13:08:42 America/Santo_Domingo] PHP Fatal error:  Uncaught Error: mysqli_stmt::bind_param(): Argument #7 could not be passed by reference in C:\wamp64\www\PLATAFORMA_INTEGRADA\backend\UsuarioManager.php:106
Stack trace:
#0 C:\wamp64\www\PLATAFORMA_INTEGRADA\backend\api\usuarios.php(50): UsuarioManager->crearUsuario(Array, 1)
#1 {main}
  thrown in C:\wamp64\www\PLATAFORMA_INTEGRADA\backend\UsuarioManager.php on line 106
[06-Apr-2026 13:08:58 America/Santo_Domingo] PHP Fatal error:  Uncaught Error: mysqli_stmt::bind_param(): Argument #7 could not be passed by reference in C:\wamp64\www\PLATAFORMA_INTEGRADA\backend\UsuarioManager.php:106
Stack trace:
#0 C:\wamp64\www\PLATAFORMA_INTEGRADA\backend\api\usuarios.php(50): UsuarioManager->crearUsuario(Array, 1)
#1 {main}
  thrown in C:\wamp64\www\PLATAFORMA_INTEGRADA\backend\UsuarioManager.php on line 106
[06-Apr-2026 13:11:40 America/Santo_Domingo] PHP Fatal error:  Uncaught Error: mysqli_stmt::bind_param(): Argument #7 could not be passed by reference in C:\wamp64\www\PLATAFORMA_INTEGRADA\backend\UsuarioManager.php:106
Stack trace:
#0 C:\wamp64\www\PLATAFORMA_INTEGRADA\backend\api\usuarios.php(50): UsuarioManager->crearUsuario(Array, 1)
#1 {main}
  thrown in C:\wamp64\www\PLATAFORMA_INTEGRADA\backend\UsuarioManager.php on line 106
[06-Apr-2026 13:11:48 America/Santo_Domingo] PHP Fatal error:  Uncaught Error: mysqli_stmt::bind_param(): Argument #7 could not be passed by reference in C:\wamp64\www\PLATAFORMA_INTEGRADA\backend\UsuarioManager.php:106
Stack trace:
#0 C:\wamp64\www\PLATAFORMA_INTEGRADA\backend\api\usuarios.php(50): UsuarioManager->crearUsuario(Array, 1)
#1 {main}
  thrown in C:\wamp64\www\PLATAFORMA_INTEGRADA\backend\UsuarioManager.php on line 106
[06-Apr-2026 13:13:20 America/Santo_Domingo] PHP Fatal error:  Uncaught ArgumentCountError: The number of elements in the type definition string must match the number of bind variables in C:\wamp64\www\PLATAFORMA_INTEGRADA\backend\UsuarioManager.php:220
Stack trace:
#0 C:\wamp64\www\PLATAFORMA_INTEGRADA\backend\UsuarioManager.php(220): mysqli_stmt->bind_param('sssiiddi', 'Juan', 'Socio PDV', 'pdv.prueba@masq...', 5, 1, 5.0, 5.0, 1, 12)
#1 C:\wamp64\www\PLATAFORMA_INTEGRADA\backend\api\usuarios.php(57): UsuarioManager->editarUsuario(12, Array, 1)
#2 {main}
  thrown in C:\wamp64\www\PLATAFORMA_INTEGRADA\backend\UsuarioManager.php on line 220
[06-Apr-2026 15:20:47 America/Santo_Domingo] PHP Fatal error:  Uncaught ArgumentCountError: The number of elements in the type definition string must match the number of bind variables in C:\wamp64\www\PLATAFORMA_INTEGRADA\backend\UsuarioManager.php:106
Stack trace:
#0 C:\wamp64\www\PLATAFORMA_INTEGRADA\backend\UsuarioManager.php(106): mysqli_stmt->bind_param('ssssssssisiiddi...', '05PDV002', '777-7777777-7', 'Final', 'final.test@prue...', 'final.test@prue...', NULL, 'testcomision', '$2y$10$4OJox/WY...', 5, 'inactivo', 1, 0.5, 0.2, 1, 1)
#1 C:\wamp64\www\PLATAFORMA_INTEGRADA\backend\api\usuarios.php(50): UsuarioManager->crearUsuario(Array, 1)
#2 {main}
  thrown in C:\wamp64\www\PLATAFORMA_INTEGRADA\backend\UsuarioManager.php on line 106
[06-Apr-2026 15:39:30 America/Santo_Domingo] PHP Fatal error:  Uncaught ArgumentCountError: The number of elements in the type definition string must match the number of bind variables in C:\wamp64\www\PLATAFORMA_INTEGRADA\backend\UsuarioManager.php:227
Stack trace:
#0 C:\wamp64\www\PLATAFORMA_INTEGRADA\backend\UsuarioManager.php(227): mysqli_stmt->bind_param('sdi', 'Test Editado', 0.66, 1, 19)
#1 C:\wamp64\www\PLATAFORMA_INTEGRADA\backend\api\repro_test.php(37): UsuarioManager->editarUsuario(19, Array, 1)
#2 {main}
  thrown in C:\wamp64\www\PLATAFORMA_INTEGRADA\backend\UsuarioManager.php on line 227
[06-Apr-2026 15:39:56 America/Santo_Domingo] PHP Fatal error:  Uncaught ArgumentCountError: The number of elements in the type definition string must match the number of bind variables in C:\wamp64\www\PLATAFORMA_INTEGRADA\backend\UsuarioManager.php:227
Stack trace:
#0 C:\wamp64\www\PLATAFORMA_INTEGRADA\backend\UsuarioManager.php(227): mysqli_stmt->bind_param('sdi', 'Test Editado 23...', 0.66, 1, 21)
#1 C:\wamp64\www\PLATAFORMA_INTEGRADA\backend\api\repro_test.php(39): UsuarioManager->editarUsuario(21, Array, 1)
#2 {main}
  thrown in C:\wamp64\www\PLATAFORMA_INTEGRADA\backend\UsuarioManager.php on line 227
[06-Apr-2026 15:39:57 America/Santo_Domingo] PHP Fatal error:  Uncaught ArgumentCountError: The number of elements in the type definition string must match the number of bind variables in C:\wamp64\www\PLATAFORMA_INTEGRADA\backend\UsuarioManager.php:227
Stack trace:
#0 C:\wamp64\www\PLATAFORMA_INTEGRADA\backend\UsuarioManager.php(227): mysqli_stmt->bind_param('sdi', 'Test Editado 30...', 0.66, 1, 22)
#1 C:\wamp64\www\PLATAFORMA_INTEGRADA\backend\api\repro_test.php(39): UsuarioManager->editarUsuario(22, Array, 1)
#2 {main}
  thrown in C:\wamp64\www\PLATAFORMA_INTEGRADA\backend\UsuarioManager.php on line 227
[09-Apr-2026 02:34:03 America/Santo_Domingo] SMTP Server error: 535 Incorrect authentication data

[09-Apr-2026 02:34:04 America/Santo_Domingo] SMTP Server error: 550 SMTP AUTH is required for message submission on port 465

[09-Apr-2026 02:34:05 America/Santo_Domingo] PHP Warning:  fgets(): SSL: Se ha forzado la interrupción de una conexión existente por el host remoto in C:\wamp64\www\PLATAFORMA_INTEGRADA\backend\Mailer.php on line 76
[09-Apr-2026 02:34:05 America/Santo_Domingo] PHP Stack trace:
[09-Apr-2026 02:34:05 America/Santo_Domingo] PHP   1. {main}() C:\wamp64\www\PLATAFORMA_INTEGRADA\backend\api\auth.php:0
[09-Apr-2026 02:34:05 America/Santo_Domingo] PHP   2. Autenticacion->solicitarRecuperacion($identificador = 'ahenriquezmarte@gmail.com') C:\wamp64\www\PLATAFORMA_INTEGRADA\backend\api\auth.php:112
[09-Apr-2026 02:34:05 America/Santo_Domingo] PHP   3. Mailer->enviar($to = 'ahenriquezmarte@gmail.com', $subject = 'Recuperacion de Contrasena - MAS QUE FIANZAS', $message = '<h3>Recuperación de Contraseña</h3><p>Hola admin,</p><p>Has solicitado restablecer tu contraseña. Haz clic en el siguiente enlace para crear una nueva (válido por 1 hora):</p><p><a href=\'http://localhost/PLATAFORMA_INTEGRADA/frontend/recuperar.html?token=5f57050c021fbc0b24a799d45bf7c32c7b04328680bbf4f78df37d5ec33c1359\'>http://localhost/PLATAFORMA_INTEGRADA/frontend/recuperar.html?token=5f57050c021fbc0b24a799d45bf7c32c7b04328680bbf4f78df37d5ec33c1359</a></p><p>Si no fuiste tú, ignora este correo.</p>', $isHtml = *uninitialized*) C:\wamp64\www\PLATAFORMA_INTEGRADA\backend\Autenticacion.php:342
[09-Apr-2026 02:34:05 America/Santo_Domingo] PHP   4. Mailer->server_parse($socket = resource(8) of type (stream), $expected_response = '354') C:\wamp64\www\PLATAFORMA_INTEGRADA\backend\Mailer.php:51
[09-Apr-2026 02:34:05 America/Santo_Domingo] PHP   5. fgets($stream = resource(8) of type (stream), $length = 256) C:\wamp64\www\PLATAFORMA_INTEGRADA\backend\Mailer.php:76
[09-Apr-2026 02:34:05 America/Santo_Domingo] Error al leer respuesta de SMTP.
[09-Apr-2026 02:34:05 America/Santo_Domingo] PHP Warning:  fputs(): SSL operation failed with code 5. OpenSSL Error messages:
error:80002746:system library::Unknown error in C:\wamp64\www\PLATAFORMA_INTEGRADA\backend\Mailer.php on line 64
[09-Apr-2026 02:34:05 America/Santo_Domingo] PHP Stack trace:
[09-Apr-2026 02:34:05 America/Santo_Domingo] PHP   1. {main}() C:\wamp64\www\PLATAFORMA_INTEGRADA\backend\api\auth.php:0
[09-Apr-2026 02:34:05 America/Santo_Domingo] PHP   2. Autenticacion->solicitarRecuperacion($identificador = 'ahenriquezmarte@gmail.com') C:\wamp64\www\PLATAFORMA_INTEGRADA\backend\api\auth.php:112
[09-Apr-2026 02:34:05 America/Santo_Domingo] PHP   3. Mailer->enviar($to = 'ahenriquezmarte@gmail.com', $subject = 'Recuperacion de Contrasena - MAS QUE FIANZAS', $message = '<h3>Recuperación de Contraseña</h3><p>Hola admin,</p><p>Has solicitado restablecer tu contraseña. Haz clic en el siguiente enlace para crear una nueva (válido por 1 hora):</p><p><a href=\'http://localhost/PLATAFORMA_INTEGRADA/frontend/recuperar.html?token=5f57050c021fbc0b24a799d45bf7c32c7b04328680bbf4f78df37d5ec33c1359\'>http://localhost/PLATAFORMA_INTEGRADA/frontend/recuperar.html?token=5f57050c021fbc0b24a799d45bf7c32c7b04328680bbf4f78df37d5ec33c1359</a></p><p>Si no fuiste tú, ignora este correo.</p>', $isHtml = *uninitialized*) C:\wamp64\www\PLATAFORMA_INTEGRADA\backend\Autenticacion.php:342
[09-Apr-2026 02:34:05 America/Santo_Domingo] PHP   4. fputs($stream = resource(8) of type (stream), $data = 'From: MAS QUE FIANZAS <ventas@masquefianzas.com>\r\nTo: ahenriquezmarte@gmail.com\r\nSubject: Recuperacion de Contrasena - MAS QUE FIANZAS\r\nMIME-Version: 1.0\r\nContent-Type: text/html; charset=UTF-8\r\n\r\n<h3>Recuperación de Contraseña</h3><p>Hola admin,</p><p>Has solicitado restablecer tu contraseña. Haz clic en el siguiente enlace para crear una nueva (válido por 1 hora):</p><p><a href=\'http://localhost/PLATAFORMA_INTEGRADA/frontend/recuperar.html?token=5f57050c021fbc0b24a799d45bf7c32c7b04328680bbf4f78df37d5e'...) C:\wamp64\www\PLATAFORMA_INTEGRADA\backend\Mailer.php:64
[09-Apr-2026 02:34:05 America/Santo_Domingo] PHP Warning:  fgets(): SSL: Se ha forzado la interrupción de una conexión existente por el host remoto in C:\wamp64\www\PLATAFORMA_INTEGRADA\backend\Mailer.php on line 76
[09-Apr-2026 02:34:05 America/Santo_Domingo] PHP Stack trace:
[09-Apr-2026 02:34:05 America/Santo_Domingo] PHP   1. {main}() C:\wamp64\www\PLATAFORMA_INTEGRADA\backend\api\auth.php:0
[09-Apr-2026 02:34:05 America/Santo_Domingo] PHP   2. Autenticacion->solicitarRecuperacion($identificador = 'ahenriquezmarte@gmail.com') C:\wamp64\www\PLATAFORMA_INTEGRADA\backend\api\auth.php:112
[09-Apr-2026 02:34:05 America/Santo_Domingo] PHP   3. Mailer->enviar($to = 'ahenriquezmarte@gmail.com', $subject = 'Recuperacion de Contrasena - MAS QUE FIANZAS', $message = '<h3>Recuperación de Contraseña</h3><p>Hola admin,</p><p>Has solicitado restablecer tu contraseña. Haz clic en el siguiente enlace para crear una nueva (válido por 1 hora):</p><p><a href=\'http://localhost/PLATAFORMA_INTEGRADA/frontend/recuperar.html?token=5f57050c021fbc0b24a799d45bf7c32c7b04328680bbf4f78df37d5ec33c1359\'>http://localhost/PLATAFORMA_INTEGRADA/frontend/recuperar.html?token=5f57050c021fbc0b24a799d45bf7c32c7b04328680bbf4f78df37d5ec33c1359</a></p><p>Si no fuiste tú, ignora este correo.</p>', $isHtml = *uninitialized*) C:\wamp64\www\PLATAFORMA_INTEGRADA\backend\Autenticacion.php:342
[09-Apr-2026 02:34:05 America/Santo_Domingo] PHP   4. Mailer->server_parse($socket = resource(8) of type (stream), $expected_response = '250') C:\wamp64\www\PLATAFORMA_INTEGRADA\backend\Mailer.php:65
[09-Apr-2026 02:34:05 America/Santo_Domingo] PHP   5. fgets($stream = resource(8) of type (stream), $length = 256) C:\wamp64\www\PLATAFORMA_INTEGRADA\backend\Mailer.php:76
[09-Apr-2026 02:34:05 America/Santo_Domingo] Error al leer respuesta de SMTP.
[09-Apr-2026 02:34:05 America/Santo_Domingo] PHP Warning:  fputs(): SSL operation failed with code 1. OpenSSL Error messages:
error:0A00010F:SSL routines::bad length in C:\wamp64\www\PLATAFORMA_INTEGRADA\backend\Mailer.php on line 67
[09-Apr-2026 02:34:05 America/Santo_Domingo] PHP Stack trace:
[09-Apr-2026 02:34:05 America/Santo_Domingo] PHP   1. {main}() C:\wamp64\www\PLATAFORMA_INTEGRADA\backend\api\auth.php:0
[09-Apr-2026 02:34:05 America/Santo_Domingo] PHP   2. Autenticacion->solicitarRecuperacion($identificador = 'ahenriquezmarte@gmail.com') C:\wamp64\www\PLATAFORMA_INTEGRADA\backend\api\auth.php:112
[09-Apr-2026 02:34:05 America/Santo_Domingo] PHP   3. Mailer->enviar($to = 'ahenriquezmarte@gmail.com', $subject = 'Recuperacion de Contrasena - MAS QUE FIANZAS', $message = '<h3>Recuperación de Contraseña</h3><p>Hola admin,</p><p>Has solicitado restablecer tu contraseña. Haz clic en el siguiente enlace para crear una nueva (válido por 1 hora):</p><p><a href=\'http://localhost/PLATAFORMA_INTEGRADA/frontend/recuperar.html?token=5f57050c021fbc0b24a799d45bf7c32c7b04328680bbf4f78df37d5ec33c1359\'>http://localhost/PLATAFORMA_INTEGRADA/frontend/recuperar.html?token=5f57050c021fbc0b24a799d45bf7c32c7b04328680bbf4f78df37d5ec33c1359</a></p><p>Si no fuiste tú, ignora este correo.</p>', $isHtml = *uninitialized*) C:\wamp64\www\PLATAFORMA_INTEGRADA\backend\Autenticacion.php:342
[09-Apr-2026 02:34:05 America/Santo_Domingo] PHP   4. fputs($stream = resource(8) of type (stream), $data = 'QUIT\r\n') C:\wamp64\www\PLATAFORMA_INTEGRADA\backend\Mailer.php:67
[09-Apr-2026 02:53:23 America/Santo_Domingo] SMTP Server error: 535 Incorrect authentication data

[09-Apr-2026 02:53:24 America/Santo_Domingo] SMTP Server error: 550 SMTP AUTH is required for message submission on port 465

[09-Apr-2026 02:53:24 America/Santo_Domingo] PHP Warning:  fgets(): SSL: Se ha forzado la interrupción de una conexión existente por el host remoto in C:\wamp64\www\PLATAFORMA_INTEGRADA\backend\Mailer.php on line 76
[09-Apr-2026 02:53:24 America/Santo_Domingo] PHP Stack trace:
[09-Apr-2026 02:53:24 America/Santo_Domingo] PHP   1. {main}() C:\wamp64\www\PLATAFORMA_INTEGRADA\backend\api\auth.php:0
[09-Apr-2026 02:53:24 America/Santo_Domingo] PHP   2. Autenticacion->solicitarRecuperacion($identificador = 'ahenriquezmarte@gmail.com') C:\wamp64\www\PLATAFORMA_INTEGRADA\backend\api\auth.php:112
[09-Apr-2026 02:53:24 America/Santo_Domingo] PHP   3. Mailer->enviar($to = 'ahenriquezmarte@gmail.com', $subject = 'Recuperacion de Contrasena - MAS QUE FIANZAS', $message = '<h3>Recuperación de Contraseña</h3><p>Hola admin,</p><p>Has solicitado restablecer tu contraseña. Haz clic en el siguiente enlace para crear una nueva (válido por 1 hora):</p><p><a href=\'http://localhost/PLATAFORMA_INTEGRADA/frontend/recuperar.html?token=b03a838106b65416ed6a2bf97f5289aad6d696582a260d0abfb4916f93e4e65e\'>http://localhost/PLATAFORMA_INTEGRADA/frontend/recuperar.html?token=b03a838106b65416ed6a2bf97f5289aad6d696582a260d0abfb4916f93e4e65e</a></p><p>Si no fuiste tú, ignora este correo.</p>', $isHtml = *uninitialized*) C:\wamp64\www\PLATAFORMA_INTEGRADA\backend\Autenticacion.php:342
[09-Apr-2026 02:53:24 America/Santo_Domingo] PHP   4. Mailer->server_parse($socket = resource(7) of type (stream), $expected_response = '354') C:\wamp64\www\PLATAFORMA_INTEGRADA\backend\Mailer.php:51
[09-Apr-2026 02:53:24 America/Santo_Domingo] PHP   5. fgets($stream = resource(7) of type (stream), $length = 256) C:\wamp64\www\PLATAFORMA_INTEGRADA\backend\Mailer.php:76
[09-Apr-2026 02:53:24 America/Santo_Domingo] Error al leer respuesta de SMTP.
[09-Apr-2026 02:53:24 America/Santo_Domingo] PHP Warning:  fputs(): SSL operation failed with code 5. OpenSSL Error messages:
error:80002746:system library::Unknown error in C:\wamp64\www\PLATAFORMA_INTEGRADA\backend\Mailer.php on line 64
[09-Apr-2026 02:53:24 America/Santo_Domingo] PHP Stack trace:
[09-Apr-2026 02:53:24 America/Santo_Domingo] PHP   1. {main}() C:\wamp64\www\PLATAFORMA_INTEGRADA\backend\api\auth.php:0
[09-Apr-2026 02:53:24 America/Santo_Domingo] PHP   2. Autenticacion->solicitarRecuperacion($identificador = 'ahenriquezmarte@gmail.com') C:\wamp64\www\PLATAFORMA_INTEGRADA\backend\api\auth.php:112
[09-Apr-2026 02:53:24 America/Santo_Domingo] PHP   3. Mailer->enviar($to = 'ahenriquezmarte@gmail.com', $subject = 'Recuperacion de Contrasena - MAS QUE FIANZAS', $message = '<h3>Recuperación de Contraseña</h3><p>Hola admin,</p><p>Has solicitado restablecer tu contraseña. Haz clic en el siguiente enlace para crear una nueva (válido por 1 hora):</p><p><a href=\'http://localhost/PLATAFORMA_INTEGRADA/frontend/recuperar.html?token=b03a838106b65416ed6a2bf97f5289aad6d696582a260d0abfb4916f93e4e65e\'>http://localhost/PLATAFORMA_INTEGRADA/frontend/recuperar.html?token=b03a838106b65416ed6a2bf97f5289aad6d696582a260d0abfb4916f93e4e65e</a></p><p>Si no fuiste tú, ignora este correo.</p>', $isHtml = *uninitialized*) C:\wamp64\www\PLATAFORMA_INTEGRADA\backend\Autenticacion.php:342
[09-Apr-2026 02:53:24 America/Santo_Domingo] PHP   4. fputs($stream = resource(7) of type (stream), $data = 'From: MAS QUE FIANZAS <ventas@masquefianzas.com>\r\nTo: ahenriquezmarte@gmail.com\r\nSubject: Recuperacion de Contrasena - MAS QUE FIANZAS\r\nMIME-Version: 1.0\r\nContent-Type: text/html; charset=UTF-8\r\n\r\n<h3>Recuperación de Contraseña</h3><p>Hola admin,</p><p>Has solicitado restablecer tu contraseña. Haz clic en el siguiente enlace para crear una nueva (válido por 1 hora):</p><p><a href=\'http://localhost/PLATAFORMA_INTEGRADA/frontend/recuperar.html?token=b03a838106b65416ed6a2bf97f5289aad6d696582a260d0abfb4916f'...) C:\wamp64\www\PLATAFORMA_INTEGRADA\backend\Mailer.php:64
[09-Apr-2026 02:53:24 America/Santo_Domingo] PHP Warning:  fgets(): SSL: Se ha forzado la interrupción de una conexión existente por el host remoto in C:\wamp64\www\PLATAFORMA_INTEGRADA\backend\Mailer.php on line 76
[09-Apr-2026 02:53:24 America/Santo_Domingo] PHP Stack trace:
[09-Apr-2026 02:53:24 America/Santo_Domingo] PHP   1. {main}() C:\wamp64\www\PLATAFORMA_INTEGRADA\backend\api\auth.php:0
[09-Apr-2026 02:53:24 America/Santo_Domingo] PHP   2. Autenticacion->solicitarRecuperacion($identificador = 'ahenriquezmarte@gmail.com') C:\wamp64\www\PLATAFORMA_INTEGRADA\backend\api\auth.php:112
[09-Apr-2026 02:53:24 America/Santo_Domingo] PHP   3. Mailer->enviar($to = 'ahenriquezmarte@gmail.com', $subject = 'Recuperacion de Contrasena - MAS QUE FIANZAS', $message = '<h3>Recuperación de Contraseña</h3><p>Hola admin,</p><p>Has solicitado restablecer tu contraseña. Haz clic en el siguiente enlace para crear una nueva (válido por 1 hora):</p><p><a href=\'http://localhost/PLATAFORMA_INTEGRADA/frontend/recuperar.html?token=b03a838106b65416ed6a2bf97f5289aad6d696582a260d0abfb4916f93e4e65e\'>http://localhost/PLATAFORMA_INTEGRADA/frontend/recuperar.html?token=b03a838106b65416ed6a2bf97f5289aad6d696582a260d0abfb4916f93e4e65e</a></p><p>Si no fuiste tú, ignora este correo.</p>', $isHtml = *uninitialized*) C:\wamp64\www\PLATAFORMA_INTEGRADA\backend\Autenticacion.php:342
[09-Apr-2026 02:53:24 America/Santo_Domingo] PHP   4. Mailer->server_parse($socket = resource(7) of type (stream), $expected_response = '250') C:\wamp64\www\PLATAFORMA_INTEGRADA\backend\Mailer.php:65
[09-Apr-2026 02:53:24 America/Santo_Domingo] PHP   5. fgets($stream = resource(7) of type (stream), $length = 256) C:\wamp64\www\PLATAFORMA_INTEGRADA\backend\Mailer.php:76
[09-Apr-2026 02:53:24 America/Santo_Domingo] Error al leer respuesta de SMTP.
[09-Apr-2026 02:53:24 America/Santo_Domingo] PHP Warning:  fputs(): SSL operation failed with code 1. OpenSSL Error messages:
error:0A00010F:SSL routines::bad length in C:\wamp64\www\PLATAFORMA_INTEGRADA\backend\Mailer.php on line 67
[09-Apr-2026 02:53:24 America/Santo_Domingo] PHP Stack trace:
[09-Apr-2026 02:53:24 America/Santo_Domingo] PHP   1. {main}() C:\wamp64\www\PLATAFORMA_INTEGRADA\backend\api\auth.php:0
[09-Apr-2026 02:53:24 America/Santo_Domingo] PHP   2. Autenticacion->solicitarRecuperacion($identificador = 'ahenriquezmarte@gmail.com') C:\wamp64\www\PLATAFORMA_INTEGRADA\backend\api\auth.php:112
[09-Apr-2026 02:53:24 America/Santo_Domingo] PHP   3. Mailer->enviar($to = 'ahenriquezmarte@gmail.com', $subject = 'Recuperacion de Contrasena - MAS QUE FIANZAS', $message = '<h3>Recuperación de Contraseña</h3><p>Hola admin,</p><p>Has solicitado restablecer tu contraseña. Haz clic en el siguiente enlace para crear una nueva (válido por 1 hora):</p><p><a href=\'http://localhost/PLATAFORMA_INTEGRADA/frontend/recuperar.html?token=b03a838106b65416ed6a2bf97f5289aad6d696582a260d0abfb4916f93e4e65e\'>http://localhost/PLATAFORMA_INTEGRADA/frontend/recuperar.html?token=b03a838106b65416ed6a2bf97f5289aad6d696582a260d0abfb4916f93e4e65e</a></p><p>Si no fuiste tú, ignora este correo.</p>', $isHtml = *uninitialized*) C:\wamp64\www\PLATAFORMA_INTEGRADA\backend\Autenticacion.php:342
[09-Apr-2026 02:53:24 America/Santo_Domingo] PHP   4. fputs($stream = resource(7) of type (stream), $data = 'QUIT\r\n') C:\wamp64\www\PLATAFORMA_INTEGRADA\backend\Mailer.php:67
[09-Apr-2026 03:00:01 America/Santo_Domingo] SMTP Server error: 535 Incorrect authentication data

[09-Apr-2026 03:00:01 America/Santo_Domingo] SMTP Server error: 550 SMTP AUTH is required for message submission on port 465

[09-Apr-2026 03:00:01 America/Santo_Domingo] PHP Warning:  fgets(): SSL: Se ha forzado la interrupción de una conexión existente por el host remoto in C:\wamp64\www\PLATAFORMA_INTEGRADA\backend\Mailer.php on line 76
[09-Apr-2026 03:00:01 America/Santo_Domingo] PHP Stack trace:
[09-Apr-2026 03:00:01 America/Santo_Domingo] PHP   1. {main}() C:\wamp64\www\PLATAFORMA_INTEGRADA\backend\api\auth.php:0
[09-Apr-2026 03:00:01 America/Santo_Domingo] PHP   2. Autenticacion->solicitarRecuperacion($identificador = 'pdv.prueba') C:\wamp64\www\PLATAFORMA_INTEGRADA\backend\api\auth.php:112
[09-Apr-2026 03:00:01 America/Santo_Domingo] PHP   3. Mailer->enviar($to = 'pdv.prueba@masquefianzas.com', $subject = 'Recuperacion de Contrasena - MAS QUE FIANZAS', $message = '<h3>Recuperación de Contraseña</h3><p>Hola pdv.prueba,</p><p>Has solicitado restablecer tu contraseña. Haz clic en el siguiente enlace para crear una nueva (válido por 1 hora):</p><p><a href=\'http://localhost/PLATAFORMA_INTEGRADA/frontend/recuperar.html?token=9e0ede4443b611bebb153a5969db1d3275e9a531f5aef293792bf3adc75f9fbb\'>http://localhost/PLATAFORMA_INTEGRADA/frontend/recuperar.html?token=9e0ede4443b611bebb153a5969db1d3275e9a531f5aef293792bf3adc75f9fbb</a></p><p>Si no fuiste tú, ignora este correo.</'..., $isHtml = *uninitialized*) C:\wamp64\www\PLATAFORMA_INTEGRADA\backend\Autenticacion.php:342
[09-Apr-2026 03:00:01 America/Santo_Domingo] PHP   4. Mailer->server_parse($socket = resource(7) of type (stream), $expected_response = '354') C:\wamp64\www\PLATAFORMA_INTEGRADA\backend\Mailer.php:51
[09-Apr-2026 03:00:01 America/Santo_Domingo] PHP   5. fgets($stream = resource(7) of type (stream), $length = 256) C:\wamp64\www\PLATAFORMA_INTEGRADA\backend\Mailer.php:76
[09-Apr-2026 03:00:01 America/Santo_Domingo] Error al leer respuesta de SMTP.
[09-Apr-2026 03:00:01 America/Santo_Domingo] PHP Warning:  fputs(): SSL operation failed with code 5. OpenSSL Error messages:
error:80002746:system library::Unknown error in C:\wamp64\www\PLATAFORMA_INTEGRADA\backend\Mailer.php on line 64
[09-Apr-2026 03:00:01 America/Santo_Domingo] PHP Stack trace:
[09-Apr-2026 03:00:01 America/Santo_Domingo] PHP   1. {main}() C:\wamp64\www\PLATAFORMA_INTEGRADA\backend\api\auth.php:0
[09-Apr-2026 03:00:01 America/Santo_Domingo] PHP   2. Autenticacion->solicitarRecuperacion($identificador = 'pdv.prueba') C:\wamp64\www\PLATAFORMA_INTEGRADA\backend\api\auth.php:112
[09-Apr-2026 03:00:01 America/Santo_Domingo] PHP   3. Mailer->enviar($to = 'pdv.prueba@masquefianzas.com', $subject = 'Recuperacion de Contrasena - MAS QUE FIANZAS', $message = '<h3>Recuperación de Contraseña</h3><p>Hola pdv.prueba,</p><p>Has solicitado restablecer tu contraseña. Haz clic en el siguiente enlace para crear una nueva (válido por 1 hora):</p><p><a href=\'http://localhost/PLATAFORMA_INTEGRADA/frontend/recuperar.html?token=9e0ede4443b611bebb153a5969db1d3275e9a531f5aef293792bf3adc75f9fbb\'>http://localhost/PLATAFORMA_INTEGRADA/frontend/recuperar.html?token=9e0ede4443b611bebb153a5969db1d3275e9a531f5aef293792bf3adc75f9fbb</a></p><p>Si no fuiste tú, ignora este correo.</'..., $isHtml = *uninitialized*) C:\wamp64\www\PLATAFORMA_INTEGRADA\backend\Autenticacion.php:342
[09-Apr-2026 03:00:01 America/Santo_Domingo] PHP   4. fputs($stream = resource(7) of type (stream), $data = 'From: MAS QUE FIANZAS <ventas@masquefianzas.com>\r\nTo: pdv.prueba@masquefianzas.com\r\nSubject: Recuperacion de Contrasena - MAS QUE FIANZAS\r\nMIME-Version: 1.0\r\nContent-Type: text/html; charset=UTF-8\r\n\r\n<h3>Recuperación de Contraseña</h3><p>Hola pdv.prueba,</p><p>Has solicitado restablecer tu contraseña. Haz clic en el siguiente enlace para crear una nueva (válido por 1 hora):</p><p><a href=\'http://localhost/PLATAFORMA_INTEGRADA/frontend/recuperar.html?token=9e0ede4443b611bebb153a5969db1d3275e9a531f5aef293'...) C:\wamp64\www\PLATAFORMA_INTEGRADA\backend\Mailer.php:64
[09-Apr-2026 03:00:01 America/Santo_Domingo] PHP Warning:  fgets(): SSL: Se ha forzado la interrupción de una conexión existente por el host remoto in C:\wamp64\www\PLATAFORMA_INTEGRADA\backend\Mailer.php on line 76
[09-Apr-2026 03:00:01 America/Santo_Domingo] PHP Stack trace:
[09-Apr-2026 03:00:01 America/Santo_Domingo] PHP   1. {main}() C:\wamp64\www\PLATAFORMA_INTEGRADA\backend\api\auth.php:0
[09-Apr-2026 03:00:01 America/Santo_Domingo] PHP   2. Autenticacion->solicitarRecuperacion($identificador = 'pdv.prueba') C:\wamp64\www\PLATAFORMA_INTEGRADA\backend\api\auth.php:112
[09-Apr-2026 03:00:01 America/Santo_Domingo] PHP   3. Mailer->enviar($to = 'pdv.prueba@masquefianzas.com', $subject = 'Recuperacion de Contrasena - MAS QUE FIANZAS', $message = '<h3>Recuperación de Contraseña</h3><p>Hola pdv.prueba,</p><p>Has solicitado restablecer tu contraseña. Haz clic en el siguiente enlace para crear una nueva (válido por 1 hora):</p><p><a href=\'http://localhost/PLATAFORMA_INTEGRADA/frontend/recuperar.html?token=9e0ede4443b611bebb153a5969db1d3275e9a531f5aef293792bf3adc75f9fbb\'>http://localhost/PLATAFORMA_INTEGRADA/frontend/recuperar.html?token=9e0ede4443b611bebb153a5969db1d3275e9a531f5aef293792bf3adc75f9fbb</a></p><p>Si no fuiste tú, ignora este correo.</'..., $isHtml = *uninitialized*) C:\wamp64\www\PLATAFORMA_INTEGRADA\backend\Autenticacion.php:342
[09-Apr-2026 03:00:01 America/Santo_Domingo] PHP   4. Mailer->server_parse($socket = resource(7) of type (stream), $expected_response = '250') C:\wamp64\www\PLATAFORMA_INTEGRADA\backend\Mailer.php:65
[09-Apr-2026 03:00:01 America/Santo_Domingo] PHP   5. fgets($stream = resource(7) of type (stream), $length = 256) C:\wamp64\www\PLATAFORMA_INTEGRADA\backend\Mailer.php:76
[09-Apr-2026 03:00:01 America/Santo_Domingo] Error al leer respuesta de SMTP.
[09-Apr-2026 03:00:01 America/Santo_Domingo] PHP Warning:  fputs(): SSL operation failed with code 1. OpenSSL Error messages:
error:0A00010F:SSL routines::bad length in C:\wamp64\www\PLATAFORMA_INTEGRADA\backend\Mailer.php on line 67
[09-Apr-2026 03:00:01 America/Santo_Domingo] PHP Stack trace:
[09-Apr-2026 03:00:01 America/Santo_Domingo] PHP   1. {main}() C:\wamp64\www\PLATAFORMA_INTEGRADA\backend\api\auth.php:0
[09-Apr-2026 03:00:01 America/Santo_Domingo] PHP   2. Autenticacion->solicitarRecuperacion($identificador = 'pdv.prueba') C:\wamp64\www\PLATAFORMA_INTEGRADA\backend\api\auth.php:112
[09-Apr-2026 03:00:01 America/Santo_Domingo] PHP   3. Mailer->enviar($to = 'pdv.prueba@masquefianzas.com', $subject = 'Recuperacion de Contrasena - MAS QUE FIANZAS', $message = '<h3>Recuperación de Contraseña</h3><p>Hola pdv.prueba,</p><p>Has solicitado restablecer tu contraseña. Haz clic en el siguiente enlace para crear una nueva (válido por 1 hora):</p><p><a href=\'http://localhost/PLATAFORMA_INTEGRADA/frontend/recuperar.html?token=9e0ede4443b611bebb153a5969db1d3275e9a531f5aef293792bf3adc75f9fbb\'>http://localhost/PLATAFORMA_INTEGRADA/frontend/recuperar.html?token=9e0ede4443b611bebb153a5969db1d3275e9a531f5aef293792bf3adc75f9fbb</a></p><p>Si no fuiste tú, ignora este correo.</'..., $isHtml = *uninitialized*) C:\wamp64\www\PLATAFORMA_INTEGRADA\backend\Autenticacion.php:342
[09-Apr-2026 03:00:01 America/Santo_Domingo] PHP   4. fputs($stream = resource(7) of type (stream), $data = 'QUIT\r\n') C:\wamp64\www\PLATAFORMA_INTEGRADA\backend\Mailer.php:67
[09-Apr-2026 17:43:35 America/Santo_Domingo] SMTP Server error: 535 Incorrect authentication data

[09-Apr-2026 17:43:35 America/Santo_Domingo] SMTP Server error: 550 SMTP AUTH is required for message submission on port 465

[09-Apr-2026 17:43:35 America/Santo_Domingo] PHP Warning:  fgets(): SSL: Se ha forzado la interrupción de una conexión existente por el host remoto in C:\wamp64\www\PLATAFORMA_INTEGRADA\backend\Mailer.php on line 76
[09-Apr-2026 17:43:35 America/Santo_Domingo] PHP Stack trace:
[09-Apr-2026 17:43:35 America/Santo_Domingo] PHP   1. {main}() C:\wamp64\www\PLATAFORMA_INTEGRADA\backend\api\auth.php:0
[09-Apr-2026 17:43:35 America/Santo_Domingo] PHP   2. Autenticacion->solicitarRecuperacion($identificador = 'ahenriquezmarte@gmail.com') C:\wamp64\www\PLATAFORMA_INTEGRADA\backend\api\auth.php:112
[09-Apr-2026 17:43:35 America/Santo_Domingo] PHP   3. Mailer->enviar($to = 'ahenriquezmarte@gmail.com', $subject = 'Recuperacion de Contrasena - MAS QUE FIANZAS', $message = '<h3>Recuperación de Contraseña</h3><p>Hola admin,</p><p>Has solicitado restablecer tu contraseña. Haz clic en el siguiente enlace para crear una nueva (válido por 1 hora):</p><p><a href=\'http://localhost/PLATAFORMA_INTEGRADA/frontend/recuperar.html?token=33b397c45a96715b732bd0e88a9e2f93326dab27ce04b0c25f9602df3db022ff\'>http://localhost/PLATAFORMA_INTEGRADA/frontend/recuperar.html?token=33b397c45a96715b732bd0e88a9e2f93326dab27ce04b0c25f9602df3db022ff</a></p><p>Si no fuiste tú, ignora este correo.</p>', $isHtml = *uninitialized*) C:\wamp64\www\PLATAFORMA_INTEGRADA\backend\Autenticacion.php:342
[09-Apr-2026 17:43:35 America/Santo_Domingo] PHP   4. Mailer->server_parse($socket = resource(11) of type (stream), $expected_response = '354') C:\wamp64\www\PLATAFORMA_INTEGRADA\backend\Mailer.php:51
[09-Apr-2026 17:43:35 America/Santo_Domingo] PHP   5. fgets($stream = resource(11) of type (stream), $length = 256) C:\wamp64\www\PLATAFORMA_INTEGRADA\backend\Mailer.php:76
[09-Apr-2026 17:43:35 America/Santo_Domingo] Error al leer respuesta de SMTP.
[09-Apr-2026 17:43:35 America/Santo_Domingo] PHP Warning:  fputs(): SSL operation failed with code 5. OpenSSL Error messages:
error:80002746:system library::Unknown error in C:\wamp64\www\PLATAFORMA_INTEGRADA\backend\Mailer.php on line 64
[09-Apr-2026 17:43:35 America/Santo_Domingo] PHP Stack trace:
[09-Apr-2026 17:43:35 America/Santo_Domingo] PHP   1. {main}() C:\wamp64\www\PLATAFORMA_INTEGRADA\backend\api\auth.php:0
[09-Apr-2026 17:43:35 America/Santo_Domingo] PHP   2. Autenticacion->solicitarRecuperacion($identificador = 'ahenriquezmarte@gmail.com') C:\wamp64\www\PLATAFORMA_INTEGRADA\backend\api\auth.php:112
[09-Apr-2026 17:43:35 America/Santo_Domingo] PHP   3. Mailer->enviar($to = 'ahenriquezmarte@gmail.com', $subject = 'Recuperacion de Contrasena - MAS QUE FIANZAS', $message = '<h3>Recuperación de Contraseña</h3><p>Hola admin,</p><p>Has solicitado restablecer tu contraseña. Haz clic en el siguiente enlace para crear una nueva (válido por 1 hora):</p><p><a href=\'http://localhost/PLATAFORMA_INTEGRADA/frontend/recuperar.html?token=33b397c45a96715b732bd0e88a9e2f93326dab27ce04b0c25f9602df3db022ff\'>http://localhost/PLATAFORMA_INTEGRADA/frontend/recuperar.html?token=33b397c45a96715b732bd0e88a9e2f93326dab27ce04b0c25f9602df3db022ff</a></p><p>Si no fuiste tú, ignora este correo.</p>', $isHtml = *uninitialized*) C:\wamp64\www\PLATAFORMA_INTEGRADA\backend\Autenticacion.php:342
[09-Apr-2026 17:43:35 America/Santo_Domingo] PHP   4. fputs($stream = resource(11) of type (stream), $data = 'From: MAS QUE FIANZAS <ventas@masquefianzas.com>\r\nTo: ahenriquezmarte@gmail.com\r\nSubject: Recuperacion de Contrasena - MAS QUE FIANZAS\r\nMIME-Version: 1.0\r\nContent-Type: text/html; charset=UTF-8\r\n\r\n<h3>Recuperación de Contraseña</h3><p>Hola admin,</p><p>Has solicitado restablecer tu contraseña. Haz clic en el siguiente enlace para crear una nueva (válido por 1 hora):</p><p><a href=\'http://localhost/PLATAFORMA_INTEGRADA/frontend/recuperar.html?token=33b397c45a96715b732bd0e88a9e2f93326dab27ce04b0c25f9602df'...) C:\wamp64\www\PLATAFORMA_INTEGRADA\backend\Mailer.php:64
[09-Apr-2026 17:43:35 America/Santo_Domingo] PHP Warning:  fgets(): SSL: Se ha forzado la interrupción de una conexión existente por el host remoto in C:\wamp64\www\PLATAFORMA_INTEGRADA\backend\Mailer.php on line 76
[09-Apr-2026 17:43:35 America/Santo_Domingo] PHP Stack trace:
[09-Apr-2026 17:43:35 America/Santo_Domingo] PHP   1. {main}() C:\wamp64\www\PLATAFORMA_INTEGRADA\backend\api\auth.php:0
[09-Apr-2026 17:43:35 America/Santo_Domingo] PHP   2. Autenticacion->solicitarRecuperacion($identificador = 'ahenriquezmarte@gmail.com') C:\wamp64\www\PLATAFORMA_INTEGRADA\backend\api\auth.php:112
[09-Apr-2026 17:43:35 America/Santo_Domingo] PHP   3. Mailer->enviar($to = 'ahenriquezmarte@gmail.com', $subject = 'Recuperacion de Contrasena - MAS QUE FIANZAS', $message = '<h3>Recuperación de Contraseña</h3><p>Hola admin,</p><p>Has solicitado restablecer tu contraseña. Haz clic en el siguiente enlace para crear una nueva (válido por 1 hora):</p><p><a href=\'http://localhost/PLATAFORMA_INTEGRADA/frontend/recuperar.html?token=33b397c45a96715b732bd0e88a9e2f93326dab27ce04b0c25f9602df3db022ff\'>http://localhost/PLATAFORMA_INTEGRADA/frontend/recuperar.html?token=33b397c45a96715b732bd0e88a9e2f93326dab27ce04b0c25f9602df3db022ff</a></p><p>Si no fuiste tú, ignora este correo.</p>', $isHtml = *uninitialized*) C:\wamp64\www\PLATAFORMA_INTEGRADA\backend\Autenticacion.php:342
[09-Apr-2026 17:43:35 America/Santo_Domingo] PHP   4. Mailer->server_parse($socket = resource(11) of type (stream), $expected_response = '250') C:\wamp64\www\PLATAFORMA_INTEGRADA\backend\Mailer.php:65
[09-Apr-2026 17:43:35 America/Santo_Domingo] PHP   5. fgets($stream = resource(11) of type (stream), $length = 256) C:\wamp64\www\PLATAFORMA_INTEGRADA\backend\Mailer.php:76
[09-Apr-2026 17:43:35 America/Santo_Domingo] Error al leer respuesta de SMTP.
[09-Apr-2026 17:43:35 America/Santo_Domingo] PHP Warning:  fputs(): SSL operation failed with code 1. OpenSSL Error messages:
error:0A00010F:SSL routines::bad length in C:\wamp64\www\PLATAFORMA_INTEGRADA\backend\Mailer.php on line 67
[09-Apr-2026 17:43:35 America/Santo_Domingo] PHP Stack trace:
[09-Apr-2026 17:43:35 America/Santo_Domingo] PHP   1. {main}() C:\wamp64\www\PLATAFORMA_INTEGRADA\backend\api\auth.php:0
[09-Apr-2026 17:43:35 America/Santo_Domingo] PHP   2. Autenticacion->solicitarRecuperacion($identificador = 'ahenriquezmarte@gmail.com') C:\wamp64\www\PLATAFORMA_INTEGRADA\backend\api\auth.php:112
[09-Apr-2026 17:43:35 America/Santo_Domingo] PHP   3. Mailer->enviar($to = 'ahenriquezmarte@gmail.com', $subject = 'Recuperacion de Contrasena - MAS QUE FIANZAS', $message = '<h3>Recuperación de Contraseña</h3><p>Hola admin,</p><p>Has solicitado restablecer tu contraseña. Haz clic en el siguiente enlace para crear una nueva (válido por 1 hora):</p><p><a href=\'http://localhost/PLATAFORMA_INTEGRADA/frontend/recuperar.html?token=33b397c45a96715b732bd0e88a9e2f93326dab27ce04b0c25f9602df3db022ff\'>http://localhost/PLATAFORMA_INTEGRADA/frontend/recuperar.html?token=33b397c45a96715b732bd0e88a9e2f93326dab27ce04b0c25f9602df3db022ff</a></p><p>Si no fuiste tú, ignora este correo.</p>', $isHtml = *uninitialized*) C:\wamp64\www\PLATAFORMA_INTEGRADA\backend\Autenticacion.php:342
[09-Apr-2026 17:43:35 America/Santo_Domingo] PHP   4. fputs($stream = resource(11) of type (stream), $data = 'QUIT\r\n') C:\wamp64\www\PLATAFORMA_INTEGRADA\backend\Mailer.php:67
[09-Apr-2026 18:30:13 America/Santo_Domingo] PHP Warning:  stream_socket_client(): SSL operation failed with code 1. OpenSSL Error messages:
error:0A00010B:SSL routines::wrong version number in C:\wamp64\www\PLATAFORMA_INTEGRADA\backend\Mailer.php on line 69
[09-Apr-2026 18:30:13 America/Santo_Domingo] PHP Stack trace:
[09-Apr-2026 18:30:13 America/Santo_Domingo] PHP   1. {main}() C:\wamp64\www\PLATAFORMA_INTEGRADA\backend\api\auth.php:0
[09-Apr-2026 18:30:13 America/Santo_Domingo] PHP   2. Autenticacion->solicitarRecuperacion($identificador = 'ahenriquezmarte@gmail.com') C:\wamp64\www\PLATAFORMA_INTEGRADA\backend\api\auth.php:112
[09-Apr-2026 18:30:13 America/Santo_Domingo] PHP   3. Mailer->enviar($to = 'ahenriquezmarte@gmail.com', $subject = 'Recuperacion de Contrasena - MAS QUE FIANZAS', $message = '<h3>Recuperación de Contraseña</h3><p>Hola admin,</p><p>Has solicitado restablecer tu contraseña. Haz clic en el siguiente enlace para crear una nueva (válido por 1 hora):</p><p><a href=\'http://localhost/PLATAFORMA_INTEGRADA/frontend/recuperar.html?token=62384bdf4f18362bc475aa42535ac88e910e0d083e567f9b1943ba070d527385\'>http://localhost/PLATAFORMA_INTEGRADA/frontend/recuperar.html?token=62384bdf4f18362bc475aa42535ac88e910e0d083e567f9b1943ba070d527385</a></p><p>Si no fuiste tú, ignora este correo.</p>', $isHtml = *uninitialized*) C:\wamp64\www\PLATAFORMA_INTEGRADA\backend\Autenticacion.php:342
[09-Apr-2026 18:30:13 America/Santo_Domingo] PHP   4. stream_socket_client($address = 'ssl://mail.masquefianzas.com:465', $error_code = 0, $error_message = '', $timeout = 10, $flags = 4, $context = resource(8) of type (stream-context)) C:\wamp64\www\PLATAFORMA_INTEGRADA\backend\Mailer.php:69
[09-Apr-2026 18:30:13 America/Santo_Domingo] PHP Warning:  stream_socket_client(): Failed to enable crypto in C:\wamp64\www\PLATAFORMA_INTEGRADA\backend\Mailer.php on line 69
[09-Apr-2026 18:30:13 America/Santo_Domingo] PHP Stack trace:
[09-Apr-2026 18:30:13 America/Santo_Domingo] PHP   1. {main}() C:\wamp64\www\PLATAFORMA_INTEGRADA\backend\api\auth.php:0
[09-Apr-2026 18:30:13 America/Santo_Domingo] PHP   2. Autenticacion->solicitarRecuperacion($identificador = 'ahenriquezmarte@gmail.com') C:\wamp64\www\PLATAFORMA_INTEGRADA\backend\api\auth.php:112
[09-Apr-2026 18:30:13 America/Santo_Domingo] PHP   3. Mailer->enviar($to = 'ahenriquezmarte@gmail.com', $subject = 'Recuperacion de Contrasena - MAS QUE FIANZAS', $message = '<h3>Recuperación de Contraseña</h3><p>Hola admin,</p><p>Has solicitado restablecer tu contraseña. Haz clic en el siguiente enlace para crear una nueva (válido por 1 hora):</p><p><a href=\'http://localhost/PLATAFORMA_INTEGRADA/frontend/recuperar.html?token=62384bdf4f18362bc475aa42535ac88e910e0d083e567f9b1943ba070d527385\'>http://localhost/PLATAFORMA_INTEGRADA/frontend/recuperar.html?token=62384bdf4f18362bc475aa42535ac88e910e0d083e567f9b1943ba070d527385</a></p><p>Si no fuiste tú, ignora este correo.</p>', $isHtml = *uninitialized*) C:\wamp64\www\PLATAFORMA_INTEGRADA\backend\Autenticacion.php:342
[09-Apr-2026 18:30:13 America/Santo_Domingo] PHP   4. stream_socket_client($address = 'ssl://mail.masquefianzas.com:465', $error_code = 0, $error_message = '', $timeout = 10, $flags = 4, $context = resource(8) of type (stream-context)) C:\wamp64\www\PLATAFORMA_INTEGRADA\backend\Mailer.php:69
[09-Apr-2026 18:30:13 America/Santo_Domingo] PHP Warning:  stream_socket_client(): Unable to connect to ssl://mail.masquefianzas.com:465 (Unknown error) in C:\wamp64\www\PLATAFORMA_INTEGRADA\backend\Mailer.php on line 69
[09-Apr-2026 18:30:13 America/Santo_Domingo] PHP Stack trace:
[09-Apr-2026 18:30:13 America/Santo_Domingo] PHP   1. {main}() C:\wamp64\www\PLATAFORMA_INTEGRADA\backend\api\auth.php:0
[09-Apr-2026 18:30:13 America/Santo_Domingo] PHP   2. Autenticacion->solicitarRecuperacion($identificador = 'ahenriquezmarte@gmail.com') C:\wamp64\www\PLATAFORMA_INTEGRADA\backend\api\auth.php:112
[09-Apr-2026 18:30:13 America/Santo_Domingo] PHP   3. Mailer->enviar($to = 'ahenriquezmarte@gmail.com', $subject = 'Recuperacion de Contrasena - MAS QUE FIANZAS', $message = '<h3>Recuperación de Contraseña</h3><p>Hola admin,</p><p>Has solicitado restablecer tu contraseña. Haz clic en el siguiente enlace para crear una nueva (válido por 1 hora):</p><p><a href=\'http://localhost/PLATAFORMA_INTEGRADA/frontend/recuperar.html?token=62384bdf4f18362bc475aa42535ac88e910e0d083e567f9b1943ba070d527385\'>http://localhost/PLATAFORMA_INTEGRADA/frontend/recuperar.html?token=62384bdf4f18362bc475aa42535ac88e910e0d083e567f9b1943ba070d527385</a></p><p>Si no fuiste tú, ignora este correo.</p>', $isHtml = *uninitialized*) C:\wamp64\www\PLATAFORMA_INTEGRADA\backend\Autenticacion.php:342
[09-Apr-2026 18:30:13 America/Santo_Domingo] PHP   4. stream_socket_client($address = 'ssl://mail.masquefianzas.com:465', $error_code = 0, $error_message = '', $timeout = 10, $flags = 4, $context = resource(8) of type (stream-context)) C:\wamp64\www\PLATAFORMA_INTEGRADA\backend\Mailer.php:69
[09-Apr-2026 18:30:13 America/Santo_Domingo] SMTP Mailer Error: No se pudo conectar al SMTP: 0 - 
[10-Apr-2026 13:47:55 America/Santo_Domingo] PHP Fatal error:  Uncaught mysqli_sql_exception: You have an error in your SQL syntax; check the manual that corresponds to your MySQL server version for the right syntax to use near 'IF NOT EXISTS foto_perfil VARCHAR(255) NULL' at line 1 in C:\wamp64\www\PLATAFORMA_INTEGRADA\backend\api\mi_perfil.php:27
Stack trace:
#0 C:\wamp64\www\PLATAFORMA_INTEGRADA\backend\api\mi_perfil.php(27): mysqli->query('ALTER TABLE usu...')
#1 {main}
  thrown in C:\wamp64\www\PLATAFORMA_INTEGRADA\backend\api\mi_perfil.php on line 27
[10-Apr-2026 13:48:33 America/Santo_Domingo] PHP Fatal error:  Uncaught mysqli_sql_exception: You have an error in your SQL syntax; check the manual that corresponds to your MySQL server version for the right syntax to use near 'IF NOT EXISTS foto_perfil VARCHAR(255) NULL' at line 1 in C:\wamp64\www\PLATAFORMA_INTEGRADA\backend\api\mi_perfil.php:27
Stack trace:
#0 C:\wamp64\www\PLATAFORMA_INTEGRADA\backend\api\mi_perfil.php(27): mysqli->query('ALTER TABLE usu...')
#1 {main}
  thrown in C:\wamp64\www\PLATAFORMA_INTEGRADA\backend\api\mi_perfil.php on line 27
[10-Apr-2026 13:53:32 America/Santo_Domingo] PHP Fatal error:  Uncaught mysqli_sql_exception: You have an error in your SQL syntax; check the manual that corresponds to your MySQL server version for the right syntax to use near 'IF NOT EXISTS foto_perfil VARCHAR(255) NULL' at line 1 in C:\wamp64\www\PLATAFORMA_INTEGRADA\backend\api\mi_perfil.php:27
Stack trace:
#0 C:\wamp64\www\PLATAFORMA_INTEGRADA\backend\api\mi_perfil.php(27): mysqli->query('ALTER TABLE usu...')
#1 {main}
  thrown in C:\wamp64\www\PLATAFORMA_INTEGRADA\backend\api\mi_perfil.php on line 27
[10-Apr-2026 13:54:02 America/Santo_Domingo] PHP Fatal error:  Uncaught mysqli_sql_exception: You have an error in your SQL syntax; check the manual that corresponds to your MySQL server version for the right syntax to use near 'IF NOT EXISTS foto_perfil VARCHAR(255) NULL' at line 1 in C:\wamp64\www\PLATAFORMA_INTEGRADA\backend\api\mi_perfil.php:27
Stack trace:
#0 C:\wamp64\www\PLATAFORMA_INTEGRADA\backend\api\mi_perfil.php(27): mysqli->query('ALTER TABLE usu...')
#1 {main}
  thrown in C:\wamp64\www\PLATAFORMA_INTEGRADA\backend\api\mi_perfil.php on line 27
[14-Apr-2026 10:56:30 America/Santo_Domingo] PHP Notice:  session_start(): Ignoring session_start() because a session is already active (started from C:\wamp64\www\PLATAFORMA_INTEGRADA\backend\api\actividad.php on line 19) in C:\wamp64\www\PLATAFORMA_INTEGRADA\backend\Autenticacion.php on line 14
[14-Apr-2026 10:56:30 America/Santo_Domingo] PHP Stack trace:
[14-Apr-2026 10:56:30 America/Santo_Domingo] PHP   1. {main}() C:\wamp64\www\PLATAFORMA_INTEGRADA\backend\api\actividad.php:0
[14-Apr-2026 10:56:30 America/Santo_Domingo] PHP   2. Autenticacion->__construct() C:\wamp64\www\PLATAFORMA_INTEGRADA\backend\api\actividad.php:21
[14-Apr-2026 10:56:30 America/Santo_Domingo] PHP   3. session_start() C:\wamp64\www\PLATAFORMA_INTEGRADA\backend\Autenticacion.php:14
[14-Apr-2026 10:59:35 America/Santo_Domingo] PHP Notice:  session_start(): Ignoring session_start() because a session is already active (started from C:\wamp64\www\PLATAFORMA_INTEGRADA\backend\api\actividad.php on line 19) in C:\wamp64\www\PLATAFORMA_INTEGRADA\backend\Autenticacion.php on line 14
[14-Apr-2026 10:59:35 America/Santo_Domingo] PHP Stack trace:
[14-Apr-2026 10:59:35 America/Santo_Domingo] PHP   1. {main}() C:\wamp64\www\PLATAFORMA_INTEGRADA\backend\api\actividad.php:0
[14-Apr-2026 10:59:35 America/Santo_Domingo] PHP   2. Autenticacion->__construct() C:\wamp64\www\PLATAFORMA_INTEGRADA\backend\api\actividad.php:21
[14-Apr-2026 10:59:35 America/Santo_Domingo] PHP   3. session_start() C:\wamp64\www\PLATAFORMA_INTEGRADA\backend\Autenticacion.php:14
[14-Apr-2026 14:25:38 America/Santo_Domingo] PHP Notice:  session_start(): Ignoring session_start() because a session is already active (started from C:\wamp64\www\PLATAFORMA_INTEGRADA\backend\api\actividad.php on line 19) in C:\wamp64\www\PLATAFORMA_INTEGRADA\backend\Autenticacion.php on line 14
[14-Apr-2026 14:25:38 America/Santo_Domingo] PHP Stack trace:
[14-Apr-2026 14:25:38 America/Santo_Domingo] PHP   1. {main}() C:\wamp64\www\PLATAFORMA_INTEGRADA\backend\api\actividad.php:0
[14-Apr-2026 14:25:38 America/Santo_Domingo] PHP   2. Autenticacion->__construct() C:\wamp64\www\PLATAFORMA_INTEGRADA\backend\api\actividad.php:21
[14-Apr-2026 14:25:38 America/Santo_Domingo] PHP   3. session_start() C:\wamp64\www\PLATAFORMA_INTEGRADA\backend\Autenticacion.php:14
[14-Apr-2026 14:26:45 America/Santo_Domingo] PHP Notice:  session_start(): Ignoring session_start() because a session is already active (started from C:\wamp64\www\PLATAFORMA_INTEGRADA\backend\api\actividad.php on line 19) in C:\wamp64\www\PLATAFORMA_INTEGRADA\backend\Autenticacion.php on line 14
[14-Apr-2026 14:26:45 America/Santo_Domingo] PHP Stack trace:
[14-Apr-2026 14:26:45 America/Santo_Domingo] PHP   1. {main}() C:\wamp64\www\PLATAFORMA_INTEGRADA\backend\api\actividad.php:0
[14-Apr-2026 14:26:45 America/Santo_Domingo] PHP   2. Autenticacion->__construct() C:\wamp64\www\PLATAFORMA_INTEGRADA\backend\api\actividad.php:21
[14-Apr-2026 14:26:45 America/Santo_Domingo] PHP   3. session_start() C:\wamp64\www\PLATAFORMA_INTEGRADA\backend\Autenticacion.php:14
[14-Apr-2026 20:51:55 America/Santo_Domingo] PHP Notice:  session_start(): Ignoring session_start() because a session is already active (started from C:\wamp64\www\PLATAFORMA_INTEGRADA\backend\api\actividad.php on line 19) in C:\wamp64\www\PLATAFORMA_INTEGRADA\backend\Autenticacion.php on line 14
[14-Apr-2026 20:51:55 America/Santo_Domingo] PHP Stack trace:
[14-Apr-2026 20:51:55 America/Santo_Domingo] PHP   1. {main}() C:\wamp64\www\PLATAFORMA_INTEGRADA\backend\api\actividad.php:0
[14-Apr-2026 20:51:55 America/Santo_Domingo] PHP   2. Autenticacion->__construct() C:\wamp64\www\PLATAFORMA_INTEGRADA\backend\api\actividad.php:21
[14-Apr-2026 20:51:55 America/Santo_Domingo] PHP   3. session_start() C:\wamp64\www\PLATAFORMA_INTEGRADA\backend\Autenticacion.php:14
[14-Apr-2026 20:52:51 America/Santo_Domingo] PHP Notice:  session_start(): Ignoring session_start() because a session is already active (started from C:\wamp64\www\PLATAFORMA_INTEGRADA\backend\api\actividad.php on line 19) in C:\wamp64\www\PLATAFORMA_INTEGRADA\backend\Autenticacion.php on line 14
[14-Apr-2026 20:52:51 America/Santo_Domingo] PHP Stack trace:
[14-Apr-2026 20:52:51 America/Santo_Domingo] PHP   1. {main}() C:\wamp64\www\PLATAFORMA_INTEGRADA\backend\api\actividad.php:0
[14-Apr-2026 20:52:51 America/Santo_Domingo] PHP   2. Autenticacion->__construct() C:\wamp64\www\PLATAFORMA_INTEGRADA\backend\api\actividad.php:21
[14-Apr-2026 20:52:51 America/Santo_Domingo] PHP   3. session_start() C:\wamp64\www\PLATAFORMA_INTEGRADA\backend\Autenticacion.php:14
[14-Apr-2026 20:53:13 America/Santo_Domingo] PHP Notice:  session_start(): Ignoring session_start() because a session is already active (started from C:\wamp64\www\PLATAFORMA_INTEGRADA\backend\api\actividad.php on line 19) in C:\wamp64\www\PLATAFORMA_INTEGRADA\backend\Autenticacion.php on line 14
[14-Apr-2026 20:53:13 America/Santo_Domingo] PHP Stack trace:
[14-Apr-2026 20:53:13 America/Santo_Domingo] PHP   1. {main}() C:\wamp64\www\PLATAFORMA_INTEGRADA\backend\api\actividad.php:0
[14-Apr-2026 20:53:13 America/Santo_Domingo] PHP   2. Autenticacion->__construct() C:\wamp64\www\PLATAFORMA_INTEGRADA\backend\api\actividad.php:21
[14-Apr-2026 20:53:13 America/Santo_Domingo] PHP   3. session_start() C:\wamp64\www\PLATAFORMA_INTEGRADA\backend\Autenticacion.php:14
[14-Apr-2026 21:04:48 America/Santo_Domingo] PHP Notice:  session_start(): Ignoring session_start() because a session is already active (started from C:\wamp64\www\PLATAFORMA_INTEGRADA\backend\api\actividad.php on line 19) in C:\wamp64\www\PLATAFORMA_INTEGRADA\backend\Autenticacion.php on line 14
[14-Apr-2026 21:04:48 America/Santo_Domingo] PHP Stack trace:
[14-Apr-2026 21:04:48 America/Santo_Domingo] PHP   1. {main}() C:\wamp64\www\PLATAFORMA_INTEGRADA\backend\api\actividad.php:0
[14-Apr-2026 21:04:48 America/Santo_Domingo] PHP   2. Autenticacion->__construct() C:\wamp64\www\PLATAFORMA_INTEGRADA\backend\api\actividad.php:21
[14-Apr-2026 21:04:48 America/Santo_Domingo] PHP   3. session_start() C:\wamp64\www\PLATAFORMA_INTEGRADA\backend\Autenticacion.php:14
[14-Apr-2026 21:04:49 America/Santo_Domingo] PHP Notice:  session_start(): Ignoring session_start() because a session is already active (started from C:\wamp64\www\PLATAFORMA_INTEGRADA\backend\api\actividad.php on line 19) in C:\wamp64\www\PLATAFORMA_INTEGRADA\backend\Autenticacion.php on line 14
[14-Apr-2026 21:04:49 America/Santo_Domingo] PHP Stack trace:
[14-Apr-2026 21:04:49 America/Santo_Domingo] PHP   1. {main}() C:\wamp64\www\PLATAFORMA_INTEGRADA\backend\api\actividad.php:0
[14-Apr-2026 21:04:49 America/Santo_Domingo] PHP   2. Autenticacion->__construct() C:\wamp64\www\PLATAFORMA_INTEGRADA\backend\api\actividad.php:21
[14-Apr-2026 21:04:49 America/Santo_Domingo] PHP   3. session_start() C:\wamp64\www\PLATAFORMA_INTEGRADA\backend\Autenticacion.php:14
[14-Apr-2026 21:04:49 America/Santo_Domingo] PHP Notice:  session_start(): Ignoring session_start() because a session is already active (started from C:\wamp64\www\PLATAFORMA_INTEGRADA\backend\api\actividad.php on line 19) in C:\wamp64\www\PLATAFORMA_INTEGRADA\backend\Autenticacion.php on line 14
[14-Apr-2026 21:04:49 America/Santo_Domingo] PHP Stack trace:
[14-Apr-2026 21:04:49 America/Santo_Domingo] PHP   1. {main}() C:\wamp64\www\PLATAFORMA_INTEGRADA\backend\api\actividad.php:0
[14-Apr-2026 21:04:49 America/Santo_Domingo] PHP   2. Autenticacion->__construct() C:\wamp64\www\PLATAFORMA_INTEGRADA\backend\api\actividad.php:21
[14-Apr-2026 21:04:49 America/Santo_Domingo] PHP   3. session_start() C:\wamp64\www\PLATAFORMA_INTEGRADA\backend\Autenticacion.php:14
[14-Apr-2026 21:04:49 America/Santo_Domingo] PHP Notice:  session_start(): Ignoring session_start() because a session is already active (started from C:\wamp64\www\PLATAFORMA_INTEGRADA\backend\api\actividad.php on line 19) in C:\wamp64\www\PLATAFORMA_INTEGRADA\backend\Autenticacion.php on line 14
[14-Apr-2026 21:04:49 America/Santo_Domingo] PHP Stack trace:
[14-Apr-2026 21:04:49 America/Santo_Domingo] PHP   1. {main}() C:\wamp64\www\PLATAFORMA_INTEGRADA\backend\api\actividad.php:0
[14-Apr-2026 21:04:49 America/Santo_Domingo] PHP   2. Autenticacion->__construct() C:\wamp64\www\PLATAFORMA_INTEGRADA\backend\api\actividad.php:21
[14-Apr-2026 21:04:49 America/Santo_Domingo] PHP   3. session_start() C:\wamp64\www\PLATAFORMA_INTEGRADA\backend\Autenticacion.php:14
[14-Apr-2026 21:04:52 America/Santo_Domingo] PHP Notice:  session_start(): Ignoring session_start() because a session is already active (started from C:\wamp64\www\PLATAFORMA_INTEGRADA\backend\api\actividad.php on line 19) in C:\wamp64\www\PLATAFORMA_INTEGRADA\backend\Autenticacion.php on line 14
[14-Apr-2026 21:04:52 America/Santo_Domingo] PHP Stack trace:
[14-Apr-2026 21:04:52 America/Santo_Domingo] PHP   1. {main}() C:\wamp64\www\PLATAFORMA_INTEGRADA\backend\api\actividad.php:0
[14-Apr-2026 21:04:52 America/Santo_Domingo] PHP   2. Autenticacion->__construct() C:\wamp64\www\PLATAFORMA_INTEGRADA\backend\api\actividad.php:21
[14-Apr-2026 21:04:52 America/Santo_Domingo] PHP   3. session_start() C:\wamp64\www\PLATAFORMA_INTEGRADA\backend\Autenticacion.php:14
[14-Apr-2026 21:04:52 America/Santo_Domingo] PHP Notice:  session_start(): Ignoring session_start() because a session is already active (started from C:\wamp64\www\PLATAFORMA_INTEGRADA\backend\api\actividad.php on line 19) in C:\wamp64\www\PLATAFORMA_INTEGRADA\backend\Autenticacion.php on line 14
[14-Apr-2026 21:04:52 America/Santo_Domingo] PHP Stack trace:
[14-Apr-2026 21:04:52 America/Santo_Domingo] PHP   1. {main}() C:\wamp64\www\PLATAFORMA_INTEGRADA\backend\api\actividad.php:0
[14-Apr-2026 21:04:52 America/Santo_Domingo] PHP   2. Autenticacion->__construct() C:\wamp64\www\PLATAFORMA_INTEGRADA\backend\api\actividad.php:21
[14-Apr-2026 21:04:52 America/Santo_Domingo] PHP   3. session_start() C:\wamp64\www\PLATAFORMA_INTEGRADA\backend\Autenticacion.php:14
[14-Apr-2026 21:04:53 America/Santo_Domingo] PHP Notice:  session_start(): Ignoring session_start() because a session is already active (started from C:\wamp64\www\PLATAFORMA_INTEGRADA\backend\api\actividad.php on line 19) in C:\wamp64\www\PLATAFORMA_INTEGRADA\backend\Autenticacion.php on line 14
[14-Apr-2026 21:04:53 America/Santo_Domingo] PHP Stack trace:
[14-Apr-2026 21:04:53 America/Santo_Domingo] PHP   1. {main}() C:\wamp64\www\PLATAFORMA_INTEGRADA\backend\api\actividad.php:0
[14-Apr-2026 21:04:53 America/Santo_Domingo] PHP   2. Autenticacion->__construct() C:\wamp64\www\PLATAFORMA_INTEGRADA\backend\api\actividad.php:21
[14-Apr-2026 21:04:53 America/Santo_Domingo] PHP   3. session_start() C:\wamp64\www\PLATAFORMA_INTEGRADA\backend\Autenticacion.php:14
[14-Apr-2026 21:04:54 America/Santo_Domingo] PHP Notice:  session_start(): Ignoring session_start() because a session is already active (started from C:\wamp64\www\PLATAFORMA_INTEGRADA\backend\api\actividad.php on line 19) in C:\wamp64\www\PLATAFORMA_INTEGRADA\backend\Autenticacion.php on line 14
[14-Apr-2026 21:04:54 America/Santo_Domingo] PHP Stack trace:
[14-Apr-2026 21:04:54 America/Santo_Domingo] PHP   1. {main}() C:\wamp64\www\PLATAFORMA_INTEGRADA\backend\api\actividad.php:0
[14-Apr-2026 21:04:54 America/Santo_Domingo] PHP   2. Autenticacion->__construct() C:\wamp64\www\PLATAFORMA_INTEGRADA\backend\api\actividad.php:21
[14-Apr-2026 21:04:54 America/Santo_Domingo] PHP   3. session_start() C:\wamp64\www\PLATAFORMA_INTEGRADA\backend\Autenticacion.php:14
[14-Apr-2026 21:04:54 America/Santo_Domingo] PHP Notice:  session_start(): Ignoring session_start() because a session is already active (started from C:\wamp64\www\PLATAFORMA_INTEGRADA\backend\api\actividad.php on line 19) in C:\wamp64\www\PLATAFORMA_INTEGRADA\backend\Autenticacion.php on line 14
[14-Apr-2026 21:04:54 America/Santo_Domingo] PHP Stack trace:
[14-Apr-2026 21:04:54 America/Santo_Domingo] PHP   1. {main}() C:\wamp64\www\PLATAFORMA_INTEGRADA\backend\api\actividad.php:0
[14-Apr-2026 21:04:54 America/Santo_Domingo] PHP   2. Autenticacion->__construct() C:\wamp64\www\PLATAFORMA_INTEGRADA\backend\api\actividad.php:21
[14-Apr-2026 21:04:54 America/Santo_Domingo] PHP   3. session_start() C:\wamp64\www\PLATAFORMA_INTEGRADA\backend\Autenticacion.php:14
[14-Apr-2026 21:05:10 America/Santo_Domingo] PHP Notice:  session_start(): Ignoring session_start() because a session is already active (started from C:\wamp64\www\PLATAFORMA_INTEGRADA\backend\api\actividad.php on line 19) in C:\wamp64\www\PLATAFORMA_INTEGRADA\backend\Autenticacion.php on line 14
[14-Apr-2026 21:05:10 America/Santo_Domingo] PHP Stack trace:
[14-Apr-2026 21:05:10 America/Santo_Domingo] PHP   1. {main}() C:\wamp64\www\PLATAFORMA_INTEGRADA\backend\api\actividad.php:0
[14-Apr-2026 21:05:10 America/Santo_Domingo] PHP   2. Autenticacion->__construct() C:\wamp64\www\PLATAFORMA_INTEGRADA\backend\api\actividad.php:21
[14-Apr-2026 21:05:10 America/Santo_Domingo] PHP   3. session_start() C:\wamp64\www\PLATAFORMA_INTEGRADA\backend\Autenticacion.php:14
[14-Apr-2026 22:11:31 America/Santo_Domingo] PHP Notice:  session_start(): Ignoring session_start() because a session is already active (started from C:\wamp64\www\PLATAFORMA_INTEGRADA\backend\api\actividad.php on line 19) in C:\wamp64\www\PLATAFORMA_INTEGRADA\backend\Autenticacion.php on line 14
[14-Apr-2026 22:11:31 America/Santo_Domingo] PHP Stack trace:
[14-Apr-2026 22:11:31 America/Santo_Domingo] PHP   1. {main}() C:\wamp64\www\PLATAFORMA_INTEGRADA\backend\api\actividad.php:0
[14-Apr-2026 22:11:31 America/Santo_Domingo] PHP   2. Autenticacion->__construct() C:\wamp64\www\PLATAFORMA_INTEGRADA\backend\api\actividad.php:21
[14-Apr-2026 22:11:31 America/Santo_Domingo] PHP   3. session_start() C:\wamp64\www\PLATAFORMA_INTEGRADA\backend\Autenticacion.php:14
[14-Apr-2026 22:11:34 America/Santo_Domingo] PHP Notice:  session_start(): Ignoring session_start() because a session is already active (started from C:\wamp64\www\PLATAFORMA_INTEGRADA\backend\api\actividad.php on line 19) in C:\wamp64\www\PLATAFORMA_INTEGRADA\backend\Autenticacion.php on line 14
[14-Apr-2026 22:11:34 America/Santo_Domingo] PHP Stack trace:
[14-Apr-2026 22:11:34 America/Santo_Domingo] PHP   1. {main}() C:\wamp64\www\PLATAFORMA_INTEGRADA\backend\api\actividad.php:0
[14-Apr-2026 22:11:34 America/Santo_Domingo] PHP   2. Autenticacion->__construct() C:\wamp64\www\PLATAFORMA_INTEGRADA\backend\api\actividad.php:21
[14-Apr-2026 22:11:34 America/Santo_Domingo] PHP   3. session_start() C:\wamp64\www\PLATAFORMA_INTEGRADA\backend\Autenticacion.php:14
[14-Apr-2026 22:12:40 America/Santo_Domingo] PHP Notice:  session_start(): Ignoring session_start() because a session is already active (started from C:\wamp64\www\PLATAFORMA_INTEGRADA\backend\api\actividad.php on line 19) in C:\wamp64\www\PLATAFORMA_INTEGRADA\backend\Autenticacion.php on line 14
[14-Apr-2026 22:12:40 America/Santo_Domingo] PHP Stack trace:
[14-Apr-2026 22:12:40 America/Santo_Domingo] PHP   1. {main}() C:\wamp64\www\PLATAFORMA_INTEGRADA\backend\api\actividad.php:0
[14-Apr-2026 22:12:40 America/Santo_Domingo] PHP   2. Autenticacion->__construct() C:\wamp64\www\PLATAFORMA_INTEGRADA\backend\api\actividad.php:21
[14-Apr-2026 22:12:40 America/Santo_Domingo] PHP   3. session_start() C:\wamp64\www\PLATAFORMA_INTEGRADA\backend\Autenticacion.php:14
[14-Apr-2026 22:12:49 America/Santo_Domingo] PHP Notice:  session_start(): Ignoring session_start() because a session is already active (started from C:\wamp64\www\PLATAFORMA_INTEGRADA\backend\api\actividad.php on line 19) in C:\wamp64\www\PLATAFORMA_INTEGRADA\backend\Autenticacion.php on line 14
[14-Apr-2026 22:12:49 America/Santo_Domingo] PHP Stack trace:
[14-Apr-2026 22:12:49 America/Santo_Domingo] PHP   1. {main}() C:\wamp64\www\PLATAFORMA_INTEGRADA\backend\api\actividad.php:0
[14-Apr-2026 22:12:49 America/Santo_Domingo] PHP   2. Autenticacion->__construct() C:\wamp64\www\PLATAFORMA_INTEGRADA\backend\api\actividad.php:21
[14-Apr-2026 22:12:49 America/Santo_Domingo] PHP   3. session_start() C:\wamp64\www\PLATAFORMA_INTEGRADA\backend\Autenticacion.php:14
[14-Apr-2026 22:12:49 America/Santo_Domingo] PHP Notice:  session_start(): Ignoring session_start() because a session is already active (started from C:\wamp64\www\PLATAFORMA_INTEGRADA\backend\api\actividad.php on line 19) in C:\wamp64\www\PLATAFORMA_INTEGRADA\backend\Autenticacion.php on line 14
[14-Apr-2026 22:12:49 America/Santo_Domingo] PHP Stack trace:
[14-Apr-2026 22:12:49 America/Santo_Domingo] PHP   1. {main}() C:\wamp64\www\PLATAFORMA_INTEGRADA\backend\api\actividad.php:0
[14-Apr-2026 22:12:49 America/Santo_Domingo] PHP   2. Autenticacion->__construct() C:\wamp64\www\PLATAFORMA_INTEGRADA\backend\api\actividad.php:21
[14-Apr-2026 22:12:49 America/Santo_Domingo] PHP   3. session_start() C:\wamp64\www\PLATAFORMA_INTEGRADA\backend\Autenticacion.php:14
[14-Apr-2026 22:12:58 America/Santo_Domingo] PHP Notice:  session_start(): Ignoring session_start() because a session is already active (started from C:\wamp64\www\PLATAFORMA_INTEGRADA\backend\api\actividad.php on line 19) in C:\wamp64\www\PLATAFORMA_INTEGRADA\backend\Autenticacion.php on line 14
[14-Apr-2026 22:12:58 America/Santo_Domingo] PHP Stack trace:
[14-Apr-2026 22:12:58 America/Santo_Domingo] PHP   1. {main}() C:\wamp64\www\PLATAFORMA_INTEGRADA\backend\api\actividad.php:0
[14-Apr-2026 22:12:58 America/Santo_Domingo] PHP   2. Autenticacion->__construct() C:\wamp64\www\PLATAFORMA_INTEGRADA\backend\api\actividad.php:21
[14-Apr-2026 22:12:58 America/Santo_Domingo] PHP   3. session_start() C:\wamp64\www\PLATAFORMA_INTEGRADA\backend\Autenticacion.php:14
[14-Apr-2026 22:13:06 America/Santo_Domingo] PHP Notice:  session_start(): Ignoring session_start() because a session is already active (started from C:\wamp64\www\PLATAFORMA_INTEGRADA\backend\api\actividad.php on line 19) in C:\wamp64\www\PLATAFORMA_INTEGRADA\backend\Autenticacion.php on line 14
[14-Apr-2026 22:13:06 America/Santo_Domingo] PHP Stack trace:
[14-Apr-2026 22:13:06 America/Santo_Domingo] PHP   1. {main}() C:\wamp64\www\PLATAFORMA_INTEGRADA\backend\api\actividad.php:0
[14-Apr-2026 22:13:06 America/Santo_Domingo] PHP   2. Autenticacion->__construct() C:\wamp64\www\PLATAFORMA_INTEGRADA\backend\api\actividad.php:21
[14-Apr-2026 22:13:06 America/Santo_Domingo] PHP   3. session_start() C:\wamp64\www\PLATAFORMA_INTEGRADA\backend\Autenticacion.php:14
[14-Apr-2026 22:13:53 America/Santo_Domingo] PHP Notice:  session_start(): Ignoring session_start() because a session is already active (started from C:\wamp64\www\PLATAFORMA_INTEGRADA\backend\api\actividad.php on line 19) in C:\wamp64\www\PLATAFORMA_INTEGRADA\backend\Autenticacion.php on line 14
[14-Apr-2026 22:13:53 America/Santo_Domingo] PHP Stack trace:
[14-Apr-2026 22:13:53 America/Santo_Domingo] PHP   1. {main}() C:\wamp64\www\PLATAFORMA_INTEGRADA\backend\api\actividad.php:0
[14-Apr-2026 22:13:53 America/Santo_Domingo] PHP   2. Autenticacion->__construct() C:\wamp64\www\PLATAFORMA_INTEGRADA\backend\api\actividad.php:21
[14-Apr-2026 22:13:53 America/Santo_Domingo] PHP   3. session_start() C:\wamp64\www\PLATAFORMA_INTEGRADA\backend\Autenticacion.php:14
[14-Apr-2026 22:14:04 America/Santo_Domingo] PHP Notice:  session_start(): Ignoring session_start() because a session is already active (started from C:\wamp64\www\PLATAFORMA_INTEGRADA\backend\api\actividad.php on line 19) in C:\wamp64\www\PLATAFORMA_INTEGRADA\backend\Autenticacion.php on line 14
[14-Apr-2026 22:14:04 America/Santo_Domingo] PHP Stack trace:
[14-Apr-2026 22:14:04 America/Santo_Domingo] PHP   1. {main}() C:\wamp64\www\PLATAFORMA_INTEGRADA\backend\api\actividad.php:0
[14-Apr-2026 22:14:04 America/Santo_Domingo] PHP   2. Autenticacion->__construct() C:\wamp64\www\PLATAFORMA_INTEGRADA\backend\api\actividad.php:21
[14-Apr-2026 22:14:04 America/Santo_Domingo] PHP   3. session_start() C:\wamp64\www\PLATAFORMA_INTEGRADA\backend\Autenticacion.php:14
[14-Apr-2026 22:31:56 America/Santo_Domingo] PHP Notice:  session_start(): Ignoring session_start() because a session is already active (started from C:\wamp64\www\PLATAFORMA_INTEGRADA\backend\api\actividad.php on line 19) in C:\wamp64\www\PLATAFORMA_INTEGRADA\backend\Autenticacion.php on line 14
[14-Apr-2026 22:31:56 America/Santo_Domingo] PHP Stack trace:
[14-Apr-2026 22:31:56 America/Santo_Domingo] PHP   1. {main}() C:\wamp64\www\PLATAFORMA_INTEGRADA\backend\api\actividad.php:0
[14-Apr-2026 22:31:56 America/Santo_Domingo] PHP   2. Autenticacion->__construct() C:\wamp64\www\PLATAFORMA_INTEGRADA\backend\api\actividad.php:21
[14-Apr-2026 22:31:56 America/Santo_Domingo] PHP   3. session_start() C:\wamp64\www\PLATAFORMA_INTEGRADA\backend\Autenticacion.php:14
[14-Apr-2026 23:40:35 America/Santo_Domingo] PHP Notice:  session_start(): Ignoring session_start() because a session is already active (started from C:\wamp64\www\PLATAFORMA_INTEGRADA\backend\api\actividad.php on line 19) in C:\wamp64\www\PLATAFORMA_INTEGRADA\backend\Autenticacion.php on line 14
[14-Apr-2026 23:40:35 America/Santo_Domingo] PHP Stack trace:
[14-Apr-2026 23:40:35 America/Santo_Domingo] PHP   1. {main}() C:\wamp64\www\PLATAFORMA_INTEGRADA\backend\api\actividad.php:0
[14-Apr-2026 23:40:35 America/Santo_Domingo] PHP   2. Autenticacion->__construct() C:\wamp64\www\PLATAFORMA_INTEGRADA\backend\api\actividad.php:21
[14-Apr-2026 23:40:35 America/Santo_Domingo] PHP   3. session_start() C:\wamp64\www\PLATAFORMA_INTEGRADA\backend\Autenticacion.php:14
[14-Apr-2026 23:40:44 America/Santo_Domingo] PHP Notice:  session_start(): Ignoring session_start() because a session is already active (started from C:\wamp64\www\PLATAFORMA_INTEGRADA\backend\api\actividad.php on line 19) in C:\wamp64\www\PLATAFORMA_INTEGRADA\backend\Autenticacion.php on line 14
[14-Apr-2026 23:40:44 America/Santo_Domingo] PHP Stack trace:
[14-Apr-2026 23:40:44 America/Santo_Domingo] PHP   1. {main}() C:\wamp64\www\PLATAFORMA_INTEGRADA\backend\api\actividad.php:0
[14-Apr-2026 23:40:44 America/Santo_Domingo] PHP   2. Autenticacion->__construct() C:\wamp64\www\PLATAFORMA_INTEGRADA\backend\api\actividad.php:21
[14-Apr-2026 23:40:44 America/Santo_Domingo] PHP   3. session_start() C:\wamp64\www\PLATAFORMA_INTEGRADA\backend\Autenticacion.php:14
[14-Apr-2026 23:41:53 America/Santo_Domingo] PHP Notice:  session_start(): Ignoring session_start() because a session is already active (started from C:\wamp64\www\PLATAFORMA_INTEGRADA\backend\api\actividad.php on line 19) in C:\wamp64\www\PLATAFORMA_INTEGRADA\backend\Autenticacion.php on line 14
[14-Apr-2026 23:41:53 America/Santo_Domingo] PHP Stack trace:
[14-Apr-2026 23:41:53 America/Santo_Domingo] PHP   1. {main}() C:\wamp64\www\PLATAFORMA_INTEGRADA\backend\api\actividad.php:0
[14-Apr-2026 23:41:53 America/Santo_Domingo] PHP   2. Autenticacion->__construct() C:\wamp64\www\PLATAFORMA_INTEGRADA\backend\api\actividad.php:21
[14-Apr-2026 23:41:53 America/Santo_Domingo] PHP   3. session_start() C:\wamp64\www\PLATAFORMA_INTEGRADA\backend\Autenticacion.php:14
[14-Apr-2026 23:42:38 America/Santo_Domingo] PHP Notice:  session_start(): Ignoring session_start() because a session is already active (started from C:\wamp64\www\PLATAFORMA_INTEGRADA\backend\api\actividad.php on line 19) in C:\wamp64\www\PLATAFORMA_INTEGRADA\backend\Autenticacion.php on line 14
[14-Apr-2026 23:42:38 America/Santo_Domingo] PHP Stack trace:
[14-Apr-2026 23:42:38 America/Santo_Domingo] PHP   1. {main}() C:\wamp64\www\PLATAFORMA_INTEGRADA\backend\api\actividad.php:0
[14-Apr-2026 23:42:38 America/Santo_Domingo] PHP   2. Autenticacion->__construct() C:\wamp64\www\PLATAFORMA_INTEGRADA\backend\api\actividad.php:21
[14-Apr-2026 23:42:38 America/Santo_Domingo] PHP   3. session_start() C:\wamp64\www\PLATAFORMA_INTEGRADA\backend\Autenticacion.php:14
[14-Apr-2026 23:48:17 America/Santo_Domingo] PHP Notice:  session_start(): Ignoring session_start() because a session is already active (started from C:\wamp64\www\PLATAFORMA_INTEGRADA\backend\api\actividad.php on line 19) in C:\wamp64\www\PLATAFORMA_INTEGRADA\backend\Autenticacion.php on line 14
[14-Apr-2026 23:48:17 America/Santo_Domingo] PHP Stack trace:
[14-Apr-2026 23:48:17 America/Santo_Domingo] PHP   1. {main}() C:\wamp64\www\PLATAFORMA_INTEGRADA\backend\api\actividad.php:0
[14-Apr-2026 23:48:17 America/Santo_Domingo] PHP   2. Autenticacion->__construct() C:\wamp64\www\PLATAFORMA_INTEGRADA\backend\api\actividad.php:21
[14-Apr-2026 23:48:17 America/Santo_Domingo] PHP   3. session_start() C:\wamp64\www\PLATAFORMA_INTEGRADA\backend\Autenticacion.php:14
[14-Apr-2026 23:57:41 America/Santo_Domingo] PHP Notice:  session_start(): Ignoring session_start() because a session is already active (started from C:\wamp64\www\PLATAFORMA_INTEGRADA\backend\api\actividad.php on line 19) in C:\wamp64\www\PLATAFORMA_INTEGRADA\backend\Autenticacion.php on line 14
[14-Apr-2026 23:57:41 America/Santo_Domingo] PHP Stack trace:
[14-Apr-2026 23:57:41 America/Santo_Domingo] PHP   1. {main}() C:\wamp64\www\PLATAFORMA_INTEGRADA\backend\api\actividad.php:0
[14-Apr-2026 23:57:41 America/Santo_Domingo] PHP   2. Autenticacion->__construct() C:\wamp64\www\PLATAFORMA_INTEGRADA\backend\api\actividad.php:21
[14-Apr-2026 23:57:41 America/Santo_Domingo] PHP   3. session_start() C:\wamp64\www\PLATAFORMA_INTEGRADA\backend\Autenticacion.php:14
[14-Apr-2026 23:57:49 America/Santo_Domingo] PHP Notice:  session_start(): Ignoring session_start() because a session is already active (started from C:\wamp64\www\PLATAFORMA_INTEGRADA\backend\api\actividad.php on line 19) in C:\wamp64\www\PLATAFORMA_INTEGRADA\backend\Autenticacion.php on line 14
[14-Apr-2026 23:57:49 America/Santo_Domingo] PHP Stack trace:
[14-Apr-2026 23:57:49 America/Santo_Domingo] PHP   1. {main}() C:\wamp64\www\PLATAFORMA_INTEGRADA\backend\api\actividad.php:0
[14-Apr-2026 23:57:49 America/Santo_Domingo] PHP   2. Autenticacion->__construct() C:\wamp64\www\PLATAFORMA_INTEGRADA\backend\api\actividad.php:21
[14-Apr-2026 23:57:49 America/Santo_Domingo] PHP   3. session_start() C:\wamp64\www\PLATAFORMA_INTEGRADA\backend\Autenticacion.php:14
[14-Apr-2026 23:57:51 America/Santo_Domingo] PHP Notice:  session_start(): Ignoring session_start() because a session is already active (started from C:\wamp64\www\PLATAFORMA_INTEGRADA\backend\api\actividad.php on line 19) in C:\wamp64\www\PLATAFORMA_INTEGRADA\backend\Autenticacion.php on line 14
[14-Apr-2026 23:57:51 America/Santo_Domingo] PHP Stack trace:
[14-Apr-2026 23:57:51 America/Santo_Domingo] PHP   1. {main}() C:\wamp64\www\PLATAFORMA_INTEGRADA\backend\api\actividad.php:0
[14-Apr-2026 23:57:51 America/Santo_Domingo] PHP   2. Autenticacion->__construct() C:\wamp64\www\PLATAFORMA_INTEGRADA\backend\api\actividad.php:21
[14-Apr-2026 23:57:51 America/Santo_Domingo] PHP   3. session_start() C:\wamp64\www\PLATAFORMA_INTEGRADA\backend\Autenticacion.php:14
[14-Apr-2026 23:59:17 America/Santo_Domingo] PHP Notice:  session_start(): Ignoring session_start() because a session is already active (started from C:\wamp64\www\PLATAFORMA_INTEGRADA\backend\api\actividad.php on line 19) in C:\wamp64\www\PLATAFORMA_INTEGRADA\backend\Autenticacion.php on line 14
[14-Apr-2026 23:59:17 America/Santo_Domingo] PHP Stack trace:
[14-Apr-2026 23:59:17 America/Santo_Domingo] PHP   1. {main}() C:\wamp64\www\PLATAFORMA_INTEGRADA\backend\api\actividad.php:0
[14-Apr-2026 23:59:17 America/Santo_Domingo] PHP   2. Autenticacion->__construct() C:\wamp64\www\PLATAFORMA_INTEGRADA\backend\api\actividad.php:21
[14-Apr-2026 23:59:17 America/Santo_Domingo] PHP   3. session_start() C:\wamp64\www\PLATAFORMA_INTEGRADA\backend\Autenticacion.php:14
[14-Apr-2026 23:59:34 America/Santo_Domingo] PHP Notice:  session_start(): Ignoring session_start() because a session is already active (started from C:\wamp64\www\PLATAFORMA_INTEGRADA\backend\api\actividad.php on line 19) in C:\wamp64\www\PLATAFORMA_INTEGRADA\backend\Autenticacion.php on line 14
[14-Apr-2026 23:59:34 America/Santo_Domingo] PHP Stack trace:
[14-Apr-2026 23:59:34 America/Santo_Domingo] PHP   1. {main}() C:\wamp64\www\PLATAFORMA_INTEGRADA\backend\api\actividad.php:0
[14-Apr-2026 23:59:34 America/Santo_Domingo] PHP   2. Autenticacion->__construct() C:\wamp64\www\PLATAFORMA_INTEGRADA\backend\api\actividad.php:21
[14-Apr-2026 23:59:34 America/Santo_Domingo] PHP   3. session_start() C:\wamp64\www\PLATAFORMA_INTEGRADA\backend\Autenticacion.php:14
[14-Apr-2026 23:59:36 America/Santo_Domingo] PHP Notice:  session_start(): Ignoring session_start() because a session is already active (started from C:\wamp64\www\PLATAFORMA_INTEGRADA\backend\api\actividad.php on line 19) in C:\wamp64\www\PLATAFORMA_INTEGRADA\backend\Autenticacion.php on line 14
[14-Apr-2026 23:59:36 America/Santo_Domingo] PHP Stack trace:
[14-Apr-2026 23:59:37 America/Santo_Domingo] PHP   1. {main}() C:\wamp64\www\PLATAFORMA_INTEGRADA\backend\api\actividad.php:0
[14-Apr-2026 23:59:37 America/Santo_Domingo] PHP   2. Autenticacion->__construct() C:\wamp64\www\PLATAFORMA_INTEGRADA\backend\api\actividad.php:21
[14-Apr-2026 23:59:37 America/Santo_Domingo] PHP   3. session_start() C:\wamp64\www\PLATAFORMA_INTEGRADA\backend\Autenticacion.php:14
[15-Apr-2026 00:02:56 America/Santo_Domingo] PHP Notice:  session_start(): Ignoring session_start() because a session is already active (started from C:\wamp64\www\PLATAFORMA_INTEGRADA\backend\api\actividad.php on line 19) in C:\wamp64\www\PLATAFORMA_INTEGRADA\backend\Autenticacion.php on line 14
[15-Apr-2026 00:02:56 America/Santo_Domingo] PHP Stack trace:
[15-Apr-2026 00:02:56 America/Santo_Domingo] PHP   1. {main}() C:\wamp64\www\PLATAFORMA_INTEGRADA\backend\api\actividad.php:0
[15-Apr-2026 00:02:56 America/Santo_Domingo] PHP   2. Autenticacion->__construct() C:\wamp64\www\PLATAFORMA_INTEGRADA\backend\api\actividad.php:21
[15-Apr-2026 00:02:56 America/Santo_Domingo] PHP   3. session_start() C:\wamp64\www\PLATAFORMA_INTEGRADA\backend\Autenticacion.php:14
[15-Apr-2026 00:03:01 America/Santo_Domingo] PHP Notice:  session_start(): Ignoring session_start() because a session is already active (started from C:\wamp64\www\PLATAFORMA_INTEGRADA\backend\api\actividad.php on line 19) in C:\wamp64\www\PLATAFORMA_INTEGRADA\backend\Autenticacion.php on line 14
[15-Apr-2026 00:03:01 America/Santo_Domingo] PHP Stack trace:
[15-Apr-2026 00:03:01 America/Santo_Domingo] PHP   1. {main}() C:\wamp64\www\PLATAFORMA_INTEGRADA\backend\api\actividad.php:0
[15-Apr-2026 00:03:01 America/Santo_Domingo] PHP   2. Autenticacion->__construct() C:\wamp64\www\PLATAFORMA_INTEGRADA\backend\api\actividad.php:21
[15-Apr-2026 00:03:01 America/Santo_Domingo] PHP   3. session_start() C:\wamp64\www\PLATAFORMA_INTEGRADA\backend\Autenticacion.php:14
[15-Apr-2026 00:05:03 America/Santo_Domingo] PHP Notice:  session_start(): Ignoring session_start() because a session is already active (started from C:\wamp64\www\PLATAFORMA_INTEGRADA\backend\api\actividad.php on line 19) in C:\wamp64\www\PLATAFORMA_INTEGRADA\backend\Autenticacion.php on line 14
[15-Apr-2026 00:05:03 America/Santo_Domingo] PHP Stack trace:
[15-Apr-2026 00:05:03 America/Santo_Domingo] PHP   1. {main}() C:\wamp64\www\PLATAFORMA_INTEGRADA\backend\api\actividad.php:0
[15-Apr-2026 00:05:03 America/Santo_Domingo] PHP   2. Autenticacion->__construct() C:\wamp64\www\PLATAFORMA_INTEGRADA\backend\api\actividad.php:21
[15-Apr-2026 00:05:03 America/Santo_Domingo] PHP   3. session_start() C:\wamp64\www\PLATAFORMA_INTEGRADA\backend\Autenticacion.php:14
[15-Apr-2026 00:06:35 America/Santo_Domingo] PHP Notice:  session_start(): Ignoring session_start() because a session is already active (started from C:\wamp64\www\PLATAFORMA_INTEGRADA\backend\api\actividad.php on line 19) in C:\wamp64\www\PLATAFORMA_INTEGRADA\backend\Autenticacion.php on line 14
[15-Apr-2026 00:06:35 America/Santo_Domingo] PHP Stack trace:
[15-Apr-2026 00:06:35 America/Santo_Domingo] PHP   1. {main}() C:\wamp64\www\PLATAFORMA_INTEGRADA\backend\api\actividad.php:0
[15-Apr-2026 00:06:35 America/Santo_Domingo] PHP   2. Autenticacion->__construct() C:\wamp64\www\PLATAFORMA_INTEGRADA\backend\api\actividad.php:21
[15-Apr-2026 00:06:35 America/Santo_Domingo] PHP   3. session_start() C:\wamp64\www\PLATAFORMA_INTEGRADA\backend\Autenticacion.php:14
[15-Apr-2026 00:06:36 America/Santo_Domingo] PHP Notice:  session_start(): Ignoring session_start() because a session is already active (started from C:\wamp64\www\PLATAFORMA_INTEGRADA\backend\api\actividad.php on line 19) in C:\wamp64\www\PLATAFORMA_INTEGRADA\backend\Autenticacion.php on line 14
[15-Apr-2026 00:06:36 America/Santo_Domingo] PHP Stack trace:
[15-Apr-2026 00:06:36 America/Santo_Domingo] PHP   1. {main}() C:\wamp64\www\PLATAFORMA_INTEGRADA\backend\api\actividad.php:0
[15-Apr-2026 00:06:36 America/Santo_Domingo] PHP   2. Autenticacion->__construct() C:\wamp64\www\PLATAFORMA_INTEGRADA\backend\api\actividad.php:21
[15-Apr-2026 00:06:36 America/Santo_Domingo] PHP   3. session_start() C:\wamp64\www\PLATAFORMA_INTEGRADA\backend\Autenticacion.php:14
[15-Apr-2026 00:11:09 America/Santo_Domingo] PHP Notice:  session_start(): Ignoring session_start() because a session is already active (started from C:\wamp64\www\PLATAFORMA_INTEGRADA\backend\api\actividad.php on line 19) in C:\wamp64\www\PLATAFORMA_INTEGRADA\backend\Autenticacion.php on line 14
[15-Apr-2026 00:11:09 America/Santo_Domingo] PHP Stack trace:
[15-Apr-2026 00:11:09 America/Santo_Domingo] PHP   1. {main}() C:\wamp64\www\PLATAFORMA_INTEGRADA\backend\api\actividad.php:0
[15-Apr-2026 00:11:09 America/Santo_Domingo] PHP   2. Autenticacion->__construct() C:\wamp64\www\PLATAFORMA_INTEGRADA\backend\api\actividad.php:21
[15-Apr-2026 00:11:09 America/Santo_Domingo] PHP   3. session_start() C:\wamp64\www\PLATAFORMA_INTEGRADA\backend\Autenticacion.php:14
[15-Apr-2026 00:11:10 America/Santo_Domingo] PHP Notice:  session_start(): Ignoring session_start() because a session is already active (started from C:\wamp64\www\PLATAFORMA_INTEGRADA\backend\api\actividad.php on line 19) in C:\wamp64\www\PLATAFORMA_INTEGRADA\backend\Autenticacion.php on line 14
[15-Apr-2026 00:11:10 America/Santo_Domingo] PHP Stack trace:
[15-Apr-2026 00:11:10 America/Santo_Domingo] PHP   1. {main}() C:\wamp64\www\PLATAFORMA_INTEGRADA\backend\api\actividad.php:0
[15-Apr-2026 00:11:10 America/Santo_Domingo] PHP   2. Autenticacion->__construct() C:\wamp64\www\PLATAFORMA_INTEGRADA\backend\api\actividad.php:21
[15-Apr-2026 00:11:10 America/Santo_Domingo] PHP   3. session_start() C:\wamp64\www\PLATAFORMA_INTEGRADA\backend\Autenticacion.php:14
[15-Apr-2026 00:15:48 America/Santo_Domingo] PHP Notice:  session_start(): Ignoring session_start() because a session is already active (started from C:\wamp64\www\PLATAFORMA_INTEGRADA\backend\api\actividad.php on line 19) in C:\wamp64\www\PLATAFORMA_INTEGRADA\backend\Autenticacion.php on line 14
[15-Apr-2026 00:15:48 America/Santo_Domingo] PHP Stack trace:
[15-Apr-2026 00:15:48 America/Santo_Domingo] PHP   1. {main}() C:\wamp64\www\PLATAFORMA_INTEGRADA\backend\api\actividad.php:0
[15-Apr-2026 00:15:48 America/Santo_Domingo] PHP   2. Autenticacion->__construct() C:\wamp64\www\PLATAFORMA_INTEGRADA\backend\api\actividad.php:21
[15-Apr-2026 00:15:48 America/Santo_Domingo] PHP   3. session_start() C:\wamp64\www\PLATAFORMA_INTEGRADA\backend\Autenticacion.php:14
[15-Apr-2026 00:15:50 America/Santo_Domingo] PHP Notice:  session_start(): Ignoring session_start() because a session is already active (started from C:\wamp64\www\PLATAFORMA_INTEGRADA\backend\api\actividad.php on line 19) in C:\wamp64\www\PLATAFORMA_INTEGRADA\backend\Autenticacion.php on line 14
[15-Apr-2026 00:15:50 America/Santo_Domingo] PHP Stack trace:
[15-Apr-2026 00:15:50 America/Santo_Domingo] PHP   1. {main}() C:\wamp64\www\PLATAFORMA_INTEGRADA\backend\api\actividad.php:0
[15-Apr-2026 00:15:50 America/Santo_Domingo] PHP   2. Autenticacion->__construct() C:\wamp64\www\PLATAFORMA_INTEGRADA\backend\api\actividad.php:21
[15-Apr-2026 00:15:50 America/Santo_Domingo] PHP   3. session_start() C:\wamp64\www\PLATAFORMA_INTEGRADA\backend\Autenticacion.php:14
[15-Apr-2026 00:15:58 America/Santo_Domingo] PHP Notice:  session_start(): Ignoring session_start() because a session is already active (started from C:\wamp64\www\PLATAFORMA_INTEGRADA\backend\api\actividad.php on line 19) in C:\wamp64\www\PLATAFORMA_INTEGRADA\backend\Autenticacion.php on line 14
[15-Apr-2026 00:15:58 America/Santo_Domingo] PHP Stack trace:
[15-Apr-2026 00:15:58 America/Santo_Domingo] PHP   1. {main}() C:\wamp64\www\PLATAFORMA_INTEGRADA\backend\api\actividad.php:0
[15-Apr-2026 00:15:58 America/Santo_Domingo] PHP   2. Autenticacion->__construct() C:\wamp64\www\PLATAFORMA_INTEGRADA\backend\api\actividad.php:21
[15-Apr-2026 00:15:58 America/Santo_Domingo] PHP   3. session_start() C:\wamp64\www\PLATAFORMA_INTEGRADA\backend\Autenticacion.php:14
[15-Apr-2026 00:16:00 America/Santo_Domingo] PHP Notice:  session_start(): Ignoring session_start() because a session is already active (started from C:\wamp64\www\PLATAFORMA_INTEGRADA\backend\api\actividad.php on line 19) in C:\wamp64\www\PLATAFORMA_INTEGRADA\backend\Autenticacion.php on line 14
[15-Apr-2026 00:16:00 America/Santo_Domingo] PHP Stack trace:
[15-Apr-2026 00:16:00 America/Santo_Domingo] PHP   1. {main}() C:\wamp64\www\PLATAFORMA_INTEGRADA\backend\api\actividad.php:0
[15-Apr-2026 00:16:00 America/Santo_Domingo] PHP   2. Autenticacion->__construct() C:\wamp64\www\PLATAFORMA_INTEGRADA\backend\api\actividad.php:21
[15-Apr-2026 00:16:00 America/Santo_Domingo] PHP   3. session_start() C:\wamp64\www\PLATAFORMA_INTEGRADA\backend\Autenticacion.php:14
[15-Apr-2026 00:16:28 America/Santo_Domingo] PHP Notice:  session_start(): Ignoring session_start() because a session is already active (started from C:\wamp64\www\PLATAFORMA_INTEGRADA\backend\api\actividad.php on line 19) in C:\wamp64\www\PLATAFORMA_INTEGRADA\backend\Autenticacion.php on line 14
[15-Apr-2026 00:16:28 America/Santo_Domingo] PHP Stack trace:
[15-Apr-2026 00:16:28 America/Santo_Domingo] PHP   1. {main}() C:\wamp64\www\PLATAFORMA_INTEGRADA\backend\api\actividad.php:0
[15-Apr-2026 00:16:28 America/Santo_Domingo] PHP   2. Autenticacion->__construct() C:\wamp64\www\PLATAFORMA_INTEGRADA\backend\api\actividad.php:21
[15-Apr-2026 00:16:28 America/Santo_Domingo] PHP   3. session_start() C:\wamp64\www\PLATAFORMA_INTEGRADA\backend\Autenticacion.php:14
[15-Apr-2026 00:16:29 America/Santo_Domingo] PHP Notice:  session_start(): Ignoring session_start() because a session is already active (started from C:\wamp64\www\PLATAFORMA_INTEGRADA\backend\api\actividad.php on line 19) in C:\wamp64\www\PLATAFORMA_INTEGRADA\backend\Autenticacion.php on line 14
[15-Apr-2026 00:16:29 America/Santo_Domingo] PHP Stack trace:
[15-Apr-2026 00:16:29 America/Santo_Domingo] PHP   1. {main}() C:\wamp64\www\PLATAFORMA_INTEGRADA\backend\api\actividad.php:0
[15-Apr-2026 00:16:29 America/Santo_Domingo] PHP   2. Autenticacion->__construct() C:\wamp64\www\PLATAFORMA_INTEGRADA\backend\api\actividad.php:21
[15-Apr-2026 00:16:29 America/Santo_Domingo] PHP   3. session_start() C:\wamp64\www\PLATAFORMA_INTEGRADA\backend\Autenticacion.php:14
[15-Apr-2026 00:19:12 America/Santo_Domingo] PHP Notice:  session_start(): Ignoring session_start() because a session is already active (started from C:\wamp64\www\PLATAFORMA_INTEGRADA\backend\api\actividad.php on line 19) in C:\wamp64\www\PLATAFORMA_INTEGRADA\backend\Autenticacion.php on line 14
[15-Apr-2026 00:19:12 America/Santo_Domingo] PHP Stack trace:
[15-Apr-2026 00:19:12 America/Santo_Domingo] PHP   1. {main}() C:\wamp64\www\PLATAFORMA_INTEGRADA\backend\api\actividad.php:0
[15-Apr-2026 00:19:12 America/Santo_Domingo] PHP   2. Autenticacion->__construct() C:\wamp64\www\PLATAFORMA_INTEGRADA\backend\api\actividad.php:21
[15-Apr-2026 00:19:12 America/Santo_Domingo] PHP   3. session_start() C:\wamp64\www\PLATAFORMA_INTEGRADA\backend\Autenticacion.php:14
[15-Apr-2026 00:19:14 America/Santo_Domingo] PHP Notice:  session_start(): Ignoring session_start() because a session is already active (started from C:\wamp64\www\PLATAFORMA_INTEGRADA\backend\api\actividad.php on line 19) in C:\wamp64\www\PLATAFORMA_INTEGRADA\backend\Autenticacion.php on line 14
[15-Apr-2026 00:19:14 America/Santo_Domingo] PHP Stack trace:
[15-Apr-2026 00:19:14 America/Santo_Domingo] PHP   1. {main}() C:\wamp64\www\PLATAFORMA_INTEGRADA\backend\api\actividad.php:0
[15-Apr-2026 00:19:14 America/Santo_Domingo] PHP   2. Autenticacion->__construct() C:\wamp64\www\PLATAFORMA_INTEGRADA\backend\api\actividad.php:21
[15-Apr-2026 00:19:14 America/Santo_Domingo] PHP   3. session_start() C:\wamp64\www\PLATAFORMA_INTEGRADA\backend\Autenticacion.php:14
[15-Apr-2026 00:19:24 America/Santo_Domingo] PHP Notice:  session_start(): Ignoring session_start() because a session is already active (started from C:\wamp64\www\PLATAFORMA_INTEGRADA\backend\api\actividad.php on line 19) in C:\wamp64\www\PLATAFORMA_INTEGRADA\backend\Autenticacion.php on line 14
[15-Apr-2026 00:19:24 America/Santo_Domingo] PHP Stack trace:
[15-Apr-2026 00:19:24 America/Santo_Domingo] PHP   1. {main}() C:\wamp64\www\PLATAFORMA_INTEGRADA\backend\api\actividad.php:0
[15-Apr-2026 00:19:24 America/Santo_Domingo] PHP   2. Autenticacion->__construct() C:\wamp64\www\PLATAFORMA_INTEGRADA\backend\api\actividad.php:21
[15-Apr-2026 00:19:24 America/Santo_Domingo] PHP   3. session_start() C:\wamp64\www\PLATAFORMA_INTEGRADA\backend\Autenticacion.php:14
[15-Apr-2026 00:19:25 America/Santo_Domingo] PHP Notice:  session_start(): Ignoring session_start() because a session is already active (started from C:\wamp64\www\PLATAFORMA_INTEGRADA\backend\api\actividad.php on line 19) in C:\wamp64\www\PLATAFORMA_INTEGRADA\backend\Autenticacion.php on line 14
[15-Apr-2026 00:19:25 America/Santo_Domingo] PHP Stack trace:
[15-Apr-2026 00:19:25 America/Santo_Domingo] PHP   1. {main}() C:\wamp64\www\PLATAFORMA_INTEGRADA\backend\api\actividad.php:0
[15-Apr-2026 00:19:25 America/Santo_Domingo] PHP   2. Autenticacion->__construct() C:\wamp64\www\PLATAFORMA_INTEGRADA\backend\api\actividad.php:21
[15-Apr-2026 00:19:25 America/Santo_Domingo] PHP   3. session_start() C:\wamp64\www\PLATAFORMA_INTEGRADA\backend\Autenticacion.php:14
[15-Apr-2026 00:23:18 America/Santo_Domingo] PHP Notice:  session_start(): Ignoring session_start() because a session is already active (started from C:\wamp64\www\PLATAFORMA_INTEGRADA\backend\api\actividad.php on line 19) in C:\wamp64\www\PLATAFORMA_INTEGRADA\backend\Autenticacion.php on line 14
[15-Apr-2026 00:23:18 America/Santo_Domingo] PHP Stack trace:
[15-Apr-2026 00:23:18 America/Santo_Domingo] PHP   1. {main}() C:\wamp64\www\PLATAFORMA_INTEGRADA\backend\api\actividad.php:0
[15-Apr-2026 00:23:18 America/Santo_Domingo] PHP   2. Autenticacion->__construct() C:\wamp64\www\PLATAFORMA_INTEGRADA\backend\api\actividad.php:21
[15-Apr-2026 00:23:18 America/Santo_Domingo] PHP   3. session_start() C:\wamp64\www\PLATAFORMA_INTEGRADA\backend\Autenticacion.php:14
[15-Apr-2026 00:23:19 America/Santo_Domingo] PHP Notice:  session_start(): Ignoring session_start() because a session is already active (started from C:\wamp64\www\PLATAFORMA_INTEGRADA\backend\api\actividad.php on line 19) in C:\wamp64\www\PLATAFORMA_INTEGRADA\backend\Autenticacion.php on line 14
[15-Apr-2026 00:23:19 America/Santo_Domingo] PHP Stack trace:
[15-Apr-2026 00:23:19 America/Santo_Domingo] PHP   1. {main}() C:\wamp64\www\PLATAFORMA_INTEGRADA\backend\api\actividad.php:0
[15-Apr-2026 00:23:19 America/Santo_Domingo] PHP   2. Autenticacion->__construct() C:\wamp64\www\PLATAFORMA_INTEGRADA\backend\api\actividad.php:21
[15-Apr-2026 00:23:19 America/Santo_Domingo] PHP   3. session_start() C:\wamp64\www\PLATAFORMA_INTEGRADA\backend\Autenticacion.php:14
[15-Apr-2026 00:25:50 America/Santo_Domingo] PHP Notice:  session_start(): Ignoring session_start() because a session is already active (started from C:\wamp64\www\PLATAFORMA_INTEGRADA\backend\api\actividad.php on line 19) in C:\wamp64\www\PLATAFORMA_INTEGRADA\backend\Autenticacion.php on line 14
[15-Apr-2026 00:25:50 America/Santo_Domingo] PHP Stack trace:
[15-Apr-2026 00:25:50 America/Santo_Domingo] PHP   1. {main}() C:\wamp64\www\PLATAFORMA_INTEGRADA\backend\api\actividad.php:0
[15-Apr-2026 00:25:50 America/Santo_Domingo] PHP   2. Autenticacion->__construct() C:\wamp64\www\PLATAFORMA_INTEGRADA\backend\api\actividad.php:21
[15-Apr-2026 00:25:50 America/Santo_Domingo] PHP   3. session_start() C:\wamp64\www\PLATAFORMA_INTEGRADA\backend\Autenticacion.php:14
[15-Apr-2026 00:25:51 America/Santo_Domingo] PHP Notice:  session_start(): Ignoring session_start() because a session is already active (started from C:\wamp64\www\PLATAFORMA_INTEGRADA\backend\api\actividad.php on line 19) in C:\wamp64\www\PLATAFORMA_INTEGRADA\backend\Autenticacion.php on line 14
[15-Apr-2026 00:25:51 America/Santo_Domingo] PHP Stack trace:
[15-Apr-2026 00:25:51 America/Santo_Domingo] PHP   1. {main}() C:\wamp64\www\PLATAFORMA_INTEGRADA\backend\api\actividad.php:0
[15-Apr-2026 00:25:51 America/Santo_Domingo] PHP   2. Autenticacion->__construct() C:\wamp64\www\PLATAFORMA_INTEGRADA\backend\api\actividad.php:21
[15-Apr-2026 00:25:51 America/Santo_Domingo] PHP   3. session_start() C:\wamp64\www\PLATAFORMA_INTEGRADA\backend\Autenticacion.php:14
[15-Apr-2026 00:30:53 America/Santo_Domingo] PHP Notice:  session_start(): Ignoring session_start() because a session is already active (started from C:\wamp64\www\PLATAFORMA_INTEGRADA\backend\api\actividad.php on line 19) in C:\wamp64\www\PLATAFORMA_INTEGRADA\backend\Autenticacion.php on line 14
[15-Apr-2026 00:30:53 America/Santo_Domingo] PHP Stack trace:
[15-Apr-2026 00:30:53 America/Santo_Domingo] PHP   1. {main}() C:\wamp64\www\PLATAFORMA_INTEGRADA\backend\api\actividad.php:0
[15-Apr-2026 00:30:53 America/Santo_Domingo] PHP   2. Autenticacion->__construct() C:\wamp64\www\PLATAFORMA_INTEGRADA\backend\api\actividad.php:21
[15-Apr-2026 00:30:53 America/Santo_Domingo] PHP   3. session_start() C:\wamp64\www\PLATAFORMA_INTEGRADA\backend\Autenticacion.php:14
[15-Apr-2026 00:30:54 America/Santo_Domingo] PHP Notice:  session_start(): Ignoring session_start() because a session is already active (started from C:\wamp64\www\PLATAFORMA_INTEGRADA\backend\api\actividad.php on line 19) in C:\wamp64\www\PLATAFORMA_INTEGRADA\backend\Autenticacion.php on line 14
[15-Apr-2026 00:30:54 America/Santo_Domingo] PHP Stack trace:
[15-Apr-2026 00:30:54 America/Santo_Domingo] PHP   1. {main}() C:\wamp64\www\PLATAFORMA_INTEGRADA\backend\api\actividad.php:0
[15-Apr-2026 00:30:54 America/Santo_Domingo] PHP   2. Autenticacion->__construct() C:\wamp64\www\PLATAFORMA_INTEGRADA\backend\api\actividad.php:21
[15-Apr-2026 00:30:54 America/Santo_Domingo] PHP   3. session_start() C:\wamp64\www\PLATAFORMA_INTEGRADA\backend\Autenticacion.php:14
[15-Apr-2026 00:32:18 America/Santo_Domingo] PHP Notice:  session_start(): Ignoring session_start() because a session is already active (started from C:\wamp64\www\PLATAFORMA_INTEGRADA\backend\api\actividad.php on line 19) in C:\wamp64\www\PLATAFORMA_INTEGRADA\backend\Autenticacion.php on line 14
[15-Apr-2026 00:32:18 America/Santo_Domingo] PHP Stack trace:
[15-Apr-2026 00:32:18 America/Santo_Domingo] PHP   1. {main}() C:\wamp64\www\PLATAFORMA_INTEGRADA\backend\api\actividad.php:0
[15-Apr-2026 00:32:18 America/Santo_Domingo] PHP   2. Autenticacion->__construct() C:\wamp64\www\PLATAFORMA_INTEGRADA\backend\api\actividad.php:21
[15-Apr-2026 00:32:18 America/Santo_Domingo] PHP   3. session_start() C:\wamp64\www\PLATAFORMA_INTEGRADA\backend\Autenticacion.php:14
[15-Apr-2026 00:34:26 America/Santo_Domingo] PHP Notice:  session_start(): Ignoring session_start() because a session is already active (started from C:\wamp64\www\PLATAFORMA_INTEGRADA\backend\api\actividad.php on line 19) in C:\wamp64\www\PLATAFORMA_INTEGRADA\backend\Autenticacion.php on line 14
[15-Apr-2026 00:34:26 America/Santo_Domingo] PHP Stack trace:
[15-Apr-2026 00:34:26 America/Santo_Domingo] PHP   1. {main}() C:\wamp64\www\PLATAFORMA_INTEGRADA\backend\api\actividad.php:0
[15-Apr-2026 00:34:26 America/Santo_Domingo] PHP   2. Autenticacion->__construct() C:\wamp64\www\PLATAFORMA_INTEGRADA\backend\api\actividad.php:21
[15-Apr-2026 00:34:26 America/Santo_Domingo] PHP   3. session_start() C:\wamp64\www\PLATAFORMA_INTEGRADA\backend\Autenticacion.php:14
[15-Apr-2026 00:34:28 America/Santo_Domingo] PHP Notice:  session_start(): Ignoring session_start() because a session is already active (started from C:\wamp64\www\PLATAFORMA_INTEGRADA\backend\api\actividad.php on line 19) in C:\wamp64\www\PLATAFORMA_INTEGRADA\backend\Autenticacion.php on line 14
[15-Apr-2026 00:34:28 America/Santo_Domingo] PHP Stack trace:
[15-Apr-2026 00:34:28 America/Santo_Domingo] PHP   1. {main}() C:\wamp64\www\PLATAFORMA_INTEGRADA\backend\api\actividad.php:0
[15-Apr-2026 00:34:28 America/Santo_Domingo] PHP   2. Autenticacion->__construct() C:\wamp64\www\PLATAFORMA_INTEGRADA\backend\api\actividad.php:21
[15-Apr-2026 00:34:28 America/Santo_Domingo] PHP   3. session_start() C:\wamp64\www\PLATAFORMA_INTEGRADA\backend\Autenticacion.php:14
[15-Apr-2026 00:34:29 America/Santo_Domingo] PHP Notice:  session_start(): Ignoring session_start() because a session is already active (started from C:\wamp64\www\PLATAFORMA_INTEGRADA\backend\api\actividad.php on line 19) in C:\wamp64\www\PLATAFORMA_INTEGRADA\backend\Autenticacion.php on line 14
[15-Apr-2026 00:34:29 America/Santo_Domingo] PHP Stack trace:
[15-Apr-2026 00:34:29 America/Santo_Domingo] PHP   1. {main}() C:\wamp64\www\PLATAFORMA_INTEGRADA\backend\api\actividad.php:0
[15-Apr-2026 00:34:29 America/Santo_Domingo] PHP   2. Autenticacion->__construct() C:\wamp64\www\PLATAFORMA_INTEGRADA\backend\api\actividad.php:21
[15-Apr-2026 00:34:29 America/Santo_Domingo] PHP   3. session_start() C:\wamp64\www\PLATAFORMA_INTEGRADA\backend\Autenticacion.php:14
[15-Apr-2026 00:36:35 America/Santo_Domingo] PHP Notice:  session_start(): Ignoring session_start() because a session is already active (started from C:\wamp64\www\PLATAFORMA_INTEGRADA\backend\api\actividad.php on line 19) in C:\wamp64\www\PLATAFORMA_INTEGRADA\backend\Autenticacion.php on line 14
[15-Apr-2026 00:36:35 America/Santo_Domingo] PHP Stack trace:
[15-Apr-2026 00:36:35 America/Santo_Domingo] PHP   1. {main}() C:\wamp64\www\PLATAFORMA_INTEGRADA\backend\api\actividad.php:0
[15-Apr-2026 00:36:35 America/Santo_Domingo] PHP   2. Autenticacion->__construct() C:\wamp64\www\PLATAFORMA_INTEGRADA\backend\api\actividad.php:21
[15-Apr-2026 00:36:35 America/Santo_Domingo] PHP   3. session_start() C:\wamp64\www\PLATAFORMA_INTEGRADA\backend\Autenticacion.php:14
[15-Apr-2026 00:36:45 America/Santo_Domingo] PHP Notice:  session_start(): Ignoring session_start() because a session is already active (started from C:\wamp64\www\PLATAFORMA_INTEGRADA\backend\api\actividad.php on line 19) in C:\wamp64\www\PLATAFORMA_INTEGRADA\backend\Autenticacion.php on line 14
[15-Apr-2026 00:36:45 America/Santo_Domingo] PHP Stack trace:
[15-Apr-2026 00:36:45 America/Santo_Domingo] PHP   1. {main}() C:\wamp64\www\PLATAFORMA_INTEGRADA\backend\api\actividad.php:0
[15-Apr-2026 00:36:45 America/Santo_Domingo] PHP   2. Autenticacion->__construct() C:\wamp64\www\PLATAFORMA_INTEGRADA\backend\api\actividad.php:21
[15-Apr-2026 00:36:45 America/Santo_Domingo] PHP   3. session_start() C:\wamp64\www\PLATAFORMA_INTEGRADA\backend\Autenticacion.php:14
[15-Apr-2026 00:37:49 America/Santo_Domingo] PHP Notice:  session_start(): Ignoring session_start() because a session is already active (started from C:\wamp64\www\PLATAFORMA_INTEGRADA\backend\api\actividad.php on line 19) in C:\wamp64\www\PLATAFORMA_INTEGRADA\backend\Autenticacion.php on line 14
[15-Apr-2026 00:37:49 America/Santo_Domingo] PHP Stack trace:
[15-Apr-2026 00:37:49 America/Santo_Domingo] PHP   1. {main}() C:\wamp64\www\PLATAFORMA_INTEGRADA\backend\api\actividad.php:0
[15-Apr-2026 00:37:49 America/Santo_Domingo] PHP   2. Autenticacion->__construct() C:\wamp64\www\PLATAFORMA_INTEGRADA\backend\api\actividad.php:21
[15-Apr-2026 00:37:49 America/Santo_Domingo] PHP   3. session_start() C:\wamp64\www\PLATAFORMA_INTEGRADA\backend\Autenticacion.php:14
[15-Apr-2026 00:37:51 America/Santo_Domingo] PHP Notice:  session_start(): Ignoring session_start() because a session is already active (started from C:\wamp64\www\PLATAFORMA_INTEGRADA\backend\api\actividad.php on line 19) in C:\wamp64\www\PLATAFORMA_INTEGRADA\backend\Autenticacion.php on line 14
[15-Apr-2026 00:37:51 America/Santo_Domingo] PHP Stack trace:
[15-Apr-2026 00:37:51 America/Santo_Domingo] PHP   1. {main}() C:\wamp64\www\PLATAFORMA_INTEGRADA\backend\api\actividad.php:0
[15-Apr-2026 00:37:51 America/Santo_Domingo] PHP   2. Autenticacion->__construct() C:\wamp64\www\PLATAFORMA_INTEGRADA\backend\api\actividad.php:21
[15-Apr-2026 00:37:51 America/Santo_Domingo] PHP   3. session_start() C:\wamp64\www\PLATAFORMA_INTEGRADA\backend\Autenticacion.php:14
[15-Apr-2026 00:38:02 America/Santo_Domingo] PHP Notice:  session_start(): Ignoring session_start() because a session is already active (started from C:\wamp64\www\PLATAFORMA_INTEGRADA\backend\api\actividad.php on line 19) in C:\wamp64\www\PLATAFORMA_INTEGRADA\backend\Autenticacion.php on line 14
[15-Apr-2026 00:38:02 America/Santo_Domingo] PHP Stack trace:
[15-Apr-2026 00:38:02 America/Santo_Domingo] PHP   1. {main}() C:\wamp64\www\PLATAFORMA_INTEGRADA\backend\api\actividad.php:0
[15-Apr-2026 00:38:02 America/Santo_Domingo] PHP   2. Autenticacion->__construct() C:\wamp64\www\PLATAFORMA_INTEGRADA\backend\api\actividad.php:21
[15-Apr-2026 00:38:02 America/Santo_Domingo] PHP   3. session_start() C:\wamp64\www\PLATAFORMA_INTEGRADA\backend\Autenticacion.php:14
[15-Apr-2026 00:38:04 America/Santo_Domingo] PHP Notice:  session_start(): Ignoring session_start() because a session is already active (started from C:\wamp64\www\PLATAFORMA_INTEGRADA\backend\api\actividad.php on line 19) in C:\wamp64\www\PLATAFORMA_INTEGRADA\backend\Autenticacion.php on line 14
[15-Apr-2026 00:38:04 America/Santo_Domingo] PHP Stack trace:
[15-Apr-2026 00:38:04 America/Santo_Domingo] PHP   1. {main}() C:\wamp64\www\PLATAFORMA_INTEGRADA\backend\api\actividad.php:0
[15-Apr-2026 00:38:04 America/Santo_Domingo] PHP   2. Autenticacion->__construct() C:\wamp64\www\PLATAFORMA_INTEGRADA\backend\api\actividad.php:21
[15-Apr-2026 00:38:04 America/Santo_Domingo] PHP   3. session_start() C:\wamp64\www\PLATAFORMA_INTEGRADA\backend\Autenticacion.php:14
[15-Apr-2026 00:53:47 America/Santo_Domingo] PHP Notice:  session_start(): Ignoring session_start() because a session is already active (started from C:\wamp64\www\PLATAFORMA_INTEGRADA\backend\api\actividad.php on line 19) in C:\wamp64\www\PLATAFORMA_INTEGRADA\backend\Autenticacion.php on line 14
[15-Apr-2026 00:53:47 America/Santo_Domingo] PHP Stack trace:
[15-Apr-2026 00:53:47 America/Santo_Domingo] PHP   1. {main}() C:\wamp64\www\PLATAFORMA_INTEGRADA\backend\api\actividad.php:0
[15-Apr-2026 00:53:47 America/Santo_Domingo] PHP   2. Autenticacion->__construct() C:\wamp64\www\PLATAFORMA_INTEGRADA\backend\api\actividad.php:21
[15-Apr-2026 00:53:47 America/Santo_Domingo] PHP   3. session_start() C:\wamp64\www\PLATAFORMA_INTEGRADA\backend\Autenticacion.php:14
[15-Apr-2026 00:53:48 America/Santo_Domingo] PHP Notice:  session_start(): Ignoring session_start() because a session is already active (started from C:\wamp64\www\PLATAFORMA_INTEGRADA\backend\api\actividad.php on line 19) in C:\wamp64\www\PLATAFORMA_INTEGRADA\backend\Autenticacion.php on line 14
[15-Apr-2026 00:53:48 America/Santo_Domingo] PHP Stack trace:
[15-Apr-2026 00:53:48 America/Santo_Domingo] PHP   1. {main}() C:\wamp64\www\PLATAFORMA_INTEGRADA\backend\api\actividad.php:0
[15-Apr-2026 00:53:48 America/Santo_Domingo] PHP   2. Autenticacion->__construct() C:\wamp64\www\PLATAFORMA_INTEGRADA\backend\api\actividad.php:21
[15-Apr-2026 00:53:48 America/Santo_Domingo] PHP   3. session_start() C:\wamp64\www\PLATAFORMA_INTEGRADA\backend\Autenticacion.php:14
[15-Apr-2026 01:40:23 America/Santo_Domingo] PHP Notice:  session_start(): Ignoring session_start() because a session is already active (started from C:\wamp64\www\PLATAFORMA_INTEGRADA\backend\api\actividad.php on line 19) in C:\wamp64\www\PLATAFORMA_INTEGRADA\backend\Autenticacion.php on line 14
[15-Apr-2026 01:40:23 America/Santo_Domingo] PHP Stack trace:
[15-Apr-2026 01:40:23 America/Santo_Domingo] PHP   1. {main}() C:\wamp64\www\PLATAFORMA_INTEGRADA\backend\api\actividad.php:0
[15-Apr-2026 01:40:23 America/Santo_Domingo] PHP   2. Autenticacion->__construct() C:\wamp64\www\PLATAFORMA_INTEGRADA\backend\api\actividad.php:21
[15-Apr-2026 01:40:23 America/Santo_Domingo] PHP   3. session_start() C:\wamp64\www\PLATAFORMA_INTEGRADA\backend\Autenticacion.php:14
[15-Apr-2026 01:40:24 America/Santo_Domingo] PHP Notice:  session_start(): Ignoring session_start() because a session is already active (started from C:\wamp64\www\PLATAFORMA_INTEGRADA\backend\api\actividad.php on line 19) in C:\wamp64\www\PLATAFORMA_INTEGRADA\backend\Autenticacion.php on line 14
[15-Apr-2026 01:40:24 America/Santo_Domingo] PHP Stack trace:
[15-Apr-2026 01:40:24 America/Santo_Domingo] PHP   1. {main}() C:\wamp64\www\PLATAFORMA_INTEGRADA\backend\api\actividad.php:0
[15-Apr-2026 01:40:24 America/Santo_Domingo] PHP   2. Autenticacion->__construct() C:\wamp64\www\PLATAFORMA_INTEGRADA\backend\api\actividad.php:21
[15-Apr-2026 01:40:24 America/Santo_Domingo] PHP   3. session_start() C:\wamp64\www\PLATAFORMA_INTEGRADA\backend\Autenticacion.php:14
[15-Apr-2026 01:40:30 America/Santo_Domingo] PHP Notice:  session_start(): Ignoring session_start() because a session is already active (started from C:\wamp64\www\PLATAFORMA_INTEGRADA\backend\api\actividad.php on line 19) in C:\wamp64\www\PLATAFORMA_INTEGRADA\backend\Autenticacion.php on line 14
[15-Apr-2026 01:40:30 America/Santo_Domingo] PHP Stack trace:
[15-Apr-2026 01:40:30 America/Santo_Domingo] PHP   1. {main}() C:\wamp64\www\PLATAFORMA_INTEGRADA\backend\api\actividad.php:0
[15-Apr-2026 01:40:30 America/Santo_Domingo] PHP   2. Autenticacion->__construct() C:\wamp64\www\PLATAFORMA_INTEGRADA\backend\api\actividad.php:21
[15-Apr-2026 01:40:30 America/Santo_Domingo] PHP   3. session_start() C:\wamp64\www\PLATAFORMA_INTEGRADA\backend\Autenticacion.php:14
[15-Apr-2026 01:40:31 America/Santo_Domingo] PHP Notice:  session_start(): Ignoring session_start() because a session is already active (started from C:\wamp64\www\PLATAFORMA_INTEGRADA\backend\api\actividad.php on line 19) in C:\wamp64\www\PLATAFORMA_INTEGRADA\backend\Autenticacion.php on line 14
[15-Apr-2026 01:40:31 America/Santo_Domingo] PHP Stack trace:
[15-Apr-2026 01:40:31 America/Santo_Domingo] PHP   1. {main}() C:\wamp64\www\PLATAFORMA_INTEGRADA\backend\api\actividad.php:0
[15-Apr-2026 01:40:31 America/Santo_Domingo] PHP   2. Autenticacion->__construct() C:\wamp64\www\PLATAFORMA_INTEGRADA\backend\api\actividad.php:21
[15-Apr-2026 01:40:31 America/Santo_Domingo] PHP   3. session_start() C:\wamp64\www\PLATAFORMA_INTEGRADA\backend\Autenticacion.php:14
[15-Apr-2026 02:03:35 America/Santo_Domingo] PHP Notice:  session_start(): Ignoring session_start() because a session is already active (started from C:\wamp64\www\PLATAFORMA_INTEGRADA\backend\api\actividad.php on line 19) in C:\wamp64\www\PLATAFORMA_INTEGRADA\backend\Autenticacion.php on line 14
[15-Apr-2026 02:03:35 America/Santo_Domingo] PHP Stack trace:
[15-Apr-2026 02:03:35 America/Santo_Domingo] PHP   1. {main}() C:\wamp64\www\PLATAFORMA_INTEGRADA\backend\api\actividad.php:0
[15-Apr-2026 02:03:35 America/Santo_Domingo] PHP   2. Autenticacion->__construct() C:\wamp64\www\PLATAFORMA_INTEGRADA\backend\api\actividad.php:21
[15-Apr-2026 02:03:35 America/Santo_Domingo] PHP   3. session_start() C:\wamp64\www\PLATAFORMA_INTEGRADA\backend\Autenticacion.php:14
[15-Apr-2026 02:03:40 America/Santo_Domingo] PHP Notice:  session_start(): Ignoring session_start() because a session is already active (started from C:\wamp64\www\PLATAFORMA_INTEGRADA\backend\api\actividad.php on line 19) in C:\wamp64\www\PLATAFORMA_INTEGRADA\backend\Autenticacion.php on line 14
[15-Apr-2026 02:03:40 America/Santo_Domingo] PHP Stack trace:
[15-Apr-2026 02:03:40 America/Santo_Domingo] PHP   1. {main}() C:\wamp64\www\PLATAFORMA_INTEGRADA\backend\api\actividad.php:0
[15-Apr-2026 02:03:40 America/Santo_Domingo] PHP   2. Autenticacion->__construct() C:\wamp64\www\PLATAFORMA_INTEGRADA\backend\api\actividad.php:21
[15-Apr-2026 02:03:40 America/Santo_Domingo] PHP   3. session_start() C:\wamp64\www\PLATAFORMA_INTEGRADA\backend\Autenticacion.php:14
[15-Apr-2026 02:18:59 America/Santo_Domingo] PHP Notice:  session_start(): Ignoring session_start() because a session is already active (started from C:\wamp64\www\PLATAFORMA_INTEGRADA\backend\api\actividad.php on line 19) in C:\wamp64\www\PLATAFORMA_INTEGRADA\backend\Autenticacion.php on line 14
[15-Apr-2026 02:18:59 America/Santo_Domingo] PHP Stack trace:
[15-Apr-2026 02:18:59 America/Santo_Domingo] PHP   1. {main}() C:\wamp64\www\PLATAFORMA_INTEGRADA\backend\api\actividad.php:0
[15-Apr-2026 02:18:59 America/Santo_Domingo] PHP   2. Autenticacion->__construct() C:\wamp64\www\PLATAFORMA_INTEGRADA\backend\api\actividad.php:21
[15-Apr-2026 02:18:59 America/Santo_Domingo] PHP   3. session_start() C:\wamp64\www\PLATAFORMA_INTEGRADA\backend\Autenticacion.php:14
[15-Apr-2026 02:19:00 America/Santo_Domingo] PHP Notice:  session_start(): Ignoring session_start() because a session is already active (started from C:\wamp64\www\PLATAFORMA_INTEGRADA\backend\api\actividad.php on line 19) in C:\wamp64\www\PLATAFORMA_INTEGRADA\backend\Autenticacion.php on line 14
[15-Apr-2026 02:19:00 America/Santo_Domingo] PHP Stack trace:
[15-Apr-2026 02:19:00 America/Santo_Domingo] PHP   1. {main}() C:\wamp64\www\PLATAFORMA_INTEGRADA\backend\api\actividad.php:0
[15-Apr-2026 02:19:00 America/Santo_Domingo] PHP   2. Autenticacion->__construct() C:\wamp64\www\PLATAFORMA_INTEGRADA\backend\api\actividad.php:21
[15-Apr-2026 02:19:00 America/Santo_Domingo] PHP   3. session_start() C:\wamp64\www\PLATAFORMA_INTEGRADA\backend\Autenticacion.php:14
[15-Apr-2026 08:40:49 America/Santo_Domingo] PHP Notice:  session_start(): Ignoring session_start() because a session is already active (started from C:\wamp64\www\PLATAFORMA_INTEGRADA\backend\api\actividad.php on line 19) in C:\wamp64\www\PLATAFORMA_INTEGRADA\backend\Autenticacion.php on line 14
[15-Apr-2026 08:40:49 America/Santo_Domingo] PHP Stack trace:
[15-Apr-2026 08:40:49 America/Santo_Domingo] PHP   1. {main}() C:\wamp64\www\PLATAFORMA_INTEGRADA\backend\api\actividad.php:0
[15-Apr-2026 08:40:49 America/Santo_Domingo] PHP   2. Autenticacion->__construct() C:\wamp64\www\PLATAFORMA_INTEGRADA\backend\api\actividad.php:21
[15-Apr-2026 08:40:49 America/Santo_Domingo] PHP   3. session_start() C:\wamp64\www\PLATAFORMA_INTEGRADA\backend\Autenticacion.php:14
[15-Apr-2026 08:41:59 America/Santo_Domingo] PHP Notice:  session_start(): Ignoring session_start() because a session is already active (started from C:\wamp64\www\PLATAFORMA_INTEGRADA\backend\api\actividad.php on line 19) in C:\wamp64\www\PLATAFORMA_INTEGRADA\backend\Autenticacion.php on line 14
[15-Apr-2026 08:41:59 America/Santo_Domingo] PHP Stack trace:
[15-Apr-2026 08:41:59 America/Santo_Domingo] PHP   1. {main}() C:\wamp64\www\PLATAFORMA_INTEGRADA\backend\api\actividad.php:0
[15-Apr-2026 08:41:59 America/Santo_Domingo] PHP   2. Autenticacion->__construct() C:\wamp64\www\PLATAFORMA_INTEGRADA\backend\api\actividad.php:21
[15-Apr-2026 08:41:59 America/Santo_Domingo] PHP   3. session_start() C:\wamp64\www\PLATAFORMA_INTEGRADA\backend\Autenticacion.php:14
[15-Apr-2026 08:42:14 America/Santo_Domingo] PHP Notice:  session_start(): Ignoring session_start() because a session is already active (started from C:\wamp64\www\PLATAFORMA_INTEGRADA\backend\api\actividad.php on line 19) in C:\wamp64\www\PLATAFORMA_INTEGRADA\backend\Autenticacion.php on line 14
[15-Apr-2026 08:42:14 America/Santo_Domingo] PHP Stack trace:
[15-Apr-2026 08:42:14 America/Santo_Domingo] PHP   1. {main}() C:\wamp64\www\PLATAFORMA_INTEGRADA\backend\api\actividad.php:0
[15-Apr-2026 08:42:14 America/Santo_Domingo] PHP   2. Autenticacion->__construct() C:\wamp64\www\PLATAFORMA_INTEGRADA\backend\api\actividad.php:21
[15-Apr-2026 08:42:14 America/Santo_Domingo] PHP   3. session_start() C:\wamp64\www\PLATAFORMA_INTEGRADA\backend\Autenticacion.php:14
[15-Apr-2026 08:42:16 America/Santo_Domingo] PHP Notice:  session_start(): Ignoring session_start() because a session is already active (started from C:\wamp64\www\PLATAFORMA_INTEGRADA\backend\api\actividad.php on line 19) in C:\wamp64\www\PLATAFORMA_INTEGRADA\backend\Autenticacion.php on line 14
[15-Apr-2026 08:42:16 America/Santo_Domingo] PHP Stack trace:
[15-Apr-2026 08:42:16 America/Santo_Domingo] PHP   1. {main}() C:\wamp64\www\PLATAFORMA_INTEGRADA\backend\api\actividad.php:0
[15-Apr-2026 08:42:16 America/Santo_Domingo] PHP   2. Autenticacion->__construct() C:\wamp64\www\PLATAFORMA_INTEGRADA\backend\api\actividad.php:21
[15-Apr-2026 08:42:16 America/Santo_Domingo] PHP   3. session_start() C:\wamp64\www\PLATAFORMA_INTEGRADA\backend\Autenticacion.php:14
[15-Apr-2026 08:42:17 America/Santo_Domingo] PHP Notice:  session_start(): Ignoring session_start() because a session is already active (started from C:\wamp64\www\PLATAFORMA_INTEGRADA\backend\api\actividad.php on line 19) in C:\wamp64\www\PLATAFORMA_INTEGRADA\backend\Autenticacion.php on line 14
[15-Apr-2026 08:42:17 America/Santo_Domingo] PHP Stack trace:
[15-Apr-2026 08:42:17 America/Santo_Domingo] PHP   1. {main}() C:\wamp64\www\PLATAFORMA_INTEGRADA\backend\api\actividad.php:0
[15-Apr-2026 08:42:17 America/Santo_Domingo] PHP   2. Autenticacion->__construct() C:\wamp64\www\PLATAFORMA_INTEGRADA\backend\api\actividad.php:21
[15-Apr-2026 08:42:17 America/Santo_Domingo] PHP   3. session_start() C:\wamp64\www\PLATAFORMA_INTEGRADA\backend\Autenticacion.php:14
[15-Apr-2026 08:46:09 America/Santo_Domingo] PHP Notice:  session_start(): Ignoring session_start() because a session is already active (started from C:\wamp64\www\PLATAFORMA_INTEGRADA\backend\api\actividad.php on line 19) in C:\wamp64\www\PLATAFORMA_INTEGRADA\backend\Autenticacion.php on line 14
[15-Apr-2026 08:46:09 America/Santo_Domingo] PHP Stack trace:
[15-Apr-2026 08:46:09 America/Santo_Domingo] PHP   1. {main}() C:\wamp64\www\PLATAFORMA_INTEGRADA\backend\api\actividad.php:0
[15-Apr-2026 08:46:09 America/Santo_Domingo] PHP   2. Autenticacion->__construct() C:\wamp64\www\PLATAFORMA_INTEGRADA\backend\api\actividad.php:21
[15-Apr-2026 08:46:09 America/Santo_Domingo] PHP   3. session_start() C:\wamp64\www\PLATAFORMA_INTEGRADA\backend\Autenticacion.php:14
[15-Apr-2026 08:46:10 America/Santo_Domingo] PHP Notice:  session_start(): Ignoring session_start() because a session is already active (started from C:\wamp64\www\PLATAFORMA_INTEGRADA\backend\api\actividad.php on line 19) in C:\wamp64\www\PLATAFORMA_INTEGRADA\backend\Autenticacion.php on line 14
[15-Apr-2026 08:46:10 America/Santo_Domingo] PHP Stack trace:
[15-Apr-2026 08:46:10 America/Santo_Domingo] PHP   1. {main}() C:\wamp64\www\PLATAFORMA_INTEGRADA\backend\api\actividad.php:0
[15-Apr-2026 08:46:10 America/Santo_Domingo] PHP   2. Autenticacion->__construct() C:\wamp64\www\PLATAFORMA_INTEGRADA\backend\api\actividad.php:21
[15-Apr-2026 08:46:10 America/Santo_Domingo] PHP   3. session_start() C:\wamp64\www\PLATAFORMA_INTEGRADA\backend\Autenticacion.php:14
[15-Apr-2026 08:49:30 America/Santo_Domingo] PHP Notice:  session_start(): Ignoring session_start() because a session is already active (started from C:\wamp64\www\PLATAFORMA_INTEGRADA\backend\api\actividad.php on line 19) in C:\wamp64\www\PLATAFORMA_INTEGRADA\backend\Autenticacion.php on line 14
[15-Apr-2026 08:49:30 America/Santo_Domingo] PHP Stack trace:
[15-Apr-2026 08:49:30 America/Santo_Domingo] PHP   1. {main}() C:\wamp64\www\PLATAFORMA_INTEGRADA\backend\api\actividad.php:0
[15-Apr-2026 08:49:30 America/Santo_Domingo] PHP   2. Autenticacion->__construct() C:\wamp64\www\PLATAFORMA_INTEGRADA\backend\api\actividad.php:21
[15-Apr-2026 08:49:30 America/Santo_Domingo] PHP   3. session_start() C:\wamp64\www\PLATAFORMA_INTEGRADA\backend\Autenticacion.php:14
[15-Apr-2026 08:49:32 America/Santo_Domingo] PHP Notice:  session_start(): Ignoring session_start() because a session is already active (started from C:\wamp64\www\PLATAFORMA_INTEGRADA\backend\api\actividad.php on line 19) in C:\wamp64\www\PLATAFORMA_INTEGRADA\backend\Autenticacion.php on line 14
[15-Apr-2026 08:49:32 America/Santo_Domingo] PHP Stack trace:
[15-Apr-2026 08:49:32 America/Santo_Domingo] PHP   1. {main}() C:\wamp64\www\PLATAFORMA_INTEGRADA\backend\api\actividad.php:0
[15-Apr-2026 08:49:32 America/Santo_Domingo] PHP   2. Autenticacion->__construct() C:\wamp64\www\PLATAFORMA_INTEGRADA\backend\api\actividad.php:21
[15-Apr-2026 08:49:32 America/Santo_Domingo] PHP   3. session_start() C:\wamp64\www\PLATAFORMA_INTEGRADA\backend\Autenticacion.php:14
[15-Apr-2026 09:16:49 America/Santo_Domingo] PHP Notice:  session_start(): Ignoring session_start() because a session is already active (started from C:\wamp64\www\PLATAFORMA_INTEGRADA\backend\api\actividad.php on line 19) in C:\wamp64\www\PLATAFORMA_INTEGRADA\backend\Autenticacion.php on line 14
[15-Apr-2026 09:16:49 America/Santo_Domingo] PHP Stack trace:
[15-Apr-2026 09:16:49 America/Santo_Domingo] PHP   1. {main}() C:\wamp64\www\PLATAFORMA_INTEGRADA\backend\api\actividad.php:0
[15-Apr-2026 09:16:49 America/Santo_Domingo] PHP   2. Autenticacion->__construct() C:\wamp64\www\PLATAFORMA_INTEGRADA\backend\api\actividad.php:21
[15-Apr-2026 09:16:49 America/Santo_Domingo] PHP   3. session_start() C:\wamp64\www\PLATAFORMA_INTEGRADA\backend\Autenticacion.php:14
[15-Apr-2026 09:16:50 America/Santo_Domingo] PHP Notice:  session_start(): Ignoring session_start() because a session is already active (started from C:\wamp64\www\PLATAFORMA_INTEGRADA\backend\api\actividad.php on line 19) in C:\wamp64\www\PLATAFORMA_INTEGRADA\backend\Autenticacion.php on line 14
[15-Apr-2026 09:16:50 America/Santo_Domingo] PHP Stack trace:
[15-Apr-2026 09:16:50 America/Santo_Domingo] PHP   1. {main}() C:\wamp64\www\PLATAFORMA_INTEGRADA\backend\api\actividad.php:0
[15-Apr-2026 09:16:50 America/Santo_Domingo] PHP   2. Autenticacion->__construct() C:\wamp64\www\PLATAFORMA_INTEGRADA\backend\api\actividad.php:21
[15-Apr-2026 09:16:50 America/Santo_Domingo] PHP   3. session_start() C:\wamp64\www\PLATAFORMA_INTEGRADA\backend\Autenticacion.php:14
[15-Apr-2026 09:19:37 America/Santo_Domingo] PHP Notice:  session_start(): Ignoring session_start() because a session is already active (started from C:\wamp64\www\PLATAFORMA_INTEGRADA\backend\api\actividad.php on line 19) in C:\wamp64\www\PLATAFORMA_INTEGRADA\backend\Autenticacion.php on line 14
[15-Apr-2026 09:19:37 America/Santo_Domingo] PHP Stack trace:
[15-Apr-2026 09:19:37 America/Santo_Domingo] PHP   1. {main}() C:\wamp64\www\PLATAFORMA_INTEGRADA\backend\api\actividad.php:0
[15-Apr-2026 09:19:37 America/Santo_Domingo] PHP   2. Autenticacion->__construct() C:\wamp64\www\PLATAFORMA_INTEGRADA\backend\api\actividad.php:21
[15-Apr-2026 09:19:37 America/Santo_Domingo] PHP   3. session_start() C:\wamp64\www\PLATAFORMA_INTEGRADA\backend\Autenticacion.php:14
[15-Apr-2026 09:19:38 America/Santo_Domingo] PHP Notice:  session_start(): Ignoring session_start() because a session is already active (started from C:\wamp64\www\PLATAFORMA_INTEGRADA\backend\api\actividad.php on line 19) in C:\wamp64\www\PLATAFORMA_INTEGRADA\backend\Autenticacion.php on line 14
[15-Apr-2026 09:19:38 America/Santo_Domingo] PHP Stack trace:
[15-Apr-2026 09:19:38 America/Santo_Domingo] PHP   1. {main}() C:\wamp64\www\PLATAFORMA_INTEGRADA\backend\api\actividad.php:0
[15-Apr-2026 09:19:38 America/Santo_Domingo] PHP   2. Autenticacion->__construct() C:\wamp64\www\PLATAFORMA_INTEGRADA\backend\api\actividad.php:21
[15-Apr-2026 09:19:38 America/Santo_Domingo] PHP   3. session_start() C:\wamp64\www\PLATAFORMA_INTEGRADA\backend\Autenticacion.php:14
[15-Apr-2026 09:22:17 America/Santo_Domingo] PHP Notice:  session_start(): Ignoring session_start() because a session is already active (started from C:\wamp64\www\PLATAFORMA_INTEGRADA\backend\api\actividad.php on line 19) in C:\wamp64\www\PLATAFORMA_INTEGRADA\backend\Autenticacion.php on line 14
[15-Apr-2026 09:22:17 America/Santo_Domingo] PHP Stack trace:
[15-Apr-2026 09:22:17 America/Santo_Domingo] PHP   1. {main}() C:\wamp64\www\PLATAFORMA_INTEGRADA\backend\api\actividad.php:0
[15-Apr-2026 09:22:17 America/Santo_Domingo] PHP   2. Autenticacion->__construct() C:\wamp64\www\PLATAFORMA_INTEGRADA\backend\api\actividad.php:21
[15-Apr-2026 09:22:17 America/Santo_Domingo] PHP   3. session_start() C:\wamp64\www\PLATAFORMA_INTEGRADA\backend\Autenticacion.php:14
[15-Apr-2026 09:24:22 America/Santo_Domingo] PHP Notice:  session_start(): Ignoring session_start() because a session is already active (started from C:\wamp64\www\PLATAFORMA_INTEGRADA\backend\api\actividad.php on line 19) in C:\wamp64\www\PLATAFORMA_INTEGRADA\backend\Autenticacion.php on line 14
[15-Apr-2026 09:24:22 America/Santo_Domingo] PHP Stack trace:
[15-Apr-2026 09:24:22 America/Santo_Domingo] PHP   1. {main}() C:\wamp64\www\PLATAFORMA_INTEGRADA\backend\api\actividad.php:0
[15-Apr-2026 09:24:22 America/Santo_Domingo] PHP   2. Autenticacion->__construct() C:\wamp64\www\PLATAFORMA_INTEGRADA\backend\api\actividad.php:21
[15-Apr-2026 09:24:22 America/Santo_Domingo] PHP   3. session_start() C:\wamp64\www\PLATAFORMA_INTEGRADA\backend\Autenticacion.php:14
[15-Apr-2026 09:24:23 America/Santo_Domingo] PHP Notice:  session_start(): Ignoring session_start() because a session is already active (started from C:\wamp64\www\PLATAFORMA_INTEGRADA\backend\api\actividad.php on line 19) in C:\wamp64\www\PLATAFORMA_INTEGRADA\backend\Autenticacion.php on line 14
[15-Apr-2026 09:24:23 America/Santo_Domingo] PHP Stack trace:
[15-Apr-2026 09:24:23 America/Santo_Domingo] PHP   1. {main}() C:\wamp64\www\PLATAFORMA_INTEGRADA\backend\api\actividad.php:0
[15-Apr-2026 09:24:23 America/Santo_Domingo] PHP   2. Autenticacion->__construct() C:\wamp64\www\PLATAFORMA_INTEGRADA\backend\api\actividad.php:21
[15-Apr-2026 09:24:23 America/Santo_Domingo] PHP   3. session_start() C:\wamp64\www\PLATAFORMA_INTEGRADA\backend\Autenticacion.php:14
[15-Apr-2026 09:24:24 America/Santo_Domingo] PHP Notice:  session_start(): Ignoring session_start() because a session is already active (started from C:\wamp64\www\PLATAFORMA_INTEGRADA\backend\api\actividad.php on line 19) in C:\wamp64\www\PLATAFORMA_INTEGRADA\backend\Autenticacion.php on line 14
[15-Apr-2026 09:24:24 America/Santo_Domingo] PHP Stack trace:
[15-Apr-2026 09:24:24 America/Santo_Domingo] PHP   1. {main}() C:\wamp64\www\PLATAFORMA_INTEGRADA\backend\api\actividad.php:0
[15-Apr-2026 09:24:24 America/Santo_Domingo] PHP   2. Autenticacion->__construct() C:\wamp64\www\PLATAFORMA_INTEGRADA\backend\api\actividad.php:21
[15-Apr-2026 09:24:24 America/Santo_Domingo] PHP   3. session_start() C:\wamp64\www\PLATAFORMA_INTEGRADA\backend\Autenticacion.php:14
[15-Apr-2026 09:24:29 America/Santo_Domingo] PHP Notice:  session_start(): Ignoring session_start() because a session is already active (started from C:\wamp64\www\PLATAFORMA_INTEGRADA\backend\api\actividad.php on line 19) in C:\wamp64\www\PLATAFORMA_INTEGRADA\backend\Autenticacion.php on line 14
[15-Apr-2026 09:24:29 America/Santo_Domingo] PHP Stack trace:
[15-Apr-2026 09:24:29 America/Santo_Domingo] PHP   1. {main}() C:\wamp64\www\PLATAFORMA_INTEGRADA\backend\api\actividad.php:0
[15-Apr-2026 09:24:29 America/Santo_Domingo] PHP   2. Autenticacion->__construct() C:\wamp64\www\PLATAFORMA_INTEGRADA\backend\api\actividad.php:21
[15-Apr-2026 09:24:29 America/Santo_Domingo] PHP   3. session_start() C:\wamp64\www\PLATAFORMA_INTEGRADA\backend\Autenticacion.php:14
[15-Apr-2026 09:24:42 America/Santo_Domingo] PHP Notice:  session_start(): Ignoring session_start() because a session is already active (started from C:\wamp64\www\PLATAFORMA_INTEGRADA\backend\api\actividad.php on line 19) in C:\wamp64\www\PLATAFORMA_INTEGRADA\backend\Autenticacion.php on line 14
[15-Apr-2026 09:24:42 America/Santo_Domingo] PHP Stack trace:
[15-Apr-2026 09:24:42 America/Santo_Domingo] PHP   1. {main}() C:\wamp64\www\PLATAFORMA_INTEGRADA\backend\api\actividad.php:0
[15-Apr-2026 09:24:42 America/Santo_Domingo] PHP   2. Autenticacion->__construct() C:\wamp64\www\PLATAFORMA_INTEGRADA\backend\api\actividad.php:21
[15-Apr-2026 09:24:42 America/Santo_Domingo] PHP   3. session_start() C:\wamp64\www\PLATAFORMA_INTEGRADA\backend\Autenticacion.php:14
[15-Apr-2026 09:25:30 America/Santo_Domingo] PHP Notice:  session_start(): Ignoring session_start() because a session is already active (started from C:\wamp64\www\PLATAFORMA_INTEGRADA\backend\api\actividad.php on line 19) in C:\wamp64\www\PLATAFORMA_INTEGRADA\backend\Autenticacion.php on line 14
[15-Apr-2026 09:25:30 America/Santo_Domingo] PHP Stack trace:
[15-Apr-2026 09:25:30 America/Santo_Domingo] PHP   1. {main}() C:\wamp64\www\PLATAFORMA_INTEGRADA\backend\api\actividad.php:0
[15-Apr-2026 09:25:30 America/Santo_Domingo] PHP   2. Autenticacion->__construct() C:\wamp64\www\PLATAFORMA_INTEGRADA\backend\api\actividad.php:21
[15-Apr-2026 09:25:30 America/Santo_Domingo] PHP   3. session_start() C:\wamp64\www\PLATAFORMA_INTEGRADA\backend\Autenticacion.php:14
[15-Apr-2026 09:25:32 America/Santo_Domingo] PHP Notice:  session_start(): Ignoring session_start() because a session is already active (started from C:\wamp64\www\PLATAFORMA_INTEGRADA\backend\api\actividad.php on line 19) in C:\wamp64\www\PLATAFORMA_INTEGRADA\backend\Autenticacion.php on line 14
[15-Apr-2026 09:25:32 America/Santo_Domingo] PHP Stack trace:
[15-Apr-2026 09:25:32 America/Santo_Domingo] PHP   1. {main}() C:\wamp64\www\PLATAFORMA_INTEGRADA\backend\api\actividad.php:0
[15-Apr-2026 09:25:32 America/Santo_Domingo] PHP   2. Autenticacion->__construct() C:\wamp64\www\PLATAFORMA_INTEGRADA\backend\api\actividad.php:21
[15-Apr-2026 09:25:32 America/Santo_Domingo] PHP   3. session_start() C:\wamp64\www\PLATAFORMA_INTEGRADA\backend\Autenticacion.php:14
[15-Apr-2026 09:25:36 America/Santo_Domingo] PHP Notice:  session_start(): Ignoring session_start() because a session is already active (started from C:\wamp64\www\PLATAFORMA_INTEGRADA\backend\api\actividad.php on line 19) in C:\wamp64\www\PLATAFORMA_INTEGRADA\backend\Autenticacion.php on line 14
[15-Apr-2026 09:25:36 America/Santo_Domingo] PHP Stack trace:
[15-Apr-2026 09:25:36 America/Santo_Domingo] PHP   1. {main}() C:\wamp64\www\PLATAFORMA_INTEGRADA\backend\api\actividad.php:0
[15-Apr-2026 09:25:36 America/Santo_Domingo] PHP   2. Autenticacion->__construct() C:\wamp64\www\PLATAFORMA_INTEGRADA\backend\api\actividad.php:21
[15-Apr-2026 09:25:36 America/Santo_Domingo] PHP   3. session_start() C:\wamp64\www\PLATAFORMA_INTEGRADA\backend\Autenticacion.php:14
[15-Apr-2026 22:12:22 America/Santo_Domingo] PHP Notice:  session_start(): Ignoring session_start() because a session is already active (started from C:\wamp64\www\PLATAFORMA_INTEGRADA\backend\api\actividad.php on line 19) in C:\wamp64\www\PLATAFORMA_INTEGRADA\backend\Autenticacion.php on line 14
[15-Apr-2026 22:12:22 America/Santo_Domingo] PHP Stack trace:
[15-Apr-2026 22:12:22 America/Santo_Domingo] PHP   1. {main}() C:\wamp64\www\PLATAFORMA_INTEGRADA\backend\api\actividad.php:0
[15-Apr-2026 22:12:22 America/Santo_Domingo] PHP   2. Autenticacion->__construct() C:\wamp64\www\PLATAFORMA_INTEGRADA\backend\api\actividad.php:21
[15-Apr-2026 22:12:22 America/Santo_Domingo] PHP   3. session_start() C:\wamp64\www\PLATAFORMA_INTEGRADA\backend\Autenticacion.php:14
[15-Apr-2026 22:12:28 America/Santo_Domingo] PHP Notice:  session_start(): Ignoring session_start() because a session is already active (started from C:\wamp64\www\PLATAFORMA_INTEGRADA\backend\api\actividad.php on line 19) in C:\wamp64\www\PLATAFORMA_INTEGRADA\backend\Autenticacion.php on line 14
[15-Apr-2026 22:12:28 America/Santo_Domingo] PHP Stack trace:
[15-Apr-2026 22:12:28 America/Santo_Domingo] PHP   1. {main}() C:\wamp64\www\PLATAFORMA_INTEGRADA\backend\api\actividad.php:0
[15-Apr-2026 22:12:28 America/Santo_Domingo] PHP   2. Autenticacion->__construct() C:\wamp64\www\PLATAFORMA_INTEGRADA\backend\api\actividad.php:21
[15-Apr-2026 22:12:28 America/Santo_Domingo] PHP   3. session_start() C:\wamp64\www\PLATAFORMA_INTEGRADA\backend\Autenticacion.php:14
[15-Apr-2026 22:21:49 America/Santo_Domingo] PHP Notice:  session_start(): Ignoring session_start() because a session is already active (started from C:\wamp64\www\PLATAFORMA_INTEGRADA\backend\api\actividad.php on line 19) in C:\wamp64\www\PLATAFORMA_INTEGRADA\backend\Autenticacion.php on line 14
[15-Apr-2026 22:21:49 America/Santo_Domingo] PHP Stack trace:
[15-Apr-2026 22:21:49 America/Santo_Domingo] PHP   1. {main}() C:\wamp64\www\PLATAFORMA_INTEGRADA\backend\api\actividad.php:0
[15-Apr-2026 22:21:49 America/Santo_Domingo] PHP   2. Autenticacion->__construct() C:\wamp64\www\PLATAFORMA_INTEGRADA\backend\api\actividad.php:21
[15-Apr-2026 22:21:49 America/Santo_Domingo] PHP   3. session_start() C:\wamp64\www\PLATAFORMA_INTEGRADA\backend\Autenticacion.php:14
[15-Apr-2026 22:54:35 America/Santo_Domingo] PHP Notice:  session_start(): Ignoring session_start() because a session is already active (started from C:\wamp64\www\PLATAFORMA_INTEGRADA\backend\api\actividad.php on line 19) in C:\wamp64\www\PLATAFORMA_INTEGRADA\backend\Autenticacion.php on line 14
[15-Apr-2026 22:54:35 America/Santo_Domingo] PHP Stack trace:
[15-Apr-2026 22:54:35 America/Santo_Domingo] PHP   1. {main}() C:\wamp64\www\PLATAFORMA_INTEGRADA\backend\api\actividad.php:0
[15-Apr-2026 22:54:35 America/Santo_Domingo] PHP   2. Autenticacion->__construct() C:\wamp64\www\PLATAFORMA_INTEGRADA\backend\api\actividad.php:21
[15-Apr-2026 22:54:35 America/Santo_Domingo] PHP   3. session_start() C:\wamp64\www\PLATAFORMA_INTEGRADA\backend\Autenticacion.php:14
[15-Apr-2026 22:54:55 America/Santo_Domingo] PHP Notice:  session_start(): Ignoring session_start() because a session is already active (started from C:\wamp64\www\PLATAFORMA_INTEGRADA\backend\api\actividad.php on line 19) in C:\wamp64\www\PLATAFORMA_INTEGRADA\backend\Autenticacion.php on line 14
[15-Apr-2026 22:54:55 America/Santo_Domingo] PHP Stack trace:
[15-Apr-2026 22:54:55 America/Santo_Domingo] PHP   1. {main}() C:\wamp64\www\PLATAFORMA_INTEGRADA\backend\api\actividad.php:0
[15-Apr-2026 22:54:55 America/Santo_Domingo] PHP   2. Autenticacion->__construct() C:\wamp64\www\PLATAFORMA_INTEGRADA\backend\api\actividad.php:21
[15-Apr-2026 22:54:55 America/Santo_Domingo] PHP   3. session_start() C:\wamp64\www\PLATAFORMA_INTEGRADA\backend\Autenticacion.php:14
[15-Apr-2026 22:54:57 America/Santo_Domingo] PHP Notice:  session_start(): Ignoring session_start() because a session is already active (started from C:\wamp64\www\PLATAFORMA_INTEGRADA\backend\api\actividad.php on line 19) in C:\wamp64\www\PLATAFORMA_INTEGRADA\backend\Autenticacion.php on line 14
[15-Apr-2026 22:54:57 America/Santo_Domingo] PHP Stack trace:
[15-Apr-2026 22:54:57 America/Santo_Domingo] PHP   1. {main}() C:\wamp64\www\PLATAFORMA_INTEGRADA\backend\api\actividad.php:0
[15-Apr-2026 22:54:57 America/Santo_Domingo] PHP   2. Autenticacion->__construct() C:\wamp64\www\PLATAFORMA_INTEGRADA\backend\api\actividad.php:21
[15-Apr-2026 22:54:57 America/Santo_Domingo] PHP   3. session_start() C:\wamp64\www\PLATAFORMA_INTEGRADA\backend\Autenticacion.php:14
[15-Apr-2026 22:55:04 America/Santo_Domingo] PHP Notice:  session_start(): Ignoring session_start() because a session is already active (started from C:\wamp64\www\PLATAFORMA_INTEGRADA\backend\api\actividad.php on line 19) in C:\wamp64\www\PLATAFORMA_INTEGRADA\backend\Autenticacion.php on line 14
[15-Apr-2026 22:55:04 America/Santo_Domingo] PHP Stack trace:
[15-Apr-2026 22:55:04 America/Santo_Domingo] PHP   1. {main}() C:\wamp64\www\PLATAFORMA_INTEGRADA\backend\api\actividad.php:0
[15-Apr-2026 22:55:04 America/Santo_Domingo] PHP   2. Autenticacion->__construct() C:\wamp64\www\PLATAFORMA_INTEGRADA\backend\api\actividad.php:21
[15-Apr-2026 22:55:04 America/Santo_Domingo] PHP   3. session_start() C:\wamp64\www\PLATAFORMA_INTEGRADA\backend\Autenticacion.php:14
[15-Apr-2026 22:55:06 America/Santo_Domingo] PHP Notice:  session_start(): Ignoring session_start() because a session is already active (started from C:\wamp64\www\PLATAFORMA_INTEGRADA\backend\api\actividad.php on line 19) in C:\wamp64\www\PLATAFORMA_INTEGRADA\backend\Autenticacion.php on line 14
[15-Apr-2026 22:55:06 America/Santo_Domingo] PHP Stack trace:
[15-Apr-2026 22:55:06 America/Santo_Domingo] PHP   1. {main}() C:\wamp64\www\PLATAFORMA_INTEGRADA\backend\api\actividad.php:0
[15-Apr-2026 22:55:06 America/Santo_Domingo] PHP   2. Autenticacion->__construct() C:\wamp64\www\PLATAFORMA_INTEGRADA\backend\api\actividad.php:21
[15-Apr-2026 22:55:06 America/Santo_Domingo] PHP   3. session_start() C:\wamp64\www\PLATAFORMA_INTEGRADA\backend\Autenticacion.php:14
[17-Apr-2026 02:28:14 America/Santo_Domingo] PHP Notice:  session_start(): Ignoring session_start() because a session is already active (started from C:\wamp64\www\PLATAFORMA_INTEGRADA\backend\api\actividad.php on line 19) in C:\wamp64\www\PLATAFORMA_INTEGRADA\backend\Autenticacion.php on line 14
[17-Apr-2026 02:28:14 America/Santo_Domingo] PHP Stack trace:
[17-Apr-2026 02:28:14 America/Santo_Domingo] PHP   1. {main}() C:\wamp64\www\PLATAFORMA_INTEGRADA\backend\api\actividad.php:0
[17-Apr-2026 02:28:14 America/Santo_Domingo] PHP   2. Autenticacion->__construct() C:\wamp64\www\PLATAFORMA_INTEGRADA\backend\api\actividad.php:21
[17-Apr-2026 02:28:14 America/Santo_Domingo] PHP   3. session_start() C:\wamp64\www\PLATAFORMA_INTEGRADA\backend\Autenticacion.php:14
[17-Apr-2026 02:28:14 America/Santo_Domingo] PHP Notice:  session_start(): Ignoring session_start() because a session is already active (started from C:\wamp64\www\PLATAFORMA_INTEGRADA\backend\api\actividad.php on line 19) in C:\wamp64\www\PLATAFORMA_INTEGRADA\backend\Autenticacion.php on line 14
[17-Apr-2026 02:28:14 America/Santo_Domingo] PHP Stack trace:
[17-Apr-2026 02:28:14 America/Santo_Domingo] PHP   1. {main}() C:\wamp64\www\PLATAFORMA_INTEGRADA\backend\api\actividad.php:0
[17-Apr-2026 02:28:14 America/Santo_Domingo] PHP   2. Autenticacion->__construct() C:\wamp64\www\PLATAFORMA_INTEGRADA\backend\api\actividad.php:21
[17-Apr-2026 02:28:14 America/Santo_Domingo] PHP   3. session_start() C:\wamp64\www\PLATAFORMA_INTEGRADA\backend\Autenticacion.php:14
[17-Apr-2026 02:28:15 America/Santo_Domingo] PHP Notice:  session_start(): Ignoring session_start() because a session is already active (started from C:\wamp64\www\PLATAFORMA_INTEGRADA\backend\api\actividad.php on line 19) in C:\wamp64\www\PLATAFORMA_INTEGRADA\backend\Autenticacion.php on line 14
[17-Apr-2026 02:28:15 America/Santo_Domingo] PHP Stack trace:
[17-Apr-2026 02:28:15 America/Santo_Domingo] PHP   1. {main}() C:\wamp64\www\PLATAFORMA_INTEGRADA\backend\api\actividad.php:0
[17-Apr-2026 02:28:15 America/Santo_Domingo] PHP   2. Autenticacion->__construct() C:\wamp64\www\PLATAFORMA_INTEGRADA\backend\api\actividad.php:21
[17-Apr-2026 02:28:15 America/Santo_Domingo] PHP   3. session_start() C:\wamp64\www\PLATAFORMA_INTEGRADA\backend\Autenticacion.php:14
[17-Apr-2026 02:28:15 America/Santo_Domingo] PHP Notice:  session_start(): Ignoring session_start() because a session is already active (started from C:\wamp64\www\PLATAFORMA_INTEGRADA\backend\api\actividad.php on line 19) in C:\wamp64\www\PLATAFORMA_INTEGRADA\backend\Autenticacion.php on line 14
[17-Apr-2026 02:28:15 America/Santo_Domingo] PHP Stack trace:
[17-Apr-2026 02:28:15 America/Santo_Domingo] PHP   1. {main}() C:\wamp64\www\PLATAFORMA_INTEGRADA\backend\api\actividad.php:0
[17-Apr-2026 02:28:15 America/Santo_Domingo] PHP   2. Autenticacion->__construct() C:\wamp64\www\PLATAFORMA_INTEGRADA\backend\api\actividad.php:21
[17-Apr-2026 02:28:15 America/Santo_Domingo] PHP   3. session_start() C:\wamp64\www\PLATAFORMA_INTEGRADA\backend\Autenticacion.php:14
[17-Apr-2026 02:28:15 America/Santo_Domingo] PHP Notice:  session_start(): Ignoring session_start() because a session is already active (started from C:\wamp64\www\PLATAFORMA_INTEGRADA\backend\api\actividad.php on line 19) in C:\wamp64\www\PLATAFORMA_INTEGRADA\backend\Autenticacion.php on line 14
[17-Apr-2026 02:28:15 America/Santo_Domingo] PHP Stack trace:
[17-Apr-2026 02:28:15 America/Santo_Domingo] PHP   1. {main}() C:\wamp64\www\PLATAFORMA_INTEGRADA\backend\api\actividad.php:0
[17-Apr-2026 02:28:15 America/Santo_Domingo] PHP   2. Autenticacion->__construct() C:\wamp64\www\PLATAFORMA_INTEGRADA\backend\api\actividad.php:21
[17-Apr-2026 02:28:15 America/Santo_Domingo] PHP   3. session_start() C:\wamp64\www\PLATAFORMA_INTEGRADA\backend\Autenticacion.php:14
[17-Apr-2026 02:28:16 America/Santo_Domingo] PHP Notice:  session_start(): Ignoring session_start() because a session is already active (started from C:\wamp64\www\PLATAFORMA_INTEGRADA\backend\api\actividad.php on line 19) in C:\wamp64\www\PLATAFORMA_INTEGRADA\backend\Autenticacion.php on line 14
[17-Apr-2026 02:28:16 America/Santo_Domingo] PHP Stack trace:
[17-Apr-2026 02:28:16 America/Santo_Domingo] PHP   1. {main}() C:\wamp64\www\PLATAFORMA_INTEGRADA\backend\api\actividad.php:0
[17-Apr-2026 02:28:16 America/Santo_Domingo] PHP   2. Autenticacion->__construct() C:\wamp64\www\PLATAFORMA_INTEGRADA\backend\api\actividad.php:21
[17-Apr-2026 02:28:16 America/Santo_Domingo] PHP   3. session_start() C:\wamp64\www\PLATAFORMA_INTEGRADA\backend\Autenticacion.php:14
[17-Apr-2026 02:28:18 America/Santo_Domingo] PHP Notice:  session_start(): Ignoring session_start() because a session is already active (started from C:\wamp64\www\PLATAFORMA_INTEGRADA\backend\api\actividad.php on line 19) in C:\wamp64\www\PLATAFORMA_INTEGRADA\backend\Autenticacion.php on line 14
[17-Apr-2026 02:28:18 America/Santo_Domingo] PHP Stack trace:
[17-Apr-2026 02:28:18 America/Santo_Domingo] PHP   1. {main}() C:\wamp64\www\PLATAFORMA_INTEGRADA\backend\api\actividad.php:0
[17-Apr-2026 02:28:18 America/Santo_Domingo] PHP   2. Autenticacion->__construct() C:\wamp64\www\PLATAFORMA_INTEGRADA\backend\api\actividad.php:21
[17-Apr-2026 02:28:18 America/Santo_Domingo] PHP   3. session_start() C:\wamp64\www\PLATAFORMA_INTEGRADA\backend\Autenticacion.php:14
[21-Apr-2026 22:06:27 America/Santo_Domingo] PHP Notice:  session_start(): Ignoring session_start() because a session is already active (started from C:\wamp64\www\PLATAFORMA_INTEGRADA\backend\api\actividad.php on line 19) in C:\wamp64\www\PLATAFORMA_INTEGRADA\backend\Autenticacion.php on line 14
[21-Apr-2026 22:06:27 America/Santo_Domingo] PHP Stack trace:
[21-Apr-2026 22:06:27 America/Santo_Domingo] PHP   1. {main}() C:\wamp64\www\PLATAFORMA_INTEGRADA\backend\api\actividad.php:0
[21-Apr-2026 22:06:27 America/Santo_Domingo] PHP   2. Autenticacion->__construct() C:\wamp64\www\PLATAFORMA_INTEGRADA\backend\api\actividad.php:21
[21-Apr-2026 22:06:27 America/Santo_Domingo] PHP   3. session_start() C:\wamp64\www\PLATAFORMA_INTEGRADA\backend\Autenticacion.php:14
[21-Apr-2026 22:06:29 America/Santo_Domingo] PHP Notice:  session_start(): Ignoring session_start() because a session is already active (started from C:\wamp64\www\PLATAFORMA_INTEGRADA\backend\api\actividad.php on line 19) in C:\wamp64\www\PLATAFORMA_INTEGRADA\backend\Autenticacion.php on line 14
[21-Apr-2026 22:06:29 America/Santo_Domingo] PHP Stack trace:
[21-Apr-2026 22:06:29 America/Santo_Domingo] PHP   1. {main}() C:\wamp64\www\PLATAFORMA_INTEGRADA\backend\api\actividad.php:0
[21-Apr-2026 22:06:29 America/Santo_Domingo] PHP   2. Autenticacion->__construct() C:\wamp64\www\PLATAFORMA_INTEGRADA\backend\api\actividad.php:21
[21-Apr-2026 22:06:29 America/Santo_Domingo] PHP   3. session_start() C:\wamp64\www\PLATAFORMA_INTEGRADA\backend\Autenticacion.php:14
[21-Apr-2026 22:06:30 America/Santo_Domingo] PHP Notice:  session_start(): Ignoring session_start() because a session is already active (started from C:\wamp64\www\PLATAFORMA_INTEGRADA\backend\api\actividad.php on line 19) in C:\wamp64\www\PLATAFORMA_INTEGRADA\backend\Autenticacion.php on line 14
[21-Apr-2026 22:06:30 America/Santo_Domingo] PHP Stack trace:
[21-Apr-2026 22:06:30 America/Santo_Domingo] PHP   1. {main}() C:\wamp64\www\PLATAFORMA_INTEGRADA\backend\api\actividad.php:0
[21-Apr-2026 22:06:30 America/Santo_Domingo] PHP   2. Autenticacion->__construct() C:\wamp64\www\PLATAFORMA_INTEGRADA\backend\api\actividad.php:21
[21-Apr-2026 22:06:30 America/Santo_Domingo] PHP   3. session_start() C:\wamp64\www\PLATAFORMA_INTEGRADA\backend\Autenticacion.php:14
[21-Apr-2026 22:06:31 America/Santo_Domingo] PHP Notice:  session_start(): Ignoring session_start() because a session is already active (started from C:\wamp64\www\PLATAFORMA_INTEGRADA\backend\api\actividad.php on line 19) in C:\wamp64\www\PLATAFORMA_INTEGRADA\backend\Autenticacion.php on line 14
[21-Apr-2026 22:06:31 America/Santo_Domingo] PHP Stack trace:
[21-Apr-2026 22:06:31 America/Santo_Domingo] PHP   1. {main}() C:\wamp64\www\PLATAFORMA_INTEGRADA\backend\api\actividad.php:0
[21-Apr-2026 22:06:31 America/Santo_Domingo] PHP   2. Autenticacion->__construct() C:\wamp64\www\PLATAFORMA_INTEGRADA\backend\api\actividad.php:21
[21-Apr-2026 22:06:31 America/Santo_Domingo] PHP   3. session_start() C:\wamp64\www\PLATAFORMA_INTEGRADA\backend\Autenticacion.php:14
[21-Apr-2026 22:06:32 America/Santo_Domingo] PHP Notice:  session_start(): Ignoring session_start() because a session is already active (started from C:\wamp64\www\PLATAFORMA_INTEGRADA\backend\api\actividad.php on line 19) in C:\wamp64\www\PLATAFORMA_INTEGRADA\backend\Autenticacion.php on line 14
[21-Apr-2026 22:06:32 America/Santo_Domingo] PHP Stack trace:
[21-Apr-2026 22:06:32 America/Santo_Domingo] PHP   1. {main}() C:\wamp64\www\PLATAFORMA_INTEGRADA\backend\api\actividad.php:0
[21-Apr-2026 22:06:32 America/Santo_Domingo] PHP   2. Autenticacion->__construct() C:\wamp64\www\PLATAFORMA_INTEGRADA\backend\api\actividad.php:21
[21-Apr-2026 22:06:32 America/Santo_Domingo] PHP   3. session_start() C:\wamp64\www\PLATAFORMA_INTEGRADA\backend\Autenticacion.php:14
[21-Apr-2026 22:06:35 America/Santo_Domingo] PHP Notice:  session_start(): Ignoring session_start() because a session is already active (started from C:\wamp64\www\PLATAFORMA_INTEGRADA\backend\api\actividad.php on line 19) in C:\wamp64\www\PLATAFORMA_INTEGRADA\backend\Autenticacion.php on line 14
[21-Apr-2026 22:06:35 America/Santo_Domingo] PHP Stack trace:
[21-Apr-2026 22:06:35 America/Santo_Domingo] PHP   1. {main}() C:\wamp64\www\PLATAFORMA_INTEGRADA\backend\api\actividad.php:0
[21-Apr-2026 22:06:35 America/Santo_Domingo] PHP   2. Autenticacion->__construct() C:\wamp64\www\PLATAFORMA_INTEGRADA\backend\api\actividad.php:21
[21-Apr-2026 22:06:35 America/Santo_Domingo] PHP   3. session_start() C:\wamp64\www\PLATAFORMA_INTEGRADA\backend\Autenticacion.php:14
[21-Apr-2026 22:06:36 America/Santo_Domingo] PHP Notice:  session_start(): Ignoring session_start() because a session is already active (started from C:\wamp64\www\PLATAFORMA_INTEGRADA\backend\api\actividad.php on line 19) in C:\wamp64\www\PLATAFORMA_INTEGRADA\backend\Autenticacion.php on line 14
[21-Apr-2026 22:06:36 America/Santo_Domingo] PHP Stack trace:
[21-Apr-2026 22:06:36 America/Santo_Domingo] PHP   1. {main}() C:\wamp64\www\PLATAFORMA_INTEGRADA\backend\api\actividad.php:0
[21-Apr-2026 22:06:36 America/Santo_Domingo] PHP   2. Autenticacion->__construct() C:\wamp64\www\PLATAFORMA_INTEGRADA\backend\api\actividad.php:21
[21-Apr-2026 22:06:36 America/Santo_Domingo] PHP   3. session_start() C:\wamp64\www\PLATAFORMA_INTEGRADA\backend\Autenticacion.php:14
[21-Apr-2026 22:06:36 America/Santo_Domingo] PHP Notice:  session_start(): Ignoring session_start() because a session is already active (started from C:\wamp64\www\PLATAFORMA_INTEGRADA\backend\api\actividad.php on line 19) in C:\wamp64\www\PLATAFORMA_INTEGRADA\backend\Autenticacion.php on line 14
[21-Apr-2026 22:06:36 America/Santo_Domingo] PHP Stack trace:
[21-Apr-2026 22:06:36 America/Santo_Domingo] PHP   1. {main}() C:\wamp64\www\PLATAFORMA_INTEGRADA\backend\api\actividad.php:0
[21-Apr-2026 22:06:36 America/Santo_Domingo] PHP   2. Autenticacion->__construct() C:\wamp64\www\PLATAFORMA_INTEGRADA\backend\api\actividad.php:21
[21-Apr-2026 22:06:36 America/Santo_Domingo] PHP   3. session_start() C:\wamp64\www\PLATAFORMA_INTEGRADA\backend\Autenticacion.php:14
[21-Apr-2026 22:06:39 America/Santo_Domingo] PHP Notice:  session_start(): Ignoring session_start() because a session is already active (started from C:\wamp64\www\PLATAFORMA_INTEGRADA\backend\api\actividad.php on line 19) in C:\wamp64\www\PLATAFORMA_INTEGRADA\backend\Autenticacion.php on line 14
[21-Apr-2026 22:06:39 America/Santo_Domingo] PHP Stack trace:
[21-Apr-2026 22:06:39 America/Santo_Domingo] PHP   1. {main}() C:\wamp64\www\PLATAFORMA_INTEGRADA\backend\api\actividad.php:0
[21-Apr-2026 22:06:39 America/Santo_Domingo] PHP   2. Autenticacion->__construct() C:\wamp64\www\PLATAFORMA_INTEGRADA\backend\api\actividad.php:21
[21-Apr-2026 22:06:40 America/Santo_Domingo] PHP   3. session_start() C:\wamp64\www\PLATAFORMA_INTEGRADA\backend\Autenticacion.php:14
[22-Apr-2026 00:17:02 America/Santo_Domingo] PHP Notice:  session_start(): Ignoring session_start() because a session is already active (started from C:\wamp64\www\PLATAFORMA_INTEGRADA\backend\api\actividad.php on line 19) in C:\wamp64\www\PLATAFORMA_INTEGRADA\backend\Autenticacion.php on line 14
[22-Apr-2026 00:17:02 America/Santo_Domingo] PHP Stack trace:
[22-Apr-2026 00:17:02 America/Santo_Domingo] PHP   1. {main}() C:\wamp64\www\PLATAFORMA_INTEGRADA\backend\api\actividad.php:0
[22-Apr-2026 00:17:02 America/Santo_Domingo] PHP   2. Autenticacion->__construct() C:\wamp64\www\PLATAFORMA_INTEGRADA\backend\api\actividad.php:21
[22-Apr-2026 00:17:02 America/Santo_Domingo] PHP   3. session_start() C:\wamp64\www\PLATAFORMA_INTEGRADA\backend\Autenticacion.php:14
[22-Apr-2026 00:17:02 America/Santo_Domingo] PHP Notice:  session_start(): Ignoring session_start() because a session is already active (started from C:\wamp64\www\PLATAFORMA_INTEGRADA\backend\api\actividad.php on line 19) in C:\wamp64\www\PLATAFORMA_INTEGRADA\backend\Autenticacion.php on line 14
[22-Apr-2026 00:17:02 America/Santo_Domingo] PHP Stack trace:
[22-Apr-2026 00:17:02 America/Santo_Domingo] PHP   1. {main}() C:\wamp64\www\PLATAFORMA_INTEGRADA\backend\api\actividad.php:0
[22-Apr-2026 00:17:02 America/Santo_Domingo] PHP   2. Autenticacion->__construct() C:\wamp64\www\PLATAFORMA_INTEGRADA\backend\api\actividad.php:21
[22-Apr-2026 00:17:02 America/Santo_Domingo] PHP   3. session_start() C:\wamp64\www\PLATAFORMA_INTEGRADA\backend\Autenticacion.php:14
[22-Apr-2026 01:01:56 America/Santo_Domingo] PHP Notice:  session_start(): Ignoring session_start() because a session is already active (started from C:\wamp64\www\PLATAFORMA_INTEGRADA\backend\api\actividad.php on line 19) in C:\wamp64\www\PLATAFORMA_INTEGRADA\backend\Autenticacion.php on line 14
[22-Apr-2026 01:01:56 America/Santo_Domingo] PHP Stack trace:
[22-Apr-2026 01:01:56 America/Santo_Domingo] PHP   1. {main}() C:\wamp64\www\PLATAFORMA_INTEGRADA\backend\api\actividad.php:0
[22-Apr-2026 01:01:56 America/Santo_Domingo] PHP   2. Autenticacion->__construct() C:\wamp64\www\PLATAFORMA_INTEGRADA\backend\api\actividad.php:21
[22-Apr-2026 01:01:56 America/Santo_Domingo] PHP   3. session_start() C:\wamp64\www\PLATAFORMA_INTEGRADA\backend\Autenticacion.php:14
[22-Apr-2026 01:02:04 America/Santo_Domingo] PHP Notice:  session_start(): Ignoring session_start() because a session is already active (started from C:\wamp64\www\PLATAFORMA_INTEGRADA\backend\api\actividad.php on line 19) in C:\wamp64\www\PLATAFORMA_INTEGRADA\backend\Autenticacion.php on line 14
[22-Apr-2026 01:02:04 America/Santo_Domingo] PHP Stack trace:
[22-Apr-2026 01:02:04 America/Santo_Domingo] PHP   1. {main}() C:\wamp64\www\PLATAFORMA_INTEGRADA\backend\api\actividad.php:0
[22-Apr-2026 01:02:04 America/Santo_Domingo] PHP   2. Autenticacion->__construct() C:\wamp64\www\PLATAFORMA_INTEGRADA\backend\api\actividad.php:21
[22-Apr-2026 01:02:04 America/Santo_Domingo] PHP   3. session_start() C:\wamp64\www\PLATAFORMA_INTEGRADA\backend\Autenticacion.php:14
[22-Apr-2026 01:31:24 America/Santo_Domingo] PHP Notice:  session_start(): Ignoring session_start() because a session is already active (started from C:\wamp64\www\PLATAFORMA_INTEGRADA\backend\api\actividad.php on line 19) in C:\wamp64\www\PLATAFORMA_INTEGRADA\backend\Autenticacion.php on line 14
[22-Apr-2026 01:31:24 America/Santo_Domingo] PHP Stack trace:
[22-Apr-2026 01:31:24 America/Santo_Domingo] PHP   1. {main}() C:\wamp64\www\PLATAFORMA_INTEGRADA\backend\api\actividad.php:0
[22-Apr-2026 01:31:24 America/Santo_Domingo] PHP   2. Autenticacion->__construct() C:\wamp64\www\PLATAFORMA_INTEGRADA\backend\api\actividad.php:21
[22-Apr-2026 01:31:24 America/Santo_Domingo] PHP   3. session_start() C:\wamp64\www\PLATAFORMA_INTEGRADA\backend\Autenticacion.php:14
[22-Apr-2026 01:31:31 America/Santo_Domingo] PHP Notice:  session_start(): Ignoring session_start() because a session is already active (started from C:\wamp64\www\PLATAFORMA_INTEGRADA\backend\api\actividad.php on line 19) in C:\wamp64\www\PLATAFORMA_INTEGRADA\backend\Autenticacion.php on line 14
[22-Apr-2026 01:31:31 America/Santo_Domingo] PHP Stack trace:
[22-Apr-2026 01:31:31 America/Santo_Domingo] PHP   1. {main}() C:\wamp64\www\PLATAFORMA_INTEGRADA\backend\api\actividad.php:0
[22-Apr-2026 01:31:31 America/Santo_Domingo] PHP   2. Autenticacion->__construct() C:\wamp64\www\PLATAFORMA_INTEGRADA\backend\api\actividad.php:21
[22-Apr-2026 01:31:31 America/Santo_Domingo] PHP   3. session_start() C:\wamp64\www\PLATAFORMA_INTEGRADA\backend\Autenticacion.php:14
[22-Apr-2026 01:35:40 America/Santo_Domingo] PHP Notice:  session_start(): Ignoring session_start() because a session is already active (started from C:\wamp64\www\PLATAFORMA_INTEGRADA\backend\api\actividad.php on line 19) in C:\wamp64\www\PLATAFORMA_INTEGRADA\backend\Autenticacion.php on line 14
[22-Apr-2026 01:35:40 America/Santo_Domingo] PHP Stack trace:
[22-Apr-2026 01:35:40 America/Santo_Domingo] PHP   1. {main}() C:\wamp64\www\PLATAFORMA_INTEGRADA\backend\api\actividad.php:0
[22-Apr-2026 01:35:40 America/Santo_Domingo] PHP   2. Autenticacion->__construct() C:\wamp64\www\PLATAFORMA_INTEGRADA\backend\api\actividad.php:21
[22-Apr-2026 01:35:40 America/Santo_Domingo] PHP   3. session_start() C:\wamp64\www\PLATAFORMA_INTEGRADA\backend\Autenticacion.php:14
[22-Apr-2026 02:01:56 America/Santo_Domingo] PHP Notice:  session_start(): Ignoring session_start() because a session is already active (started from C:\wamp64\www\PLATAFORMA_INTEGRADA\backend\api\actividad.php on line 19) in C:\wamp64\www\PLATAFORMA_INTEGRADA\backend\Autenticacion.php on line 14
[22-Apr-2026 02:01:56 America/Santo_Domingo] PHP Stack trace:
[22-Apr-2026 02:01:56 America/Santo_Domingo] PHP   1. {main}() C:\wamp64\www\PLATAFORMA_INTEGRADA\backend\api\actividad.php:0
[22-Apr-2026 02:01:56 America/Santo_Domingo] PHP   2. Autenticacion->__construct() C:\wamp64\www\PLATAFORMA_INTEGRADA\backend\api\actividad.php:21
[22-Apr-2026 02:01:56 America/Santo_Domingo] PHP   3. session_start() C:\wamp64\www\PLATAFORMA_INTEGRADA\backend\Autenticacion.php:14
[22-Apr-2026 02:02:56 America/Santo_Domingo] PHP Notice:  session_start(): Ignoring session_start() because a session is already active (started from C:\wamp64\www\PLATAFORMA_INTEGRADA\backend\api\actividad.php on line 19) in C:\wamp64\www\PLATAFORMA_INTEGRADA\backend\Autenticacion.php on line 14
[22-Apr-2026 02:02:56 America/Santo_Domingo] PHP Stack trace:
[22-Apr-2026 02:02:56 America/Santo_Domingo] PHP   1. {main}() C:\wamp64\www\PLATAFORMA_INTEGRADA\backend\api\actividad.php:0
[22-Apr-2026 02:02:56 America/Santo_Domingo] PHP   2. Autenticacion->__construct() C:\wamp64\www\PLATAFORMA_INTEGRADA\backend\api\actividad.php:21
[22-Apr-2026 02:02:56 America/Santo_Domingo] PHP   3. session_start() C:\wamp64\www\PLATAFORMA_INTEGRADA\backend\Autenticacion.php:14
[22-Apr-2026 02:03:16 America/Santo_Domingo] PHP Notice:  session_start(): Ignoring session_start() because a session is already active (started from C:\wamp64\www\PLATAFORMA_INTEGRADA\backend\api\actividad.php on line 19) in C:\wamp64\www\PLATAFORMA_INTEGRADA\backend\Autenticacion.php on line 14
[22-Apr-2026 02:03:16 America/Santo_Domingo] PHP Stack trace:
[22-Apr-2026 02:03:16 America/Santo_Domingo] PHP   1. {main}() C:\wamp64\www\PLATAFORMA_INTEGRADA\backend\api\actividad.php:0
[22-Apr-2026 02:03:16 America/Santo_Domingo] PHP   2. Autenticacion->__construct() C:\wamp64\www\PLATAFORMA_INTEGRADA\backend\api\actividad.php:21
[22-Apr-2026 02:03:16 America/Santo_Domingo] PHP   3. session_start() C:\wamp64\www\PLATAFORMA_INTEGRADA\backend\Autenticacion.php:14
[22-Apr-2026 02:31:16 America/Santo_Domingo] PHP Notice:  session_start(): Ignoring session_start() because a session is already active (started from C:\wamp64\www\PLATAFORMA_INTEGRADA\backend\api\actividad.php on line 19) in C:\wamp64\www\PLATAFORMA_INTEGRADA\backend\Autenticacion.php on line 14
[22-Apr-2026 02:31:16 America/Santo_Domingo] PHP Stack trace:
[22-Apr-2026 02:31:16 America/Santo_Domingo] PHP   1. {main}() C:\wamp64\www\PLATAFORMA_INTEGRADA\backend\api\actividad.php:0
[22-Apr-2026 02:31:16 America/Santo_Domingo] PHP   2. Autenticacion->__construct() C:\wamp64\www\PLATAFORMA_INTEGRADA\backend\api\actividad.php:21
[22-Apr-2026 02:31:16 America/Santo_Domingo] PHP   3. session_start() C:\wamp64\www\PLATAFORMA_INTEGRADA\backend\Autenticacion.php:14
[22-Apr-2026 02:31:23 America/Santo_Domingo] PHP Notice:  session_start(): Ignoring session_start() because a session is already active (started from C:\wamp64\www\PLATAFORMA_INTEGRADA\backend\api\actividad.php on line 19) in C:\wamp64\www\PLATAFORMA_INTEGRADA\backend\Autenticacion.php on line 14
[22-Apr-2026 02:31:23 America/Santo_Domingo] PHP Stack trace:
[22-Apr-2026 02:31:23 America/Santo_Domingo] PHP   1. {main}() C:\wamp64\www\PLATAFORMA_INTEGRADA\backend\api\actividad.php:0
[22-Apr-2026 02:31:23 America/Santo_Domingo] PHP   2. Autenticacion->__construct() C:\wamp64\www\PLATAFORMA_INTEGRADA\backend\api\actividad.php:21
[22-Apr-2026 02:31:23 America/Santo_Domingo] PHP   3. session_start() C:\wamp64\www\PLATAFORMA_INTEGRADA\backend\Autenticacion.php:14
[22-Apr-2026 02:31:30 America/Santo_Domingo] PHP Notice:  session_start(): Ignoring session_start() because a session is already active (started from C:\wamp64\www\PLATAFORMA_INTEGRADA\backend\api\actividad.php on line 19) in C:\wamp64\www\PLATAFORMA_INTEGRADA\backend\Autenticacion.php on line 14
[22-Apr-2026 02:31:30 America/Santo_Domingo] PHP Stack trace:
[22-Apr-2026 02:31:30 America/Santo_Domingo] PHP   1. {main}() C:\wamp64\www\PLATAFORMA_INTEGRADA\backend\api\actividad.php:0
[22-Apr-2026 02:31:30 America/Santo_Domingo] PHP   2. Autenticacion->__construct() C:\wamp64\www\PLATAFORMA_INTEGRADA\backend\api\actividad.php:21
[22-Apr-2026 02:31:30 America/Santo_Domingo] PHP   3. session_start() C:\wamp64\www\PLATAFORMA_INTEGRADA\backend\Autenticacion.php:14
[22-Apr-2026 02:31:50 America/Santo_Domingo] PHP Notice:  session_start(): Ignoring session_start() because a session is already active (started from C:\wamp64\www\PLATAFORMA_INTEGRADA\backend\api\actividad.php on line 19) in C:\wamp64\www\PLATAFORMA_INTEGRADA\backend\Autenticacion.php on line 14
[22-Apr-2026 02:31:50 America/Santo_Domingo] PHP Stack trace:
[22-Apr-2026 02:31:50 America/Santo_Domingo] PHP   1. {main}() C:\wamp64\www\PLATAFORMA_INTEGRADA\backend\api\actividad.php:0
[22-Apr-2026 02:31:50 America/Santo_Domingo] PHP   2. Autenticacion->__construct() C:\wamp64\www\PLATAFORMA_INTEGRADA\backend\api\actividad.php:21
[22-Apr-2026 02:31:50 America/Santo_Domingo] PHP   3. session_start() C:\wamp64\www\PLATAFORMA_INTEGRADA\backend\Autenticacion.php:14
[22-Apr-2026 02:33:18 America/Santo_Domingo] PHP Notice:  session_start(): Ignoring session_start() because a session is already active (started from C:\wamp64\www\PLATAFORMA_INTEGRADA\backend\api\actividad.php on line 19) in C:\wamp64\www\PLATAFORMA_INTEGRADA\backend\Autenticacion.php on line 14
[22-Apr-2026 02:33:18 America/Santo_Domingo] PHP Stack trace:
[22-Apr-2026 02:33:18 America/Santo_Domingo] PHP   1. {main}() C:\wamp64\www\PLATAFORMA_INTEGRADA\backend\api\actividad.php:0
[22-Apr-2026 02:33:18 America/Santo_Domingo] PHP   2. Autenticacion->__construct() C:\wamp64\www\PLATAFORMA_INTEGRADA\backend\api\actividad.php:21
[22-Apr-2026 02:33:18 America/Santo_Domingo] PHP   3. session_start() C:\wamp64\www\PLATAFORMA_INTEGRADA\backend\Autenticacion.php:14
[22-Apr-2026 02:33:20 America/Santo_Domingo] PHP Notice:  session_start(): Ignoring session_start() because a session is already active (started from C:\wamp64\www\PLATAFORMA_INTEGRADA\backend\api\actividad.php on line 19) in C:\wamp64\www\PLATAFORMA_INTEGRADA\backend\Autenticacion.php on line 14
[22-Apr-2026 02:33:20 America/Santo_Domingo] PHP Stack trace:
[22-Apr-2026 02:33:20 America/Santo_Domingo] PHP   1. {main}() C:\wamp64\www\PLATAFORMA_INTEGRADA\backend\api\actividad.php:0
[22-Apr-2026 02:33:20 America/Santo_Domingo] PHP   2. Autenticacion->__construct() C:\wamp64\www\PLATAFORMA_INTEGRADA\backend\api\actividad.php:21
[22-Apr-2026 02:33:20 America/Santo_Domingo] PHP   3. session_start() C:\wamp64\www\PLATAFORMA_INTEGRADA\backend\Autenticacion.php:14
[22-Apr-2026 02:37:34 America/Santo_Domingo] PHP Notice:  session_start(): Ignoring session_start() because a session is already active (started from C:\wamp64\www\PLATAFORMA_INTEGRADA\backend\api\actividad.php on line 19) in C:\wamp64\www\PLATAFORMA_INTEGRADA\backend\Autenticacion.php on line 14
[22-Apr-2026 02:37:34 America/Santo_Domingo] PHP Stack trace:
[22-Apr-2026 02:37:34 America/Santo_Domingo] PHP   1. {main}() C:\wamp64\www\PLATAFORMA_INTEGRADA\backend\api\actividad.php:0
[22-Apr-2026 02:37:34 America/Santo_Domingo] PHP   2. Autenticacion->__construct() C:\wamp64\www\PLATAFORMA_INTEGRADA\backend\api\actividad.php:21
[22-Apr-2026 02:37:34 America/Santo_Domingo] PHP   3. session_start() C:\wamp64\www\PLATAFORMA_INTEGRADA\backend\Autenticacion.php:14
[22-Apr-2026 02:37:41 America/Santo_Domingo] PHP Notice:  session_start(): Ignoring session_start() because a session is already active (started from C:\wamp64\www\PLATAFORMA_INTEGRADA\backend\api\actividad.php on line 19) in C:\wamp64\www\PLATAFORMA_INTEGRADA\backend\Autenticacion.php on line 14
[22-Apr-2026 02:37:41 America/Santo_Domingo] PHP Stack trace:
[22-Apr-2026 02:37:41 America/Santo_Domingo] PHP   1. {main}() C:\wamp64\www\PLATAFORMA_INTEGRADA\backend\api\actividad.php:0
[22-Apr-2026 02:37:41 America/Santo_Domingo] PHP   2. Autenticacion->__construct() C:\wamp64\www\PLATAFORMA_INTEGRADA\backend\api\actividad.php:21
[22-Apr-2026 02:37:41 America/Santo_Domingo] PHP   3. session_start() C:\wamp64\www\PLATAFORMA_INTEGRADA\backend\Autenticacion.php:14
[22-Apr-2026 02:39:26 America/Santo_Domingo] PHP Notice:  session_start(): Ignoring session_start() because a session is already active (started from C:\wamp64\www\PLATAFORMA_INTEGRADA\backend\api\actividad.php on line 19) in C:\wamp64\www\PLATAFORMA_INTEGRADA\backend\Autenticacion.php on line 14
[22-Apr-2026 02:39:26 America/Santo_Domingo] PHP Stack trace:
[22-Apr-2026 02:39:26 America/Santo_Domingo] PHP   1. {main}() C:\wamp64\www\PLATAFORMA_INTEGRADA\backend\api\actividad.php:0
[22-Apr-2026 02:39:26 America/Santo_Domingo] PHP   2. Autenticacion->__construct() C:\wamp64\www\PLATAFORMA_INTEGRADA\backend\api\actividad.php:21
[22-Apr-2026 02:39:26 America/Santo_Domingo] PHP   3. session_start() C:\wamp64\www\PLATAFORMA_INTEGRADA\backend\Autenticacion.php:14
[22-Apr-2026 02:39:37 America/Santo_Domingo] PHP Notice:  session_start(): Ignoring session_start() because a session is already active (started from C:\wamp64\www\PLATAFORMA_INTEGRADA\backend\api\actividad.php on line 19) in C:\wamp64\www\PLATAFORMA_INTEGRADA\backend\Autenticacion.php on line 14
[22-Apr-2026 02:39:37 America/Santo_Domingo] PHP Stack trace:
[22-Apr-2026 02:39:37 America/Santo_Domingo] PHP   1. {main}() C:\wamp64\www\PLATAFORMA_INTEGRADA\backend\api\actividad.php:0
[22-Apr-2026 02:39:37 America/Santo_Domingo] PHP   2. Autenticacion->__construct() C:\wamp64\www\PLATAFORMA_INTEGRADA\backend\api\actividad.php:21
[22-Apr-2026 02:39:37 America/Santo_Domingo] PHP   3. session_start() C:\wamp64\www\PLATAFORMA_INTEGRADA\backend\Autenticacion.php:14
[22-Apr-2026 02:41:11 America/Santo_Domingo] PHP Notice:  session_start(): Ignoring session_start() because a session is already active (started from C:\wamp64\www\PLATAFORMA_INTEGRADA\backend\api\actividad.php on line 19) in C:\wamp64\www\PLATAFORMA_INTEGRADA\backend\Autenticacion.php on line 14
[22-Apr-2026 02:41:11 America/Santo_Domingo] PHP Stack trace:
[22-Apr-2026 02:41:11 America/Santo_Domingo] PHP   1. {main}() C:\wamp64\www\PLATAFORMA_INTEGRADA\backend\api\actividad.php:0
[22-Apr-2026 02:41:11 America/Santo_Domingo] PHP   2. Autenticacion->__construct() C:\wamp64\www\PLATAFORMA_INTEGRADA\backend\api\actividad.php:21
[22-Apr-2026 02:41:11 America/Santo_Domingo] PHP   3. session_start() C:\wamp64\www\PLATAFORMA_INTEGRADA\backend\Autenticacion.php:14
[22-Apr-2026 02:41:43 America/Santo_Domingo] PHP Notice:  session_start(): Ignoring session_start() because a session is already active (started from C:\wamp64\www\PLATAFORMA_INTEGRADA\backend\api\actividad.php on line 19) in C:\wamp64\www\PLATAFORMA_INTEGRADA\backend\Autenticacion.php on line 14
[22-Apr-2026 02:41:43 America/Santo_Domingo] PHP Stack trace:
[22-Apr-2026 02:41:43 America/Santo_Domingo] PHP   1. {main}() C:\wamp64\www\PLATAFORMA_INTEGRADA\backend\api\actividad.php:0
[22-Apr-2026 02:41:43 America/Santo_Domingo] PHP   2. Autenticacion->__construct() C:\wamp64\www\PLATAFORMA_INTEGRADA\backend\api\actividad.php:21
[22-Apr-2026 02:41:43 America/Santo_Domingo] PHP   3. session_start() C:\wamp64\www\PLATAFORMA_INTEGRADA\backend\Autenticacion.php:14
[22-Apr-2026 02:44:31 America/Santo_Domingo] PHP Notice:  session_start(): Ignoring session_start() because a session is already active (started from C:\wamp64\www\PLATAFORMA_INTEGRADA\backend\api\actividad.php on line 19) in C:\wamp64\www\PLATAFORMA_INTEGRADA\backend\Autenticacion.php on line 14
[22-Apr-2026 02:44:31 America/Santo_Domingo] PHP Stack trace:
[22-Apr-2026 02:44:31 America/Santo_Domingo] PHP   1. {main}() C:\wamp64\www\PLATAFORMA_INTEGRADA\backend\api\actividad.php:0
[22-Apr-2026 02:44:31 America/Santo_Domingo] PHP   2. Autenticacion->__construct() C:\wamp64\www\PLATAFORMA_INTEGRADA\backend\api\actividad.php:21
[22-Apr-2026 02:44:31 America/Santo_Domingo] PHP   3. session_start() C:\wamp64\www\PLATAFORMA_INTEGRADA\backend\Autenticacion.php:14
[22-Apr-2026 02:45:10 America/Santo_Domingo] PHP Notice:  session_start(): Ignoring session_start() because a session is already active (started from C:\wamp64\www\PLATAFORMA_INTEGRADA\backend\api\actividad.php on line 19) in C:\wamp64\www\PLATAFORMA_INTEGRADA\backend\Autenticacion.php on line 14
[22-Apr-2026 02:45:10 America/Santo_Domingo] PHP Stack trace:
[22-Apr-2026 02:45:10 America/Santo_Domingo] PHP   1. {main}() C:\wamp64\www\PLATAFORMA_INTEGRADA\backend\api\actividad.php:0
[22-Apr-2026 02:45:10 America/Santo_Domingo] PHP   2. Autenticacion->__construct() C:\wamp64\www\PLATAFORMA_INTEGRADA\backend\api\actividad.php:21
[22-Apr-2026 02:45:10 America/Santo_Domingo] PHP   3. session_start() C:\wamp64\www\PLATAFORMA_INTEGRADA\backend\Autenticacion.php:14
[22-Apr-2026 02:48:03 America/Santo_Domingo] PHP Notice:  session_start(): Ignoring session_start() because a session is already active (started from C:\wamp64\www\PLATAFORMA_INTEGRADA\backend\api\actividad.php on line 19) in C:\wamp64\www\PLATAFORMA_INTEGRADA\backend\Autenticacion.php on line 14
[22-Apr-2026 02:48:03 America/Santo_Domingo] PHP Stack trace:
[22-Apr-2026 02:48:03 America/Santo_Domingo] PHP   1. {main}() C:\wamp64\www\PLATAFORMA_INTEGRADA\backend\api\actividad.php:0
[22-Apr-2026 02:48:03 America/Santo_Domingo] PHP   2. Autenticacion->__construct() C:\wamp64\www\PLATAFORMA_INTEGRADA\backend\api\actividad.php:21
[22-Apr-2026 02:48:03 America/Santo_Domingo] PHP   3. session_start() C:\wamp64\www\PLATAFORMA_INTEGRADA\backend\Autenticacion.php:14
[22-Apr-2026 02:48:17 America/Santo_Domingo] PHP Notice:  session_start(): Ignoring session_start() because a session is already active (started from C:\wamp64\www\PLATAFORMA_INTEGRADA\backend\api\actividad.php on line 19) in C:\wamp64\www\PLATAFORMA_INTEGRADA\backend\Autenticacion.php on line 14
[22-Apr-2026 02:48:17 America/Santo_Domingo] PHP Stack trace:
[22-Apr-2026 02:48:17 America/Santo_Domingo] PHP   1. {main}() C:\wamp64\www\PLATAFORMA_INTEGRADA\backend\api\actividad.php:0
[22-Apr-2026 02:48:17 America/Santo_Domingo] PHP   2. Autenticacion->__construct() C:\wamp64\www\PLATAFORMA_INTEGRADA\backend\api\actividad.php:21
[22-Apr-2026 02:48:17 America/Santo_Domingo] PHP   3. session_start() C:\wamp64\www\PLATAFORMA_INTEGRADA\backend\Autenticacion.php:14
[22-Apr-2026 02:49:00 America/Santo_Domingo] PHP Notice:  session_start(): Ignoring session_start() because a session is already active (started from C:\wamp64\www\PLATAFORMA_INTEGRADA\backend\api\actividad.php on line 19) in C:\wamp64\www\PLATAFORMA_INTEGRADA\backend\Autenticacion.php on line 14
[22-Apr-2026 02:49:00 America/Santo_Domingo] PHP Stack trace:
[22-Apr-2026 02:49:00 America/Santo_Domingo] PHP   1. {main}() C:\wamp64\www\PLATAFORMA_INTEGRADA\backend\api\actividad.php:0
[22-Apr-2026 02:49:00 America/Santo_Domingo] PHP   2. Autenticacion->__construct() C:\wamp64\www\PLATAFORMA_INTEGRADA\backend\api\actividad.php:21
[22-Apr-2026 02:49:00 America/Santo_Domingo] PHP   3. session_start() C:\wamp64\www\PLATAFORMA_INTEGRADA\backend\Autenticacion.php:14
[22-Apr-2026 02:49:07 America/Santo_Domingo] PHP Notice:  session_start(): Ignoring session_start() because a session is already active (started from C:\wamp64\www\PLATAFORMA_INTEGRADA\backend\api\actividad.php on line 19) in C:\wamp64\www\PLATAFORMA_INTEGRADA\backend\Autenticacion.php on line 14
[22-Apr-2026 02:49:07 America/Santo_Domingo] PHP Stack trace:
[22-Apr-2026 02:49:07 America/Santo_Domingo] PHP   1. {main}() C:\wamp64\www\PLATAFORMA_INTEGRADA\backend\api\actividad.php:0
[22-Apr-2026 02:49:07 America/Santo_Domingo] PHP   2. Autenticacion->__construct() C:\wamp64\www\PLATAFORMA_INTEGRADA\backend\api\actividad.php:21
[22-Apr-2026 02:49:07 America/Santo_Domingo] PHP   3. session_start() C:\wamp64\www\PLATAFORMA_INTEGRADA\backend\Autenticacion.php:14
[22-Apr-2026 03:10:43 America/Santo_Domingo] PHP Notice:  session_start(): Ignoring session_start() because a session is already active (started from C:\wamp64\www\PLATAFORMA_INTEGRADA\backend\api\actividad.php on line 19) in C:\wamp64\www\PLATAFORMA_INTEGRADA\backend\Autenticacion.php on line 14
[22-Apr-2026 03:10:43 America/Santo_Domingo] PHP Stack trace:
[22-Apr-2026 03:10:43 America/Santo_Domingo] PHP   1. {main}() C:\wamp64\www\PLATAFORMA_INTEGRADA\backend\api\actividad.php:0
[22-Apr-2026 03:10:43 America/Santo_Domingo] PHP   2. Autenticacion->__construct() C:\wamp64\www\PLATAFORMA_INTEGRADA\backend\api\actividad.php:21
[22-Apr-2026 03:10:43 America/Santo_Domingo] PHP   3. session_start() C:\wamp64\www\PLATAFORMA_INTEGRADA\backend\Autenticacion.php:14
[22-Apr-2026 07:46:09 America/Santo_Domingo] PHP Notice:  session_start(): Ignoring session_start() because a session is already active (started from C:\wamp64\www\PLATAFORMA_INTEGRADA\backend\api\actividad.php on line 19) in C:\wamp64\www\PLATAFORMA_INTEGRADA\backend\Autenticacion.php on line 14
[22-Apr-2026 07:46:09 America/Santo_Domingo] PHP Stack trace:
[22-Apr-2026 07:46:09 America/Santo_Domingo] PHP   1. {main}() C:\wamp64\www\PLATAFORMA_INTEGRADA\backend\api\actividad.php:0
[22-Apr-2026 07:46:09 America/Santo_Domingo] PHP   2. Autenticacion->__construct() C:\wamp64\www\PLATAFORMA_INTEGRADA\backend\api\actividad.php:21
[22-Apr-2026 07:46:09 America/Santo_Domingo] PHP   3. session_start() C:\wamp64\www\PLATAFORMA_INTEGRADA\backend\Autenticacion.php:14
[22-Apr-2026 07:46:10 America/Santo_Domingo] PHP Notice:  session_start(): Ignoring session_start() because a session is already active (started from C:\wamp64\www\PLATAFORMA_INTEGRADA\backend\api\actividad.php on line 19) in C:\wamp64\www\PLATAFORMA_INTEGRADA\backend\Autenticacion.php on line 14
[22-Apr-2026 07:46:10 America/Santo_Domingo] PHP Stack trace:
[22-Apr-2026 07:46:10 America/Santo_Domingo] PHP   1. {main}() C:\wamp64\www\PLATAFORMA_INTEGRADA\backend\api\actividad.php:0
[22-Apr-2026 07:46:10 America/Santo_Domingo] PHP   2. Autenticacion->__construct() C:\wamp64\www\PLATAFORMA_INTEGRADA\backend\api\actividad.php:21
[22-Apr-2026 07:46:10 America/Santo_Domingo] PHP   3. session_start() C:\wamp64\www\PLATAFORMA_INTEGRADA\backend\Autenticacion.php:14
[22-Apr-2026 07:48:28 America/Santo_Domingo] PHP Notice:  session_start(): Ignoring session_start() because a session is already active (started from C:\wamp64\www\PLATAFORMA_INTEGRADA\backend\api\actividad.php on line 19) in C:\wamp64\www\PLATAFORMA_INTEGRADA\backend\Autenticacion.php on line 14
[22-Apr-2026 07:48:28 America/Santo_Domingo] PHP Stack trace:
[22-Apr-2026 07:48:28 America/Santo_Domingo] PHP   1. {main}() C:\wamp64\www\PLATAFORMA_INTEGRADA\backend\api\actividad.php:0
[22-Apr-2026 07:48:28 America/Santo_Domingo] PHP   2. Autenticacion->__construct() C:\wamp64\www\PLATAFORMA_INTEGRADA\backend\api\actividad.php:21
[22-Apr-2026 07:48:28 America/Santo_Domingo] PHP   3. session_start() C:\wamp64\www\PLATAFORMA_INTEGRADA\backend\Autenticacion.php:14
[22-Apr-2026 08:03:17 America/Santo_Domingo] PHP Notice:  session_start(): Ignoring session_start() because a session is already active (started from C:\wamp64\www\PLATAFORMA_INTEGRADA\backend\api\actividad.php on line 19) in C:\wamp64\www\PLATAFORMA_INTEGRADA\backend\Autenticacion.php on line 14
[22-Apr-2026 08:03:17 America/Santo_Domingo] PHP Stack trace:
[22-Apr-2026 08:03:17 America/Santo_Domingo] PHP   1. {main}() C:\wamp64\www\PLATAFORMA_INTEGRADA\backend\api\actividad.php:0
[22-Apr-2026 08:03:17 America/Santo_Domingo] PHP   2. Autenticacion->__construct() C:\wamp64\www\PLATAFORMA_INTEGRADA\backend\api\actividad.php:21
[22-Apr-2026 08:03:17 America/Santo_Domingo] PHP   3. session_start() C:\wamp64\www\PLATAFORMA_INTEGRADA\backend\Autenticacion.php:14
[22-Apr-2026 08:03:19 America/Santo_Domingo] PHP Notice:  session_start(): Ignoring session_start() because a session is already active (started from C:\wamp64\www\PLATAFORMA_INTEGRADA\backend\api\actividad.php on line 19) in C:\wamp64\www\PLATAFORMA_INTEGRADA\backend\Autenticacion.php on line 14
[22-Apr-2026 08:03:19 America/Santo_Domingo] PHP Stack trace:
[22-Apr-2026 08:03:19 America/Santo_Domingo] PHP   1. {main}() C:\wamp64\www\PLATAFORMA_INTEGRADA\backend\api\actividad.php:0
[22-Apr-2026 08:03:19 America/Santo_Domingo] PHP   2. Autenticacion->__construct() C:\wamp64\www\PLATAFORMA_INTEGRADA\backend\api\actividad.php:21
[22-Apr-2026 08:03:19 America/Santo_Domingo] PHP   3. session_start() C:\wamp64\www\PLATAFORMA_INTEGRADA\backend\Autenticacion.php:14
[22-Apr-2026 08:06:13 America/Santo_Domingo] PHP Notice:  session_start(): Ignoring session_start() because a session is already active (started from C:\wamp64\www\PLATAFORMA_INTEGRADA\backend\api\actividad.php on line 19) in C:\wamp64\www\PLATAFORMA_INTEGRADA\backend\Autenticacion.php on line 14
[22-Apr-2026 08:06:13 America/Santo_Domingo] PHP Stack trace:
[22-Apr-2026 08:06:13 America/Santo_Domingo] PHP   1. {main}() C:\wamp64\www\PLATAFORMA_INTEGRADA\backend\api\actividad.php:0
[22-Apr-2026 08:06:13 America/Santo_Domingo] PHP   2. Autenticacion->__construct() C:\wamp64\www\PLATAFORMA_INTEGRADA\backend\api\actividad.php:21
[22-Apr-2026 08:06:13 America/Santo_Domingo] PHP   3. session_start() C:\wamp64\www\PLATAFORMA_INTEGRADA\backend\Autenticacion.php:14
[22-Apr-2026 08:06:31 America/Santo_Domingo] PHP Notice:  session_start(): Ignoring session_start() because a session is already active (started from C:\wamp64\www\PLATAFORMA_INTEGRADA\backend\api\actividad.php on line 19) in C:\wamp64\www\PLATAFORMA_INTEGRADA\backend\Autenticacion.php on line 14
[22-Apr-2026 08:06:31 America/Santo_Domingo] PHP Stack trace:
[22-Apr-2026 08:06:31 America/Santo_Domingo] PHP   1. {main}() C:\wamp64\www\PLATAFORMA_INTEGRADA\backend\api\actividad.php:0
[22-Apr-2026 08:06:31 America/Santo_Domingo] PHP   2. Autenticacion->__construct() C:\wamp64\www\PLATAFORMA_INTEGRADA\backend\api\actividad.php:21
[22-Apr-2026 08:06:31 America/Santo_Domingo] PHP   3. session_start() C:\wamp64\www\PLATAFORMA_INTEGRADA\backend\Autenticacion.php:14
[22-Apr-2026 08:06:34 America/Santo_Domingo] PHP Notice:  session_start(): Ignoring session_start() because a session is already active (started from C:\wamp64\www\PLATAFORMA_INTEGRADA\backend\api\actividad.php on line 19) in C:\wamp64\www\PLATAFORMA_INTEGRADA\backend\Autenticacion.php on line 14
[22-Apr-2026 08:06:34 America/Santo_Domingo] PHP Stack trace:
[22-Apr-2026 08:06:34 America/Santo_Domingo] PHP   1. {main}() C:\wamp64\www\PLATAFORMA_INTEGRADA\backend\api\actividad.php:0
[22-Apr-2026 08:06:34 America/Santo_Domingo] PHP   2. Autenticacion->__construct() C:\wamp64\www\PLATAFORMA_INTEGRADA\backend\api\actividad.php:21
[22-Apr-2026 08:06:34 America/Santo_Domingo] PHP   3. session_start() C:\wamp64\www\PLATAFORMA_INTEGRADA\backend\Autenticacion.php:14
[22-Apr-2026 08:22:36 America/Santo_Domingo] PHP Notice:  session_start(): Ignoring session_start() because a session is already active (started from C:\wamp64\www\PLATAFORMA_INTEGRADA\backend\api\actividad.php on line 19) in C:\wamp64\www\PLATAFORMA_INTEGRADA\backend\Autenticacion.php on line 14
[22-Apr-2026 08:22:36 America/Santo_Domingo] PHP Stack trace:
[22-Apr-2026 08:22:36 America/Santo_Domingo] PHP   1. {main}() C:\wamp64\www\PLATAFORMA_INTEGRADA\backend\api\actividad.php:0
[22-Apr-2026 08:22:36 America/Santo_Domingo] PHP   2. Autenticacion->__construct() C:\wamp64\www\PLATAFORMA_INTEGRADA\backend\api\actividad.php:21
[22-Apr-2026 08:22:36 America/Santo_Domingo] PHP   3. session_start() C:\wamp64\www\PLATAFORMA_INTEGRADA\backend\Autenticacion.php:14
[22-Apr-2026 08:22:46 America/Santo_Domingo] PHP Notice:  session_start(): Ignoring session_start() because a session is already active (started from C:\wamp64\www\PLATAFORMA_INTEGRADA\backend\api\actividad.php on line 19) in C:\wamp64\www\PLATAFORMA_INTEGRADA\backend\Autenticacion.php on line 14
[22-Apr-2026 08:22:46 America/Santo_Domingo] PHP Stack trace:
[22-Apr-2026 08:22:46 America/Santo_Domingo] PHP   1. {main}() C:\wamp64\www\PLATAFORMA_INTEGRADA\backend\api\actividad.php:0
[22-Apr-2026 08:22:46 America/Santo_Domingo] PHP   2. Autenticacion->__construct() C:\wamp64\www\PLATAFORMA_INTEGRADA\backend\api\actividad.php:21
[22-Apr-2026 08:22:46 America/Santo_Domingo] PHP   3. session_start() C:\wamp64\www\PLATAFORMA_INTEGRADA\backend\Autenticacion.php:14
[22-Apr-2026 08:24:48 America/Santo_Domingo] PHP Notice:  session_start(): Ignoring session_start() because a session is already active (started from C:\wamp64\www\PLATAFORMA_INTEGRADA\backend\api\actividad.php on line 19) in C:\wamp64\www\PLATAFORMA_INTEGRADA\backend\Autenticacion.php on line 14
[22-Apr-2026 08:24:48 America/Santo_Domingo] PHP Stack trace:
[22-Apr-2026 08:24:48 America/Santo_Domingo] PHP   1. {main}() C:\wamp64\www\PLATAFORMA_INTEGRADA\backend\api\actividad.php:0
[22-Apr-2026 08:24:48 America/Santo_Domingo] PHP   2. Autenticacion->__construct() C:\wamp64\www\PLATAFORMA_INTEGRADA\backend\api\actividad.php:21
[22-Apr-2026 08:24:48 America/Santo_Domingo] PHP   3. session_start() C:\wamp64\www\PLATAFORMA_INTEGRADA\backend\Autenticacion.php:14
[22-Apr-2026 08:24:50 America/Santo_Domingo] PHP Notice:  session_start(): Ignoring session_start() because a session is already active (started from C:\wamp64\www\PLATAFORMA_INTEGRADA\backend\api\actividad.php on line 19) in C:\wamp64\www\PLATAFORMA_INTEGRADA\backend\Autenticacion.php on line 14
[22-Apr-2026 08:24:50 America/Santo_Domingo] PHP Stack trace:
[22-Apr-2026 08:24:50 America/Santo_Domingo] PHP   1. {main}() C:\wamp64\www\PLATAFORMA_INTEGRADA\backend\api\actividad.php:0
[22-Apr-2026 08:24:50 America/Santo_Domingo] PHP   2. Autenticacion->__construct() C:\wamp64\www\PLATAFORMA_INTEGRADA\backend\api\actividad.php:21
[22-Apr-2026 08:24:50 America/Santo_Domingo] PHP   3. session_start() C:\wamp64\www\PLATAFORMA_INTEGRADA\backend\Autenticacion.php:14
[22-Apr-2026 08:53:05 America/Santo_Domingo] PHP Notice:  session_start(): Ignoring session_start() because a session is already active (started from C:\wamp64\www\PLATAFORMA_INTEGRADA\backend\api\actividad.php on line 19) in C:\wamp64\www\PLATAFORMA_INTEGRADA\backend\Autenticacion.php on line 14
[22-Apr-2026 08:53:05 America/Santo_Domingo] PHP Stack trace:
[22-Apr-2026 08:53:05 America/Santo_Domingo] PHP   1. {main}() C:\wamp64\www\PLATAFORMA_INTEGRADA\backend\api\actividad.php:0
[22-Apr-2026 08:53:05 America/Santo_Domingo] PHP   2. Autenticacion->__construct() C:\wamp64\www\PLATAFORMA_INTEGRADA\backend\api\actividad.php:21
[22-Apr-2026 08:53:05 America/Santo_Domingo] PHP   3. session_start() C:\wamp64\www\PLATAFORMA_INTEGRADA\backend\Autenticacion.php:14
[22-Apr-2026 08:55:32 America/Santo_Domingo] PHP Notice:  session_start(): Ignoring session_start() because a session is already active (started from C:\wamp64\www\PLATAFORMA_INTEGRADA\backend\api\actividad.php on line 19) in C:\wamp64\www\PLATAFORMA_INTEGRADA\backend\Autenticacion.php on line 14
[22-Apr-2026 08:55:32 America/Santo_Domingo] PHP Stack trace:
[22-Apr-2026 08:55:32 America/Santo_Domingo] PHP   1. {main}() C:\wamp64\www\PLATAFORMA_INTEGRADA\backend\api\actividad.php:0
[22-Apr-2026 08:55:32 America/Santo_Domingo] PHP   2. Autenticacion->__construct() C:\wamp64\www\PLATAFORMA_INTEGRADA\backend\api\actividad.php:21
[22-Apr-2026 08:55:32 America/Santo_Domingo] PHP   3. session_start() C:\wamp64\www\PLATAFORMA_INTEGRADA\backend\Autenticacion.php:14
[22-Apr-2026 08:55:35 America/Santo_Domingo] PHP Notice:  session_start(): Ignoring session_start() because a session is already active (started from C:\wamp64\www\PLATAFORMA_INTEGRADA\backend\api\actividad.php on line 19) in C:\wamp64\www\PLATAFORMA_INTEGRADA\backend\Autenticacion.php on line 14
[22-Apr-2026 08:55:35 America/Santo_Domingo] PHP Stack trace:
[22-Apr-2026 08:55:35 America/Santo_Domingo] PHP   1. {main}() C:\wamp64\www\PLATAFORMA_INTEGRADA\backend\api\actividad.php:0
[22-Apr-2026 08:55:35 America/Santo_Domingo] PHP   2. Autenticacion->__construct() C:\wamp64\www\PLATAFORMA_INTEGRADA\backend\api\actividad.php:21
[22-Apr-2026 08:55:35 America/Santo_Domingo] PHP   3. session_start() C:\wamp64\www\PLATAFORMA_INTEGRADA\backend\Autenticacion.php:14
[22-Apr-2026 08:57:50 America/Santo_Domingo] PHP Notice:  session_start(): Ignoring session_start() because a session is already active (started from C:\wamp64\www\PLATAFORMA_INTEGRADA\backend\api\actividad.php on line 19) in C:\wamp64\www\PLATAFORMA_INTEGRADA\backend\Autenticacion.php on line 14
[22-Apr-2026 08:57:50 America/Santo_Domingo] PHP Stack trace:
[22-Apr-2026 08:57:50 America/Santo_Domingo] PHP   1. {main}() C:\wamp64\www\PLATAFORMA_INTEGRADA\backend\api\actividad.php:0
[22-Apr-2026 08:57:50 America/Santo_Domingo] PHP   2. Autenticacion->__construct() C:\wamp64\www\PLATAFORMA_INTEGRADA\backend\api\actividad.php:21
[22-Apr-2026 08:57:50 America/Santo_Domingo] PHP   3. session_start() C:\wamp64\www\PLATAFORMA_INTEGRADA\backend\Autenticacion.php:14
[22-Apr-2026 08:57:52 America/Santo_Domingo] PHP Notice:  session_start(): Ignoring session_start() because a session is already active (started from C:\wamp64\www\PLATAFORMA_INTEGRADA\backend\api\actividad.php on line 19) in C:\wamp64\www\PLATAFORMA_INTEGRADA\backend\Autenticacion.php on line 14
[22-Apr-2026 08:57:52 America/Santo_Domingo] PHP Stack trace:
[22-Apr-2026 08:57:52 America/Santo_Domingo] PHP   1. {main}() C:\wamp64\www\PLATAFORMA_INTEGRADA\backend\api\actividad.php:0
[22-Apr-2026 08:57:52 America/Santo_Domingo] PHP   2. Autenticacion->__construct() C:\wamp64\www\PLATAFORMA_INTEGRADA\backend\api\actividad.php:21
[22-Apr-2026 08:57:52 America/Santo_Domingo] PHP   3. session_start() C:\wamp64\www\PLATAFORMA_INTEGRADA\backend\Autenticacion.php:14
[22-Apr-2026 09:13:05 America/Santo_Domingo] PHP Notice:  session_start(): Ignoring session_start() because a session is already active (started from C:\wamp64\www\PLATAFORMA_INTEGRADA\backend\api\actividad.php on line 19) in C:\wamp64\www\PLATAFORMA_INTEGRADA\backend\Autenticacion.php on line 14
[22-Apr-2026 09:13:05 America/Santo_Domingo] PHP Stack trace:
[22-Apr-2026 09:13:05 America/Santo_Domingo] PHP   1. {main}() C:\wamp64\www\PLATAFORMA_INTEGRADA\backend\api\actividad.php:0
[22-Apr-2026 09:13:05 America/Santo_Domingo] PHP   2. Autenticacion->__construct() C:\wamp64\www\PLATAFORMA_INTEGRADA\backend\api\actividad.php:21
[22-Apr-2026 09:13:05 America/Santo_Domingo] PHP   3. session_start() C:\wamp64\www\PLATAFORMA_INTEGRADA\backend\Autenticacion.php:14
[22-Apr-2026 09:13:07 America/Santo_Domingo] PHP Notice:  session_start(): Ignoring session_start() because a session is already active (started from C:\wamp64\www\PLATAFORMA_INTEGRADA\backend\api\actividad.php on line 19) in C:\wamp64\www\PLATAFORMA_INTEGRADA\backend\Autenticacion.php on line 14
[22-Apr-2026 09:13:07 America/Santo_Domingo] PHP Stack trace:
[22-Apr-2026 09:13:07 America/Santo_Domingo] PHP   1. {main}() C:\wamp64\www\PLATAFORMA_INTEGRADA\backend\api\actividad.php:0
[22-Apr-2026 09:13:07 America/Santo_Domingo] PHP   2. Autenticacion->__construct() C:\wamp64\www\PLATAFORMA_INTEGRADA\backend\api\actividad.php:21
[22-Apr-2026 09:13:07 America/Santo_Domingo] PHP   3. session_start() C:\wamp64\www\PLATAFORMA_INTEGRADA\backend\Autenticacion.php:14
[22-Apr-2026 09:13:20 America/Santo_Domingo] PHP Notice:  session_start(): Ignoring session_start() because a session is already active (started from C:\wamp64\www\PLATAFORMA_INTEGRADA\backend\api\actividad.php on line 19) in C:\wamp64\www\PLATAFORMA_INTEGRADA\backend\Autenticacion.php on line 14
[22-Apr-2026 09:13:20 America/Santo_Domingo] PHP Stack trace:
[22-Apr-2026 09:13:20 America/Santo_Domingo] PHP   1. {main}() C:\wamp64\www\PLATAFORMA_INTEGRADA\backend\api\actividad.php:0
[22-Apr-2026 09:13:20 America/Santo_Domingo] PHP   2. Autenticacion->__construct() C:\wamp64\www\PLATAFORMA_INTEGRADA\backend\api\actividad.php:21
[22-Apr-2026 09:13:20 America/Santo_Domingo] PHP   3. session_start() C:\wamp64\www\PLATAFORMA_INTEGRADA\backend\Autenticacion.php:14
[22-Apr-2026 09:13:22 America/Santo_Domingo] PHP Notice:  session_start(): Ignoring session_start() because a session is already active (started from C:\wamp64\www\PLATAFORMA_INTEGRADA\backend\api\actividad.php on line 19) in C:\wamp64\www\PLATAFORMA_INTEGRADA\backend\Autenticacion.php on line 14
[22-Apr-2026 09:13:22 America/Santo_Domingo] PHP Stack trace:
[22-Apr-2026 09:13:22 America/Santo_Domingo] PHP   1. {main}() C:\wamp64\www\PLATAFORMA_INTEGRADA\backend\api\actividad.php:0
[22-Apr-2026 09:13:22 America/Santo_Domingo] PHP   2. Autenticacion->__construct() C:\wamp64\www\PLATAFORMA_INTEGRADA\backend\api\actividad.php:21
[22-Apr-2026 09:13:22 America/Santo_Domingo] PHP   3. session_start() C:\wamp64\www\PLATAFORMA_INTEGRADA\backend\Autenticacion.php:14
[22-Apr-2026 09:13:29 America/Santo_Domingo] PHP Notice:  session_start(): Ignoring session_start() because a session is already active (started from C:\wamp64\www\PLATAFORMA_INTEGRADA\backend\api\actividad.php on line 19) in C:\wamp64\www\PLATAFORMA_INTEGRADA\backend\Autenticacion.php on line 14
[22-Apr-2026 09:13:29 America/Santo_Domingo] PHP Stack trace:
[22-Apr-2026 09:13:29 America/Santo_Domingo] PHP   1. {main}() C:\wamp64\www\PLATAFORMA_INTEGRADA\backend\api\actividad.php:0
[22-Apr-2026 09:13:29 America/Santo_Domingo] PHP   2. Autenticacion->__construct() C:\wamp64\www\PLATAFORMA_INTEGRADA\backend\api\actividad.php:21
[22-Apr-2026 09:13:29 America/Santo_Domingo] PHP   3. session_start() C:\wamp64\www\PLATAFORMA_INTEGRADA\backend\Autenticacion.php:14
[22-Apr-2026 09:13:31 America/Santo_Domingo] PHP Notice:  session_start(): Ignoring session_start() because a session is already active (started from C:\wamp64\www\PLATAFORMA_INTEGRADA\backend\api\actividad.php on line 19) in C:\wamp64\www\PLATAFORMA_INTEGRADA\backend\Autenticacion.php on line 14
[22-Apr-2026 09:13:31 America/Santo_Domingo] PHP Stack trace:
[22-Apr-2026 09:13:31 America/Santo_Domingo] PHP   1. {main}() C:\wamp64\www\PLATAFORMA_INTEGRADA\backend\api\actividad.php:0
[22-Apr-2026 09:13:31 America/Santo_Domingo] PHP   2. Autenticacion->__construct() C:\wamp64\www\PLATAFORMA_INTEGRADA\backend\api\actividad.php:21
[22-Apr-2026 09:13:31 America/Santo_Domingo] PHP   3. session_start() C:\wamp64\www\PLATAFORMA_INTEGRADA\backend\Autenticacion.php:14
[22-Apr-2026 09:16:23 America/Santo_Domingo] PHP Notice:  session_start(): Ignoring session_start() because a session is already active (started from C:\wamp64\www\PLATAFORMA_INTEGRADA\backend\api\actividad.php on line 19) in C:\wamp64\www\PLATAFORMA_INTEGRADA\backend\Autenticacion.php on line 14
[22-Apr-2026 09:16:23 America/Santo_Domingo] PHP Stack trace:
[22-Apr-2026 09:16:23 America/Santo_Domingo] PHP   1. {main}() C:\wamp64\www\PLATAFORMA_INTEGRADA\backend\api\actividad.php:0
[22-Apr-2026 09:16:23 America/Santo_Domingo] PHP   2. Autenticacion->__construct() C:\wamp64\www\PLATAFORMA_INTEGRADA\backend\api\actividad.php:21
[22-Apr-2026 09:16:23 America/Santo_Domingo] PHP   3. session_start() C:\wamp64\www\PLATAFORMA_INTEGRADA\backend\Autenticacion.php:14
[22-Apr-2026 09:16:25 America/Santo_Domingo] PHP Notice:  session_start(): Ignoring session_start() because a session is already active (started from C:\wamp64\www\PLATAFORMA_INTEGRADA\backend\api\actividad.php on line 19) in C:\wamp64\www\PLATAFORMA_INTEGRADA\backend\Autenticacion.php on line 14
[22-Apr-2026 09:16:25 America/Santo_Domingo] PHP Stack trace:
[22-Apr-2026 09:16:25 America/Santo_Domingo] PHP   1. {main}() C:\wamp64\www\PLATAFORMA_INTEGRADA\backend\api\actividad.php:0
[22-Apr-2026 09:16:25 America/Santo_Domingo] PHP   2. Autenticacion->__construct() C:\wamp64\www\PLATAFORMA_INTEGRADA\backend\api\actividad.php:21
[22-Apr-2026 09:16:25 America/Santo_Domingo] PHP   3. session_start() C:\wamp64\www\PLATAFORMA_INTEGRADA\backend\Autenticacion.php:14
[22-Apr-2026 09:16:36 America/Santo_Domingo] PHP Notice:  session_start(): Ignoring session_start() because a session is already active (started from C:\wamp64\www\PLATAFORMA_INTEGRADA\backend\api\actividad.php on line 19) in C:\wamp64\www\PLATAFORMA_INTEGRADA\backend\Autenticacion.php on line 14
[22-Apr-2026 09:16:36 America/Santo_Domingo] PHP Stack trace:
[22-Apr-2026 09:16:36 America/Santo_Domingo] PHP   1. {main}() C:\wamp64\www\PLATAFORMA_INTEGRADA\backend\api\actividad.php:0
[22-Apr-2026 09:16:36 America/Santo_Domingo] PHP   2. Autenticacion->__construct() C:\wamp64\www\PLATAFORMA_INTEGRADA\backend\api\actividad.php:21
[22-Apr-2026 09:16:36 America/Santo_Domingo] PHP   3. session_start() C:\wamp64\www\PLATAFORMA_INTEGRADA\backend\Autenticacion.php:14
[22-Apr-2026 09:16:38 America/Santo_Domingo] PHP Notice:  session_start(): Ignoring session_start() because a session is already active (started from C:\wamp64\www\PLATAFORMA_INTEGRADA\backend\api\actividad.php on line 19) in C:\wamp64\www\PLATAFORMA_INTEGRADA\backend\Autenticacion.php on line 14
[22-Apr-2026 09:16:38 America/Santo_Domingo] PHP Stack trace:
[22-Apr-2026 09:16:38 America/Santo_Domingo] PHP   1. {main}() C:\wamp64\www\PLATAFORMA_INTEGRADA\backend\api\actividad.php:0
[22-Apr-2026 09:16:38 America/Santo_Domingo] PHP   2. Autenticacion->__construct() C:\wamp64\www\PLATAFORMA_INTEGRADA\backend\api\actividad.php:21
[22-Apr-2026 09:16:38 America/Santo_Domingo] PHP   3. session_start() C:\wamp64\www\PLATAFORMA_INTEGRADA\backend\Autenticacion.php:14
[22-Apr-2026 09:16:49 America/Santo_Domingo] PHP Notice:  session_start(): Ignoring session_start() because a session is already active (started from C:\wamp64\www\PLATAFORMA_INTEGRADA\backend\api\actividad.php on line 19) in C:\wamp64\www\PLATAFORMA_INTEGRADA\backend\Autenticacion.php on line 14
[22-Apr-2026 09:16:49 America/Santo_Domingo] PHP Stack trace:
[22-Apr-2026 09:16:49 America/Santo_Domingo] PHP   1. {main}() C:\wamp64\www\PLATAFORMA_INTEGRADA\backend\api\actividad.php:0
[22-Apr-2026 09:16:49 America/Santo_Domingo] PHP   2. Autenticacion->__construct() C:\wamp64\www\PLATAFORMA_INTEGRADA\backend\api\actividad.php:21
[22-Apr-2026 09:16:49 America/Santo_Domingo] PHP   3. session_start() C:\wamp64\www\PLATAFORMA_INTEGRADA\backend\Autenticacion.php:14
[22-Apr-2026 09:18:07 America/Santo_Domingo] PHP Notice:  session_start(): Ignoring session_start() because a session is already active (started from C:\wamp64\www\PLATAFORMA_INTEGRADA\backend\api\actividad.php on line 19) in C:\wamp64\www\PLATAFORMA_INTEGRADA\backend\Autenticacion.php on line 14
[22-Apr-2026 09:18:07 America/Santo_Domingo] PHP Stack trace:
[22-Apr-2026 09:18:07 America/Santo_Domingo] PHP   1. {main}() C:\wamp64\www\PLATAFORMA_INTEGRADA\backend\api\actividad.php:0
[22-Apr-2026 09:18:07 America/Santo_Domingo] PHP   2. Autenticacion->__construct() C:\wamp64\www\PLATAFORMA_INTEGRADA\backend\api\actividad.php:21
[22-Apr-2026 09:18:07 America/Santo_Domingo] PHP   3. session_start() C:\wamp64\www\PLATAFORMA_INTEGRADA\backend\Autenticacion.php:14
[22-Apr-2026 09:18:08 America/Santo_Domingo] PHP Notice:  session_start(): Ignoring session_start() because a session is already active (started from C:\wamp64\www\PLATAFORMA_INTEGRADA\backend\api\actividad.php on line 19) in C:\wamp64\www\PLATAFORMA_INTEGRADA\backend\Autenticacion.php on line 14
[22-Apr-2026 09:18:08 America/Santo_Domingo] PHP Stack trace:
[22-Apr-2026 09:18:08 America/Santo_Domingo] PHP   1. {main}() C:\wamp64\www\PLATAFORMA_INTEGRADA\backend\api\actividad.php:0
[22-Apr-2026 09:18:08 America/Santo_Domingo] PHP   2. Autenticacion->__construct() C:\wamp64\www\PLATAFORMA_INTEGRADA\backend\api\actividad.php:21
[22-Apr-2026 09:18:08 America/Santo_Domingo] PHP   3. session_start() C:\wamp64\www\PLATAFORMA_INTEGRADA\backend\Autenticacion.php:14
[22-Apr-2026 09:20:28 America/Santo_Domingo] PHP Notice:  session_start(): Ignoring session_start() because a session is already active (started from C:\wamp64\www\PLATAFORMA_INTEGRADA\backend\api\actividad.php on line 19) in C:\wamp64\www\PLATAFORMA_INTEGRADA\backend\Autenticacion.php on line 14
[22-Apr-2026 09:20:28 America/Santo_Domingo] PHP Stack trace:
[22-Apr-2026 09:20:28 America/Santo_Domingo] PHP   1. {main}() C:\wamp64\www\PLATAFORMA_INTEGRADA\backend\api\actividad.php:0
[22-Apr-2026 09:20:28 America/Santo_Domingo] PHP   2. Autenticacion->__construct() C:\wamp64\www\PLATAFORMA_INTEGRADA\backend\api\actividad.php:21
[22-Apr-2026 09:20:28 America/Santo_Domingo] PHP   3. session_start() C:\wamp64\www\PLATAFORMA_INTEGRADA\backend\Autenticacion.php:14
[22-Apr-2026 09:20:56 America/Santo_Domingo] PHP Notice:  session_start(): Ignoring session_start() because a session is already active (started from C:\wamp64\www\PLATAFORMA_INTEGRADA\backend\api\actividad.php on line 19) in C:\wamp64\www\PLATAFORMA_INTEGRADA\backend\Autenticacion.php on line 14
[22-Apr-2026 09:20:56 America/Santo_Domingo] PHP Stack trace:
[22-Apr-2026 09:20:56 America/Santo_Domingo] PHP   1. {main}() C:\wamp64\www\PLATAFORMA_INTEGRADA\backend\api\actividad.php:0
[22-Apr-2026 09:20:56 America/Santo_Domingo] PHP   2. Autenticacion->__construct() C:\wamp64\www\PLATAFORMA_INTEGRADA\backend\api\actividad.php:21
[22-Apr-2026 09:20:56 America/Santo_Domingo] PHP   3. session_start() C:\wamp64\www\PLATAFORMA_INTEGRADA\backend\Autenticacion.php:14
[22-Apr-2026 15:28:36 America/Santo_Domingo] PHP Notice:  session_start(): Ignoring session_start() because a session is already active (started from C:\wamp64\www\PLATAFORMA_INTEGRADA\backend\api\actividad.php on line 19) in C:\wamp64\www\PLATAFORMA_INTEGRADA\backend\Autenticacion.php on line 14
[22-Apr-2026 15:28:36 America/Santo_Domingo] PHP Stack trace:
[22-Apr-2026 15:28:36 America/Santo_Domingo] PHP   1. {main}() C:\wamp64\www\PLATAFORMA_INTEGRADA\backend\api\actividad.php:0
[22-Apr-2026 15:28:36 America/Santo_Domingo] PHP   2. Autenticacion->__construct() C:\wamp64\www\PLATAFORMA_INTEGRADA\backend\api\actividad.php:21
[22-Apr-2026 15:28:36 America/Santo_Domingo] PHP   3. session_start() C:\wamp64\www\PLATAFORMA_INTEGRADA\backend\Autenticacion.php:14
[22-Apr-2026 15:28:38 America/Santo_Domingo] PHP Notice:  session_start(): Ignoring session_start() because a session is already active (started from C:\wamp64\www\PLATAFORMA_INTEGRADA\backend\api\actividad.php on line 19) in C:\wamp64\www\PLATAFORMA_INTEGRADA\backend\Autenticacion.php on line 14
[22-Apr-2026 15:28:38 America/Santo_Domingo] PHP Stack trace:
[22-Apr-2026 15:28:38 America/Santo_Domingo] PHP   1. {main}() C:\wamp64\www\PLATAFORMA_INTEGRADA\backend\api\actividad.php:0
[22-Apr-2026 15:28:38 America/Santo_Domingo] PHP   2. Autenticacion->__construct() C:\wamp64\www\PLATAFORMA_INTEGRADA\backend\api\actividad.php:21
[22-Apr-2026 15:28:38 America/Santo_Domingo] PHP   3. session_start() C:\wamp64\www\PLATAFORMA_INTEGRADA\backend\Autenticacion.php:14
[22-Apr-2026 15:32:29 America/Santo_Domingo] PHP Notice:  session_start(): Ignoring session_start() because a session is already active (started from C:\wamp64\www\PLATAFORMA_INTEGRADA\backend\api\actividad.php on line 19) in C:\wamp64\www\PLATAFORMA_INTEGRADA\backend\Autenticacion.php on line 14
[22-Apr-2026 15:32:29 America/Santo_Domingo] PHP Stack trace:
[22-Apr-2026 15:32:29 America/Santo_Domingo] PHP   1. {main}() C:\wamp64\www\PLATAFORMA_INTEGRADA\backend\api\actividad.php:0
[22-Apr-2026 15:32:29 America/Santo_Domingo] PHP   2. Autenticacion->__construct() C:\wamp64\www\PLATAFORMA_INTEGRADA\backend\api\actividad.php:21
[22-Apr-2026 15:32:29 America/Santo_Domingo] PHP   3. session_start() C:\wamp64\www\PLATAFORMA_INTEGRADA\backend\Autenticacion.php:14
[22-Apr-2026 15:42:57 America/Santo_Domingo] PHP Notice:  session_start(): Ignoring session_start() because a session is already active (started from C:\wamp64\www\PLATAFORMA_INTEGRADA\backend\api\actividad.php on line 19) in C:\wamp64\www\PLATAFORMA_INTEGRADA\backend\Autenticacion.php on line 14
[22-Apr-2026 15:42:57 America/Santo_Domingo] PHP Stack trace:
[22-Apr-2026 15:42:57 America/Santo_Domingo] PHP   1. {main}() C:\wamp64\www\PLATAFORMA_INTEGRADA\backend\api\actividad.php:0
[22-Apr-2026 15:42:57 America/Santo_Domingo] PHP   2. Autenticacion->__construct() C:\wamp64\www\PLATAFORMA_INTEGRADA\backend\api\actividad.php:21
[22-Apr-2026 15:42:57 America/Santo_Domingo] PHP   3. session_start() C:\wamp64\www\PLATAFORMA_INTEGRADA\backend\Autenticacion.php:14
[22-Apr-2026 15:43:06 America/Santo_Domingo] PHP Notice:  session_start(): Ignoring session_start() because a session is already active (started from C:\wamp64\www\PLATAFORMA_INTEGRADA\backend\api\actividad.php on line 19) in C:\wamp64\www\PLATAFORMA_INTEGRADA\backend\Autenticacion.php on line 14
[22-Apr-2026 15:43:06 America/Santo_Domingo] PHP Stack trace:
[22-Apr-2026 15:43:06 America/Santo_Domingo] PHP   1. {main}() C:\wamp64\www\PLATAFORMA_INTEGRADA\backend\api\actividad.php:0
[22-Apr-2026 15:43:06 America/Santo_Domingo] PHP   2. Autenticacion->__construct() C:\wamp64\www\PLATAFORMA_INTEGRADA\backend\api\actividad.php:21
[22-Apr-2026 15:43:06 America/Santo_Domingo] PHP   3. session_start() C:\wamp64\www\PLATAFORMA_INTEGRADA\backend\Autenticacion.php:14
[22-Apr-2026 15:54:08 America/Santo_Domingo] PHP Notice:  session_start(): Ignoring session_start() because a session is already active (started from C:\wamp64\www\PLATAFORMA_INTEGRADA\backend\api\actividad.php on line 19) in C:\wamp64\www\PLATAFORMA_INTEGRADA\backend\Autenticacion.php on line 14
[22-Apr-2026 15:54:08 America/Santo_Domingo] PHP Stack trace:
[22-Apr-2026 15:54:08 America/Santo_Domingo] PHP   1. {main}() C:\wamp64\www\PLATAFORMA_INTEGRADA\backend\api\actividad.php:0
[22-Apr-2026 15:54:08 America/Santo_Domingo] PHP   2. Autenticacion->__construct() C:\wamp64\www\PLATAFORMA_INTEGRADA\backend\api\actividad.php:21
[22-Apr-2026 15:54:08 America/Santo_Domingo] PHP   3. session_start() C:\wamp64\www\PLATAFORMA_INTEGRADA\backend\Autenticacion.php:14
[22-Apr-2026 15:54:10 America/Santo_Domingo] PHP Notice:  session_start(): Ignoring session_start() because a session is already active (started from C:\wamp64\www\PLATAFORMA_INTEGRADA\backend\api\actividad.php on line 19) in C:\wamp64\www\PLATAFORMA_INTEGRADA\backend\Autenticacion.php on line 14
[22-Apr-2026 15:54:10 America/Santo_Domingo] PHP Stack trace:
[22-Apr-2026 15:54:10 America/Santo_Domingo] PHP   1. {main}() C:\wamp64\www\PLATAFORMA_INTEGRADA\backend\api\actividad.php:0
[22-Apr-2026 15:54:10 America/Santo_Domingo] PHP   2. Autenticacion->__construct() C:\wamp64\www\PLATAFORMA_INTEGRADA\backend\api\actividad.php:21
[22-Apr-2026 15:54:10 America/Santo_Domingo] PHP   3. session_start() C:\wamp64\www\PLATAFORMA_INTEGRADA\backend\Autenticacion.php:14
[22-Apr-2026 17:02:51 America/Santo_Domingo] PHP Notice:  session_start(): Ignoring session_start() because a session is already active (started from C:\wamp64\www\PLATAFORMA_INTEGRADA\backend\api\actividad.php on line 19) in C:\wamp64\www\PLATAFORMA_INTEGRADA\backend\Autenticacion.php on line 14
[22-Apr-2026 17:02:51 America/Santo_Domingo] PHP Stack trace:
[22-Apr-2026 17:02:51 America/Santo_Domingo] PHP   1. {main}() C:\wamp64\www\PLATAFORMA_INTEGRADA\backend\api\actividad.php:0
[22-Apr-2026 17:02:51 America/Santo_Domingo] PHP   2. Autenticacion->__construct() C:\wamp64\www\PLATAFORMA_INTEGRADA\backend\api\actividad.php:21
[22-Apr-2026 17:02:51 America/Santo_Domingo] PHP   3. session_start() C:\wamp64\www\PLATAFORMA_INTEGRADA\backend\Autenticacion.php:14
[22-Apr-2026 17:02:59 America/Santo_Domingo] PHP Notice:  session_start(): Ignoring session_start() because a session is already active (started from C:\wamp64\www\PLATAFORMA_INTEGRADA\backend\api\actividad.php on line 19) in C:\wamp64\www\PLATAFORMA_INTEGRADA\backend\Autenticacion.php on line 14
[22-Apr-2026 17:02:59 America/Santo_Domingo] PHP Stack trace:
[22-Apr-2026 17:02:59 America/Santo_Domingo] PHP   1. {main}() C:\wamp64\www\PLATAFORMA_INTEGRADA\backend\api\actividad.php:0
[22-Apr-2026 17:02:59 America/Santo_Domingo] PHP   2. Autenticacion->__construct() C:\wamp64\www\PLATAFORMA_INTEGRADA\backend\api\actividad.php:21
[22-Apr-2026 17:02:59 America/Santo_Domingo] PHP   3. session_start() C:\wamp64\www\PLATAFORMA_INTEGRADA\backend\Autenticacion.php:14
[22-Apr-2026 17:03:08 America/Santo_Domingo] PHP Notice:  session_start(): Ignoring session_start() because a session is already active (started from C:\wamp64\www\PLATAFORMA_INTEGRADA\backend\api\actividad.php on line 19) in C:\wamp64\www\PLATAFORMA_INTEGRADA\backend\Autenticacion.php on line 14
[22-Apr-2026 17:03:08 America/Santo_Domingo] PHP Stack trace:
[22-Apr-2026 17:03:08 America/Santo_Domingo] PHP   1. {main}() C:\wamp64\www\PLATAFORMA_INTEGRADA\backend\api\actividad.php:0
[22-Apr-2026 17:03:08 America/Santo_Domingo] PHP   2. Autenticacion->__construct() C:\wamp64\www\PLATAFORMA_INTEGRADA\backend\api\actividad.php:21
[22-Apr-2026 17:03:08 America/Santo_Domingo] PHP   3. session_start() C:\wamp64\www\PLATAFORMA_INTEGRADA\backend\Autenticacion.php:14
[22-Apr-2026 17:17:04 America/Santo_Domingo] PHP Notice:  session_start(): Ignoring session_start() because a session is already active (started from C:\wamp64\www\PLATAFORMA_INTEGRADA\backend\api\actividad.php on line 19) in C:\wamp64\www\PLATAFORMA_INTEGRADA\backend\Autenticacion.php on line 14
[22-Apr-2026 17:17:04 America/Santo_Domingo] PHP Stack trace:
[22-Apr-2026 17:17:04 America/Santo_Domingo] PHP   1. {main}() C:\wamp64\www\PLATAFORMA_INTEGRADA\backend\api\actividad.php:0
[22-Apr-2026 17:17:04 America/Santo_Domingo] PHP   2. Autenticacion->__construct() C:\wamp64\www\PLATAFORMA_INTEGRADA\backend\api\actividad.php:21
[22-Apr-2026 17:17:04 America/Santo_Domingo] PHP   3. session_start() C:\wamp64\www\PLATAFORMA_INTEGRADA\backend\Autenticacion.php:14
[22-Apr-2026 17:17:18 America/Santo_Domingo] PHP Notice:  session_start(): Ignoring session_start() because a session is already active (started from C:\wamp64\www\PLATAFORMA_INTEGRADA\backend\api\actividad.php on line 19) in C:\wamp64\www\PLATAFORMA_INTEGRADA\backend\Autenticacion.php on line 14
[22-Apr-2026 17:17:18 America/Santo_Domingo] PHP Stack trace:
[22-Apr-2026 17:17:18 America/Santo_Domingo] PHP   1. {main}() C:\wamp64\www\PLATAFORMA_INTEGRADA\backend\api\actividad.php:0
[22-Apr-2026 17:17:18 America/Santo_Domingo] PHP   2. Autenticacion->__construct() C:\wamp64\www\PLATAFORMA_INTEGRADA\backend\api\actividad.php:21
[22-Apr-2026 17:17:18 America/Santo_Domingo] PHP   3. session_start() C:\wamp64\www\PLATAFORMA_INTEGRADA\backend\Autenticacion.php:14
[22-Apr-2026 17:17:26 America/Santo_Domingo] PHP Notice:  session_start(): Ignoring session_start() because a session is already active (started from C:\wamp64\www\PLATAFORMA_INTEGRADA\backend\api\actividad.php on line 19) in C:\wamp64\www\PLATAFORMA_INTEGRADA\backend\Autenticacion.php on line 14
[22-Apr-2026 17:17:26 America/Santo_Domingo] PHP Stack trace:
[22-Apr-2026 17:17:26 America/Santo_Domingo] PHP   1. {main}() C:\wamp64\www\PLATAFORMA_INTEGRADA\backend\api\actividad.php:0
[22-Apr-2026 17:17:26 America/Santo_Domingo] PHP   2. Autenticacion->__construct() C:\wamp64\www\PLATAFORMA_INTEGRADA\backend\api\actividad.php:21
[22-Apr-2026 17:17:26 America/Santo_Domingo] PHP   3. session_start() C:\wamp64\www\PLATAFORMA_INTEGRADA\backend\Autenticacion.php:14
[22-Apr-2026 17:17:34 America/Santo_Domingo] PHP Notice:  session_start(): Ignoring session_start() because a session is already active (started from C:\wamp64\www\PLATAFORMA_INTEGRADA\backend\api\actividad.php on line 19) in C:\wamp64\www\PLATAFORMA_INTEGRADA\backend\Autenticacion.php on line 14
[22-Apr-2026 17:17:34 America/Santo_Domingo] PHP Stack trace:
[22-Apr-2026 17:17:34 America/Santo_Domingo] PHP   1. {main}() C:\wamp64\www\PLATAFORMA_INTEGRADA\backend\api\actividad.php:0
[22-Apr-2026 17:17:34 America/Santo_Domingo] PHP   2. Autenticacion->__construct() C:\wamp64\www\PLATAFORMA_INTEGRADA\backend\api\actividad.php:21
[22-Apr-2026 17:17:34 America/Santo_Domingo] PHP   3. session_start() C:\wamp64\www\PLATAFORMA_INTEGRADA\backend\Autenticacion.php:14
[22-Apr-2026 17:22:53 America/Santo_Domingo] PHP Notice:  session_start(): Ignoring session_start() because a session is already active (started from C:\wamp64\www\PLATAFORMA_INTEGRADA\backend\api\actividad.php on line 19) in C:\wamp64\www\PLATAFORMA_INTEGRADA\backend\Autenticacion.php on line 14
[22-Apr-2026 17:22:53 America/Santo_Domingo] PHP Stack trace:
[22-Apr-2026 17:22:53 America/Santo_Domingo] PHP   1. {main}() C:\wamp64\www\PLATAFORMA_INTEGRADA\backend\api\actividad.php:0
[22-Apr-2026 17:22:53 America/Santo_Domingo] PHP   2. Autenticacion->__construct() C:\wamp64\www\PLATAFORMA_INTEGRADA\backend\api\actividad.php:21
[22-Apr-2026 17:22:53 America/Santo_Domingo] PHP   3. session_start() C:\wamp64\www\PLATAFORMA_INTEGRADA\backend\Autenticacion.php:14
[22-Apr-2026 17:22:57 America/Santo_Domingo] PHP Notice:  session_start(): Ignoring session_start() because a session is already active (started from C:\wamp64\www\PLATAFORMA_INTEGRADA\backend\api\actividad.php on line 19) in C:\wamp64\www\PLATAFORMA_INTEGRADA\backend\Autenticacion.php on line 14
[22-Apr-2026 17:22:57 America/Santo_Domingo] PHP Stack trace:
[22-Apr-2026 17:22:57 America/Santo_Domingo] PHP   1. {main}() C:\wamp64\www\PLATAFORMA_INTEGRADA\backend\api\actividad.php:0
[22-Apr-2026 17:22:57 America/Santo_Domingo] PHP   2. Autenticacion->__construct() C:\wamp64\www\PLATAFORMA_INTEGRADA\backend\api\actividad.php:21
[22-Apr-2026 17:22:57 America/Santo_Domingo] PHP   3. session_start() C:\wamp64\www\PLATAFORMA_INTEGRADA\backend\Autenticacion.php:14
[22-Apr-2026 17:33:29 America/Santo_Domingo] PHP Notice:  session_start(): Ignoring session_start() because a session is already active (started from C:\wamp64\www\PLATAFORMA_INTEGRADA\backend\api\actividad.php on line 19) in C:\wamp64\www\PLATAFORMA_INTEGRADA\backend\Autenticacion.php on line 14
[22-Apr-2026 17:33:29 America/Santo_Domingo] PHP Stack trace:
[22-Apr-2026 17:33:29 America/Santo_Domingo] PHP   1. {main}() C:\wamp64\www\PLATAFORMA_INTEGRADA\backend\api\actividad.php:0
[22-Apr-2026 17:33:29 America/Santo_Domingo] PHP   2. Autenticacion->__construct() C:\wamp64\www\PLATAFORMA_INTEGRADA\backend\api\actividad.php:21
[22-Apr-2026 17:33:29 America/Santo_Domingo] PHP   3. session_start() C:\wamp64\www\PLATAFORMA_INTEGRADA\backend\Autenticacion.php:14
[22-Apr-2026 17:33:39 America/Santo_Domingo] PHP Notice:  session_start(): Ignoring session_start() because a session is already active (started from C:\wamp64\www\PLATAFORMA_INTEGRADA\backend\api\actividad.php on line 19) in C:\wamp64\www\PLATAFORMA_INTEGRADA\backend\Autenticacion.php on line 14
[22-Apr-2026 17:33:39 America/Santo_Domingo] PHP Stack trace:
[22-Apr-2026 17:33:39 America/Santo_Domingo] PHP   1. {main}() C:\wamp64\www\PLATAFORMA_INTEGRADA\backend\api\actividad.php:0
[22-Apr-2026 17:33:39 America/Santo_Domingo] PHP   2. Autenticacion->__construct() C:\wamp64\www\PLATAFORMA_INTEGRADA\backend\api\actividad.php:21
[22-Apr-2026 17:33:39 America/Santo_Domingo] PHP   3. session_start() C:\wamp64\www\PLATAFORMA_INTEGRADA\backend\Autenticacion.php:14
[22-Apr-2026 17:33:42 America/Santo_Domingo] PHP Notice:  session_start(): Ignoring session_start() because a session is already active (started from C:\wamp64\www\PLATAFORMA_INTEGRADA\backend\api\actividad.php on line 19) in C:\wamp64\www\PLATAFORMA_INTEGRADA\backend\Autenticacion.php on line 14
[22-Apr-2026 17:33:42 America/Santo_Domingo] PHP Stack trace:
[22-Apr-2026 17:33:42 America/Santo_Domingo] PHP   1. {main}() C:\wamp64\www\PLATAFORMA_INTEGRADA\backend\api\actividad.php:0
[22-Apr-2026 17:33:42 America/Santo_Domingo] PHP   2. Autenticacion->__construct() C:\wamp64\www\PLATAFORMA_INTEGRADA\backend\api\actividad.php:21
[22-Apr-2026 17:33:42 America/Santo_Domingo] PHP   3. session_start() C:\wamp64\www\PLATAFORMA_INTEGRADA\backend\Autenticacion.php:14
[22-Apr-2026 17:33:48 America/Santo_Domingo] PHP Notice:  session_start(): Ignoring session_start() because a session is already active (started from C:\wamp64\www\PLATAFORMA_INTEGRADA\backend\api\actividad.php on line 19) in C:\wamp64\www\PLATAFORMA_INTEGRADA\backend\Autenticacion.php on line 14
[22-Apr-2026 17:33:48 America/Santo_Domingo] PHP Stack trace:
[22-Apr-2026 17:33:49 America/Santo_Domingo] PHP   1. {main}() C:\wamp64\www\PLATAFORMA_INTEGRADA\backend\api\actividad.php:0
[22-Apr-2026 17:33:49 America/Santo_Domingo] PHP   2. Autenticacion->__construct() C:\wamp64\www\PLATAFORMA_INTEGRADA\backend\api\actividad.php:21
[22-Apr-2026 17:33:49 America/Santo_Domingo] PHP   3. session_start() C:\wamp64\www\PLATAFORMA_INTEGRADA\backend\Autenticacion.php:14
[22-Apr-2026 18:06:06 America/Santo_Domingo] PHP Notice:  session_start(): Ignoring session_start() because a session is already active (started from C:\wamp64\www\PLATAFORMA_INTEGRADA\backend\api\actividad.php on line 19) in C:\wamp64\www\PLATAFORMA_INTEGRADA\backend\Autenticacion.php on line 14
[22-Apr-2026 18:06:06 America/Santo_Domingo] PHP Stack trace:
[22-Apr-2026 18:06:06 America/Santo_Domingo] PHP   1. {main}() C:\wamp64\www\PLATAFORMA_INTEGRADA\backend\api\actividad.php:0
[22-Apr-2026 18:06:06 America/Santo_Domingo] PHP   2. Autenticacion->__construct() C:\wamp64\www\PLATAFORMA_INTEGRADA\backend\api\actividad.php:21
[22-Apr-2026 18:06:06 America/Santo_Domingo] PHP   3. session_start() C:\wamp64\www\PLATAFORMA_INTEGRADA\backend\Autenticacion.php:14
[22-Apr-2026 18:06:09 America/Santo_Domingo] PHP Notice:  session_start(): Ignoring session_start() because a session is already active (started from C:\wamp64\www\PLATAFORMA_INTEGRADA\backend\api\actividad.php on line 19) in C:\wamp64\www\PLATAFORMA_INTEGRADA\backend\Autenticacion.php on line 14
[22-Apr-2026 18:06:09 America/Santo_Domingo] PHP Stack trace:
[22-Apr-2026 18:06:09 America/Santo_Domingo] PHP   1. {main}() C:\wamp64\www\PLATAFORMA_INTEGRADA\backend\api\actividad.php:0
[22-Apr-2026 18:06:09 America/Santo_Domingo] PHP   2. Autenticacion->__construct() C:\wamp64\www\PLATAFORMA_INTEGRADA\backend\api\actividad.php:21
[22-Apr-2026 18:06:09 America/Santo_Domingo] PHP   3. session_start() C:\wamp64\www\PLATAFORMA_INTEGRADA\backend\Autenticacion.php:14
[22-Apr-2026 18:11:11 America/Santo_Domingo] PHP Notice:  session_start(): Ignoring session_start() because a session is already active (started from C:\wamp64\www\PLATAFORMA_INTEGRADA\backend\api\actividad.php on line 19) in C:\wamp64\www\PLATAFORMA_INTEGRADA\backend\Autenticacion.php on line 14
[22-Apr-2026 18:11:11 America/Santo_Domingo] PHP Stack trace:
[22-Apr-2026 18:11:11 America/Santo_Domingo] PHP   1. {main}() C:\wamp64\www\PLATAFORMA_INTEGRADA\backend\api\actividad.php:0
[22-Apr-2026 18:11:11 America/Santo_Domingo] PHP   2. Autenticacion->__construct() C:\wamp64\www\PLATAFORMA_INTEGRADA\backend\api\actividad.php:21
[22-Apr-2026 18:11:11 America/Santo_Domingo] PHP   3. session_start() C:\wamp64\www\PLATAFORMA_INTEGRADA\backend\Autenticacion.php:14
[22-Apr-2026 18:11:14 America/Santo_Domingo] PHP Notice:  session_start(): Ignoring session_start() because a session is already active (started from C:\wamp64\www\PLATAFORMA_INTEGRADA\backend\api\actividad.php on line 19) in C:\wamp64\www\PLATAFORMA_INTEGRADA\backend\Autenticacion.php on line 14
[22-Apr-2026 18:11:14 America/Santo_Domingo] PHP Stack trace:
[22-Apr-2026 18:11:14 America/Santo_Domingo] PHP   1. {main}() C:\wamp64\www\PLATAFORMA_INTEGRADA\backend\api\actividad.php:0
[22-Apr-2026 18:11:14 America/Santo_Domingo] PHP   2. Autenticacion->__construct() C:\wamp64\www\PLATAFORMA_INTEGRADA\backend\api\actividad.php:21
[22-Apr-2026 18:11:14 America/Santo_Domingo] PHP   3. session_start() C:\wamp64\www\PLATAFORMA_INTEGRADA\backend\Autenticacion.php:14
[22-Apr-2026 18:47:25 America/Santo_Domingo] PHP Notice:  session_start(): Ignoring session_start() because a session is already active (started from C:\wamp64\www\PLATAFORMA_INTEGRADA\backend\api\actividad.php on line 19) in C:\wamp64\www\PLATAFORMA_INTEGRADA\backend\Autenticacion.php on line 14
[22-Apr-2026 18:47:25 America/Santo_Domingo] PHP Stack trace:
[22-Apr-2026 18:47:25 America/Santo_Domingo] PHP   1. {main}() C:\wamp64\www\PLATAFORMA_INTEGRADA\backend\api\actividad.php:0
[22-Apr-2026 18:47:25 America/Santo_Domingo] PHP   2. Autenticacion->__construct() C:\wamp64\www\PLATAFORMA_INTEGRADA\backend\api\actividad.php:21
[22-Apr-2026 18:47:25 America/Santo_Domingo] PHP   3. session_start() C:\wamp64\www\PLATAFORMA_INTEGRADA\backend\Autenticacion.php:14
[22-Apr-2026 18:47:27 America/Santo_Domingo] PHP Notice:  session_start(): Ignoring session_start() because a session is already active (started from C:\wamp64\www\PLATAFORMA_INTEGRADA\backend\api\actividad.php on line 19) in C:\wamp64\www\PLATAFORMA_INTEGRADA\backend\Autenticacion.php on line 14
[22-Apr-2026 18:47:27 America/Santo_Domingo] PHP Stack trace:
[22-Apr-2026 18:47:27 America/Santo_Domingo] PHP   1. {main}() C:\wamp64\www\PLATAFORMA_INTEGRADA\backend\api\actividad.php:0
[22-Apr-2026 18:47:27 America/Santo_Domingo] PHP   2. Autenticacion->__construct() C:\wamp64\www\PLATAFORMA_INTEGRADA\backend\api\actividad.php:21
[22-Apr-2026 18:47:27 America/Santo_Domingo] PHP   3. session_start() C:\wamp64\www\PLATAFORMA_INTEGRADA\backend\Autenticacion.php:14
[22-Apr-2026 19:07:48 America/Santo_Domingo] PHP Notice:  session_start(): Ignoring session_start() because a session is already active (started from C:\wamp64\www\PLATAFORMA_INTEGRADA\backend\api\actividad.php on line 19) in C:\wamp64\www\PLATAFORMA_INTEGRADA\backend\Autenticacion.php on line 14
[22-Apr-2026 19:07:48 America/Santo_Domingo] PHP Stack trace:
[22-Apr-2026 19:07:48 America/Santo_Domingo] PHP   1. {main}() C:\wamp64\www\PLATAFORMA_INTEGRADA\backend\api\actividad.php:0
[22-Apr-2026 19:07:48 America/Santo_Domingo] PHP   2. Autenticacion->__construct() C:\wamp64\www\PLATAFORMA_INTEGRADA\backend\api\actividad.php:21
[22-Apr-2026 19:07:48 America/Santo_Domingo] PHP   3. session_start() C:\wamp64\www\PLATAFORMA_INTEGRADA\backend\Autenticacion.php:14
[22-Apr-2026 19:07:51 America/Santo_Domingo] PHP Notice:  session_start(): Ignoring session_start() because a session is already active (started from C:\wamp64\www\PLATAFORMA_INTEGRADA\backend\api\actividad.php on line 19) in C:\wamp64\www\PLATAFORMA_INTEGRADA\backend\Autenticacion.php on line 14
[22-Apr-2026 19:07:51 America/Santo_Domingo] PHP Stack trace:
[22-Apr-2026 19:07:51 America/Santo_Domingo] PHP   1. {main}() C:\wamp64\www\PLATAFORMA_INTEGRADA\backend\api\actividad.php:0
[22-Apr-2026 19:07:51 America/Santo_Domingo] PHP   2. Autenticacion->__construct() C:\wamp64\www\PLATAFORMA_INTEGRADA\backend\api\actividad.php:21
[22-Apr-2026 19:07:51 America/Santo_Domingo] PHP   3. session_start() C:\wamp64\www\PLATAFORMA_INTEGRADA\backend\Autenticacion.php:14
[22-Apr-2026 19:11:01 America/Santo_Domingo] PHP Notice:  session_start(): Ignoring session_start() because a session is already active (started from C:\wamp64\www\PLATAFORMA_INTEGRADA\backend\api\actividad.php on line 19) in C:\wamp64\www\PLATAFORMA_INTEGRADA\backend\Autenticacion.php on line 14
[22-Apr-2026 19:11:01 America/Santo_Domingo] PHP Stack trace:
[22-Apr-2026 19:11:01 America/Santo_Domingo] PHP   1. {main}() C:\wamp64\www\PLATAFORMA_INTEGRADA\backend\api\actividad.php:0
[22-Apr-2026 19:11:01 America/Santo_Domingo] PHP   2. Autenticacion->__construct() C:\wamp64\www\PLATAFORMA_INTEGRADA\backend\api\actividad.php:21
[22-Apr-2026 19:11:01 America/Santo_Domingo] PHP   3. session_start() C:\wamp64\www\PLATAFORMA_INTEGRADA\backend\Autenticacion.php:14
[22-Apr-2026 19:11:03 America/Santo_Domingo] PHP Notice:  session_start(): Ignoring session_start() because a session is already active (started from C:\wamp64\www\PLATAFORMA_INTEGRADA\backend\api\actividad.php on line 19) in C:\wamp64\www\PLATAFORMA_INTEGRADA\backend\Autenticacion.php on line 14
[22-Apr-2026 19:11:03 America/Santo_Domingo] PHP Stack trace:
[22-Apr-2026 19:11:03 America/Santo_Domingo] PHP   1. {main}() C:\wamp64\www\PLATAFORMA_INTEGRADA\backend\api\actividad.php:0
[22-Apr-2026 19:11:03 America/Santo_Domingo] PHP   2. Autenticacion->__construct() C:\wamp64\www\PLATAFORMA_INTEGRADA\backend\api\actividad.php:21
[22-Apr-2026 19:11:03 America/Santo_Domingo] PHP   3. session_start() C:\wamp64\www\PLATAFORMA_INTEGRADA\backend\Autenticacion.php:14
[22-Apr-2026 19:20:06 America/Santo_Domingo] PHP Notice:  session_start(): Ignoring session_start() because a session is already active (started from C:\wamp64\www\PLATAFORMA_INTEGRADA\backend\api\actividad.php on line 19) in C:\wamp64\www\PLATAFORMA_INTEGRADA\backend\Autenticacion.php on line 14
[22-Apr-2026 19:20:06 America/Santo_Domingo] PHP Stack trace:
[22-Apr-2026 19:20:06 America/Santo_Domingo] PHP   1. {main}() C:\wamp64\www\PLATAFORMA_INTEGRADA\backend\api\actividad.php:0
[22-Apr-2026 19:20:06 America/Santo_Domingo] PHP   2. Autenticacion->__construct() C:\wamp64\www\PLATAFORMA_INTEGRADA\backend\api\actividad.php:21
[22-Apr-2026 19:20:06 America/Santo_Domingo] PHP   3. session_start() C:\wamp64\www\PLATAFORMA_INTEGRADA\backend\Autenticacion.php:14
[22-Apr-2026 19:20:08 America/Santo_Domingo] PHP Notice:  session_start(): Ignoring session_start() because a session is already active (started from C:\wamp64\www\PLATAFORMA_INTEGRADA\backend\api\actividad.php on line 19) in C:\wamp64\www\PLATAFORMA_INTEGRADA\backend\Autenticacion.php on line 14
[22-Apr-2026 19:20:08 America/Santo_Domingo] PHP Stack trace:
[22-Apr-2026 19:20:08 America/Santo_Domingo] PHP   1. {main}() C:\wamp64\www\PLATAFORMA_INTEGRADA\backend\api\actividad.php:0
[22-Apr-2026 19:20:08 America/Santo_Domingo] PHP   2. Autenticacion->__construct() C:\wamp64\www\PLATAFORMA_INTEGRADA\backend\api\actividad.php:21
[22-Apr-2026 19:20:08 America/Santo_Domingo] PHP   3. session_start() C:\wamp64\www\PLATAFORMA_INTEGRADA\backend\Autenticacion.php:14
[22-Apr-2026 19:34:21 America/Santo_Domingo] PHP Notice:  session_start(): Ignoring session_start() because a session is already active (started from C:\wamp64\www\PLATAFORMA_INTEGRADA\backend\api\actividad.php on line 19) in C:\wamp64\www\PLATAFORMA_INTEGRADA\backend\Autenticacion.php on line 14
[22-Apr-2026 19:34:21 America/Santo_Domingo] PHP Stack trace:
[22-Apr-2026 19:34:21 America/Santo_Domingo] PHP   1. {main}() C:\wamp64\www\PLATAFORMA_INTEGRADA\backend\api\actividad.php:0
[22-Apr-2026 19:34:21 America/Santo_Domingo] PHP   2. Autenticacion->__construct() C:\wamp64\www\PLATAFORMA_INTEGRADA\backend\api\actividad.php:21
[22-Apr-2026 19:34:21 America/Santo_Domingo] PHP   3. session_start() C:\wamp64\www\PLATAFORMA_INTEGRADA\backend\Autenticacion.php:14
[22-Apr-2026 19:34:23 America/Santo_Domingo] PHP Notice:  session_start(): Ignoring session_start() because a session is already active (started from C:\wamp64\www\PLATAFORMA_INTEGRADA\backend\api\actividad.php on line 19) in C:\wamp64\www\PLATAFORMA_INTEGRADA\backend\Autenticacion.php on line 14
[22-Apr-2026 19:34:23 America/Santo_Domingo] PHP Stack trace:
[22-Apr-2026 19:34:23 America/Santo_Domingo] PHP   1. {main}() C:\wamp64\www\PLATAFORMA_INTEGRADA\backend\api\actividad.php:0
[22-Apr-2026 19:34:23 America/Santo_Domingo] PHP   2. Autenticacion->__construct() C:\wamp64\www\PLATAFORMA_INTEGRADA\backend\api\actividad.php:21
[22-Apr-2026 19:34:23 America/Santo_Domingo] PHP   3. session_start() C:\wamp64\www\PLATAFORMA_INTEGRADA\backend\Autenticacion.php:14
[22-Apr-2026 19:34:59 America/Santo_Domingo] PHP Notice:  session_start(): Ignoring session_start() because a session is already active (started from C:\wamp64\www\PLATAFORMA_INTEGRADA\backend\api\actividad.php on line 19) in C:\wamp64\www\PLATAFORMA_INTEGRADA\backend\Autenticacion.php on line 14
[22-Apr-2026 19:34:59 America/Santo_Domingo] PHP Stack trace:
[22-Apr-2026 19:34:59 America/Santo_Domingo] PHP   1. {main}() C:\wamp64\www\PLATAFORMA_INTEGRADA\backend\api\actividad.php:0
[22-Apr-2026 19:34:59 America/Santo_Domingo] PHP   2. Autenticacion->__construct() C:\wamp64\www\PLATAFORMA_INTEGRADA\backend\api\actividad.php:21
[22-Apr-2026 19:34:59 America/Santo_Domingo] PHP   3. session_start() C:\wamp64\www\PLATAFORMA_INTEGRADA\backend\Autenticacion.php:14
[22-Apr-2026 19:35:01 America/Santo_Domingo] PHP Notice:  session_start(): Ignoring session_start() because a session is already active (started from C:\wamp64\www\PLATAFORMA_INTEGRADA\backend\api\actividad.php on line 19) in C:\wamp64\www\PLATAFORMA_INTEGRADA\backend\Autenticacion.php on line 14
[22-Apr-2026 19:35:01 America/Santo_Domingo] PHP Stack trace:
[22-Apr-2026 19:35:01 America/Santo_Domingo] PHP   1. {main}() C:\wamp64\www\PLATAFORMA_INTEGRADA\backend\api\actividad.php:0
[22-Apr-2026 19:35:01 America/Santo_Domingo] PHP   2. Autenticacion->__construct() C:\wamp64\www\PLATAFORMA_INTEGRADA\backend\api\actividad.php:21
[22-Apr-2026 19:35:01 America/Santo_Domingo] PHP   3. session_start() C:\wamp64\www\PLATAFORMA_INTEGRADA\backend\Autenticacion.php:14
[22-Apr-2026 19:35:01 America/Santo_Domingo] PHP Notice:  session_start(): Ignoring session_start() because a session is already active (started from C:\wamp64\www\PLATAFORMA_INTEGRADA\backend\api\actividad.php on line 19) in C:\wamp64\www\PLATAFORMA_INTEGRADA\backend\Autenticacion.php on line 14
[22-Apr-2026 19:35:01 America/Santo_Domingo] PHP Stack trace:
[22-Apr-2026 19:35:01 America/Santo_Domingo] PHP   1. {main}() C:\wamp64\www\PLATAFORMA_INTEGRADA\backend\api\actividad.php:0
[22-Apr-2026 19:35:01 America/Santo_Domingo] PHP   2. Autenticacion->__construct() C:\wamp64\www\PLATAFORMA_INTEGRADA\backend\api\actividad.php:21
[22-Apr-2026 19:35:01 America/Santo_Domingo] PHP   3. session_start() C:\wamp64\www\PLATAFORMA_INTEGRADA\backend\Autenticacion.php:14
[22-Apr-2026 21:33:38 America/Santo_Domingo] PHP Notice:  session_start(): Ignoring session_start() because a session is already active (started from C:\wamp64\www\PLATAFORMA_INTEGRADA\backend\api\actividad.php on line 19) in C:\wamp64\www\PLATAFORMA_INTEGRADA\backend\Autenticacion.php on line 14
[22-Apr-2026 21:33:38 America/Santo_Domingo] PHP Stack trace:
[22-Apr-2026 21:33:38 America/Santo_Domingo] PHP   1. {main}() C:\wamp64\www\PLATAFORMA_INTEGRADA\backend\api\actividad.php:0
[22-Apr-2026 21:33:38 America/Santo_Domingo] PHP   2. Autenticacion->__construct() C:\wamp64\www\PLATAFORMA_INTEGRADA\backend\api\actividad.php:21
[22-Apr-2026 21:33:38 America/Santo_Domingo] PHP   3. session_start() C:\wamp64\www\PLATAFORMA_INTEGRADA\backend\Autenticacion.php:14
[22-Apr-2026 21:33:41 America/Santo_Domingo] PHP Notice:  session_start(): Ignoring session_start() because a session is already active (started from C:\wamp64\www\PLATAFORMA_INTEGRADA\backend\api\actividad.php on line 19) in C:\wamp64\www\PLATAFORMA_INTEGRADA\backend\Autenticacion.php on line 14
[22-Apr-2026 21:33:41 America/Santo_Domingo] PHP Stack trace:
[22-Apr-2026 21:33:41 America/Santo_Domingo] PHP   1. {main}() C:\wamp64\www\PLATAFORMA_INTEGRADA\backend\api\actividad.php:0
[22-Apr-2026 21:33:41 America/Santo_Domingo] PHP   2. Autenticacion->__construct() C:\wamp64\www\PLATAFORMA_INTEGRADA\backend\api\actividad.php:21
[22-Apr-2026 21:33:41 America/Santo_Domingo] PHP   3. session_start() C:\wamp64\www\PLATAFORMA_INTEGRADA\backend\Autenticacion.php:14
[22-Apr-2026 21:33:43 America/Santo_Domingo] PHP Notice:  session_start(): Ignoring session_start() because a session is already active (started from C:\wamp64\www\PLATAFORMA_INTEGRADA\backend\api\actividad.php on line 19) in C:\wamp64\www\PLATAFORMA_INTEGRADA\backend\Autenticacion.php on line 14
[22-Apr-2026 21:33:43 America/Santo_Domingo] PHP Stack trace:
[22-Apr-2026 21:33:43 America/Santo_Domingo] PHP   1. {main}() C:\wamp64\www\PLATAFORMA_INTEGRADA\backend\api\actividad.php:0
[22-Apr-2026 21:33:43 America/Santo_Domingo] PHP   2. Autenticacion->__construct() C:\wamp64\www\PLATAFORMA_INTEGRADA\backend\api\actividad.php:21
[22-Apr-2026 21:33:43 America/Santo_Domingo] PHP   3. session_start() C:\wamp64\www\PLATAFORMA_INTEGRADA\backend\Autenticacion.php:14
[23-Apr-2026 08:55:50 America/Santo_Domingo] PHP Notice:  session_start(): Ignoring session_start() because a session is already active (started from C:\wamp64\www\PLATAFORMA_INTEGRADA\backend\api\actividad.php on line 19) in C:\wamp64\www\PLATAFORMA_INTEGRADA\backend\Autenticacion.php on line 14
[23-Apr-2026 08:55:50 America/Santo_Domingo] PHP Stack trace:
[23-Apr-2026 08:55:50 America/Santo_Domingo] PHP   1. {main}() C:\wamp64\www\PLATAFORMA_INTEGRADA\backend\api\actividad.php:0
[23-Apr-2026 08:55:50 America/Santo_Domingo] PHP   2. Autenticacion->__construct() C:\wamp64\www\PLATAFORMA_INTEGRADA\backend\api\actividad.php:21
[23-Apr-2026 08:55:50 America/Santo_Domingo] PHP   3. session_start() C:\wamp64\www\PLATAFORMA_INTEGRADA\backend\Autenticacion.php:14
[23-Apr-2026 08:55:52 America/Santo_Domingo] PHP Notice:  session_start(): Ignoring session_start() because a session is already active (started from C:\wamp64\www\PLATAFORMA_INTEGRADA\backend\api\actividad.php on line 19) in C:\wamp64\www\PLATAFORMA_INTEGRADA\backend\Autenticacion.php on line 14
[23-Apr-2026 08:55:52 America/Santo_Domingo] PHP Stack trace:
[23-Apr-2026 08:55:52 America/Santo_Domingo] PHP   1. {main}() C:\wamp64\www\PLATAFORMA_INTEGRADA\backend\api\actividad.php:0
[23-Apr-2026 08:55:52 America/Santo_Domingo] PHP   2. Autenticacion->__construct() C:\wamp64\www\PLATAFORMA_INTEGRADA\backend\api\actividad.php:21
[23-Apr-2026 08:55:52 America/Santo_Domingo] PHP   3. session_start() C:\wamp64\www\PLATAFORMA_INTEGRADA\backend\Autenticacion.php:14
[23-Apr-2026 20:57:32 America/Santo_Domingo] PHP Notice:  session_start(): Ignoring session_start() because a session is already active (started from C:\wamp64\www\PLATAFORMA_INTEGRADA\backend\api\actividad.php on line 19) in C:\wamp64\www\PLATAFORMA_INTEGRADA\backend\Autenticacion.php on line 14
[23-Apr-2026 20:57:32 America/Santo_Domingo] PHP Stack trace:
[23-Apr-2026 20:57:32 America/Santo_Domingo] PHP   1. {main}() C:\wamp64\www\PLATAFORMA_INTEGRADA\backend\api\actividad.php:0
[23-Apr-2026 20:57:32 America/Santo_Domingo] PHP   2. Autenticacion->__construct() C:\wamp64\www\PLATAFORMA_INTEGRADA\backend\api\actividad.php:21
[23-Apr-2026 20:57:32 America/Santo_Domingo] PHP   3. session_start() C:\wamp64\www\PLATAFORMA_INTEGRADA\backend\Autenticacion.php:14
[23-Apr-2026 20:57:40 America/Santo_Domingo] PHP Notice:  session_start(): Ignoring session_start() because a session is already active (started from C:\wamp64\www\PLATAFORMA_INTEGRADA\backend\api\actividad.php on line 19) in C:\wamp64\www\PLATAFORMA_INTEGRADA\backend\Autenticacion.php on line 14
[23-Apr-2026 20:57:40 America/Santo_Domingo] PHP Stack trace:
[23-Apr-2026 20:57:40 America/Santo_Domingo] PHP   1. {main}() C:\wamp64\www\PLATAFORMA_INTEGRADA\backend\api\actividad.php:0
[23-Apr-2026 20:57:40 America/Santo_Domingo] PHP   2. Autenticacion->__construct() C:\wamp64\www\PLATAFORMA_INTEGRADA\backend\api\actividad.php:21
[23-Apr-2026 20:57:40 America/Santo_Domingo] PHP   3. session_start() C:\wamp64\www\PLATAFORMA_INTEGRADA\backend\Autenticacion.php:14
[23-Apr-2026 20:58:45 America/Santo_Domingo] PHP Notice:  session_start(): Ignoring session_start() because a session is already active (started from C:\wamp64\www\PLATAFORMA_INTEGRADA\backend\api\actividad.php on line 19) in C:\wamp64\www\PLATAFORMA_INTEGRADA\backend\Autenticacion.php on line 14
[23-Apr-2026 20:58:45 America/Santo_Domingo] PHP Stack trace:
[23-Apr-2026 20:58:45 America/Santo_Domingo] PHP   1. {main}() C:\wamp64\www\PLATAFORMA_INTEGRADA\backend\api\actividad.php:0
[23-Apr-2026 20:58:45 America/Santo_Domingo] PHP   2. Autenticacion->__construct() C:\wamp64\www\PLATAFORMA_INTEGRADA\backend\api\actividad.php:21
[23-Apr-2026 20:58:45 America/Santo_Domingo] PHP   3. session_start() C:\wamp64\www\PLATAFORMA_INTEGRADA\backend\Autenticacion.php:14
[23-Apr-2026 21:04:45 America/Santo_Domingo] PHP Notice:  session_start(): Ignoring session_start() because a session is already active (started from C:\wamp64\www\PLATAFORMA_INTEGRADA\backend\api\actividad.php on line 19) in C:\wamp64\www\PLATAFORMA_INTEGRADA\backend\Autenticacion.php on line 14
[23-Apr-2026 21:04:45 America/Santo_Domingo] PHP Stack trace:
[23-Apr-2026 21:04:45 America/Santo_Domingo] PHP   1. {main}() C:\wamp64\www\PLATAFORMA_INTEGRADA\backend\api\actividad.php:0
[23-Apr-2026 21:04:45 America/Santo_Domingo] PHP   2. Autenticacion->__construct() C:\wamp64\www\PLATAFORMA_INTEGRADA\backend\api\actividad.php:21
[23-Apr-2026 21:04:45 America/Santo_Domingo] PHP   3. session_start() C:\wamp64\www\PLATAFORMA_INTEGRADA\backend\Autenticacion.php:14
[23-Apr-2026 21:04:46 America/Santo_Domingo] PHP Notice:  session_start(): Ignoring session_start() because a session is already active (started from C:\wamp64\www\PLATAFORMA_INTEGRADA\backend\api\actividad.php on line 19) in C:\wamp64\www\PLATAFORMA_INTEGRADA\backend\Autenticacion.php on line 14
[23-Apr-2026 21:04:46 America/Santo_Domingo] PHP Stack trace:
[23-Apr-2026 21:04:46 America/Santo_Domingo] PHP   1. {main}() C:\wamp64\www\PLATAFORMA_INTEGRADA\backend\api\actividad.php:0
[23-Apr-2026 21:04:46 America/Santo_Domingo] PHP   2. Autenticacion->__construct() C:\wamp64\www\PLATAFORMA_INTEGRADA\backend\api\actividad.php:21
[23-Apr-2026 21:04:46 America/Santo_Domingo] PHP   3. session_start() C:\wamp64\www\PLATAFORMA_INTEGRADA\backend\Autenticacion.php:14
[23-Apr-2026 23:17:23 America/Santo_Domingo] PHP Notice:  session_start(): Ignoring session_start() because a session is already active (started from C:\wamp64\www\PLATAFORMA_INTEGRADA\backend\api\actividad.php on line 19) in C:\wamp64\www\PLATAFORMA_INTEGRADA\backend\Autenticacion.php on line 14
[23-Apr-2026 23:17:23 America/Santo_Domingo] PHP Stack trace:
[23-Apr-2026 23:17:23 America/Santo_Domingo] PHP   1. {main}() C:\wamp64\www\PLATAFORMA_INTEGRADA\backend\api\actividad.php:0
[23-Apr-2026 23:17:23 America/Santo_Domingo] PHP   2. Autenticacion->__construct() C:\wamp64\www\PLATAFORMA_INTEGRADA\backend\api\actividad.php:21
[23-Apr-2026 23:17:23 America/Santo_Domingo] PHP   3. session_start() C:\wamp64\www\PLATAFORMA_INTEGRADA\backend\Autenticacion.php:14
[23-Apr-2026 23:19:40 America/Santo_Domingo] PHP Notice:  session_start(): Ignoring session_start() because a session is already active (started from C:\wamp64\www\PLATAFORMA_INTEGRADA\backend\api\actividad.php on line 19) in C:\wamp64\www\PLATAFORMA_INTEGRADA\backend\Autenticacion.php on line 14
[23-Apr-2026 23:19:40 America/Santo_Domingo] PHP Stack trace:
[23-Apr-2026 23:19:40 America/Santo_Domingo] PHP   1. {main}() C:\wamp64\www\PLATAFORMA_INTEGRADA\backend\api\actividad.php:0
[23-Apr-2026 23:19:40 America/Santo_Domingo] PHP   2. Autenticacion->__construct() C:\wamp64\www\PLATAFORMA_INTEGRADA\backend\api\actividad.php:21
[23-Apr-2026 23:19:40 America/Santo_Domingo] PHP   3. session_start() C:\wamp64\www\PLATAFORMA_INTEGRADA\backend\Autenticacion.php:14
[23-Apr-2026 23:48:44 America/Santo_Domingo] PHP Notice:  session_start(): Ignoring session_start() because a session is already active (started from C:\wamp64\www\PLATAFORMA_INTEGRADA\backend\api\actividad.php on line 19) in C:\wamp64\www\PLATAFORMA_INTEGRADA\backend\Autenticacion.php on line 14
[23-Apr-2026 23:48:44 America/Santo_Domingo] PHP Stack trace:
[23-Apr-2026 23:48:44 America/Santo_Domingo] PHP   1. {main}() C:\wamp64\www\PLATAFORMA_INTEGRADA\backend\api\actividad.php:0
[23-Apr-2026 23:48:44 America/Santo_Domingo] PHP   2. Autenticacion->__construct() C:\wamp64\www\PLATAFORMA_INTEGRADA\backend\api\actividad.php:21
[23-Apr-2026 23:48:44 America/Santo_Domingo] PHP   3. session_start() C:\wamp64\www\PLATAFORMA_INTEGRADA\backend\Autenticacion.php:14
[23-Apr-2026 23:48:45 America/Santo_Domingo] PHP Notice:  session_start(): Ignoring session_start() because a session is already active (started from C:\wamp64\www\PLATAFORMA_INTEGRADA\backend\api\actividad.php on line 19) in C:\wamp64\www\PLATAFORMA_INTEGRADA\backend\Autenticacion.php on line 14
[23-Apr-2026 23:48:45 America/Santo_Domingo] PHP Stack trace:
[23-Apr-2026 23:48:45 America/Santo_Domingo] PHP   1. {main}() C:\wamp64\www\PLATAFORMA_INTEGRADA\backend\api\actividad.php:0
[23-Apr-2026 23:48:45 America/Santo_Domingo] PHP   2. Autenticacion->__construct() C:\wamp64\www\PLATAFORMA_INTEGRADA\backend\api\actividad.php:21
[23-Apr-2026 23:48:45 America/Santo_Domingo] PHP   3. session_start() C:\wamp64\www\PLATAFORMA_INTEGRADA\backend\Autenticacion.php:14
[24-Apr-2026 01:56:57 America/Santo_Domingo] PHP Notice:  session_start(): Ignoring session_start() because a session is already active (started from C:\wamp64\www\PLATAFORMA_INTEGRADA\backend\api\actividad.php on line 19) in C:\wamp64\www\PLATAFORMA_INTEGRADA\backend\Autenticacion.php on line 14
[24-Apr-2026 01:56:57 America/Santo_Domingo] PHP Stack trace:
[24-Apr-2026 01:56:57 America/Santo_Domingo] PHP   1. {main}() C:\wamp64\www\PLATAFORMA_INTEGRADA\backend\api\actividad.php:0
[24-Apr-2026 01:56:57 America/Santo_Domingo] PHP   2. Autenticacion->__construct() C:\wamp64\www\PLATAFORMA_INTEGRADA\backend\api\actividad.php:21
[24-Apr-2026 01:56:57 America/Santo_Domingo] PHP   3. session_start() C:\wamp64\www\PLATAFORMA_INTEGRADA\backend\Autenticacion.php:14
[24-Apr-2026 02:00:47 America/Santo_Domingo] PHP Notice:  session_start(): Ignoring session_start() because a session is already active (started from C:\wamp64\www\PLATAFORMA_INTEGRADA\backend\api\actividad.php on line 19) in C:\wamp64\www\PLATAFORMA_INTEGRADA\backend\Autenticacion.php on line 14
[24-Apr-2026 02:00:47 America/Santo_Domingo] PHP Stack trace:
[24-Apr-2026 02:00:47 America/Santo_Domingo] PHP   1. {main}() C:\wamp64\www\PLATAFORMA_INTEGRADA\backend\api\actividad.php:0
[24-Apr-2026 02:00:47 America/Santo_Domingo] PHP   2. Autenticacion->__construct() C:\wamp64\www\PLATAFORMA_INTEGRADA\backend\api\actividad.php:21
[24-Apr-2026 02:00:47 America/Santo_Domingo] PHP   3. session_start() C:\wamp64\www\PLATAFORMA_INTEGRADA\backend\Autenticacion.php:14
[24-Apr-2026 02:00:48 America/Santo_Domingo] PHP Notice:  session_start(): Ignoring session_start() because a session is already active (started from C:\wamp64\www\PLATAFORMA_INTEGRADA\backend\api\actividad.php on line 19) in C:\wamp64\www\PLATAFORMA_INTEGRADA\backend\Autenticacion.php on line 14
[24-Apr-2026 02:00:48 America/Santo_Domingo] PHP Stack trace:
[24-Apr-2026 02:00:48 America/Santo_Domingo] PHP   1. {main}() C:\wamp64\www\PLATAFORMA_INTEGRADA\backend\api\actividad.php:0
[24-Apr-2026 02:00:48 America/Santo_Domingo] PHP   2. Autenticacion->__construct() C:\wamp64\www\PLATAFORMA_INTEGRADA\backend\api\actividad.php:21
[24-Apr-2026 02:00:48 America/Santo_Domingo] PHP   3. session_start() C:\wamp64\www\PLATAFORMA_INTEGRADA\backend\Autenticacion.php:14
[24-Apr-2026 02:06:53 America/Santo_Domingo] PHP Notice:  session_start(): Ignoring session_start() because a session is already active (started from C:\wamp64\www\PLATAFORMA_INTEGRADA\backend\api\actividad.php on line 19) in C:\wamp64\www\PLATAFORMA_INTEGRADA\backend\Autenticacion.php on line 14
[24-Apr-2026 02:06:53 America/Santo_Domingo] PHP Stack trace:
[24-Apr-2026 02:06:53 America/Santo_Domingo] PHP   1. {main}() C:\wamp64\www\PLATAFORMA_INTEGRADA\backend\api\actividad.php:0
[24-Apr-2026 02:06:53 America/Santo_Domingo] PHP   2. Autenticacion->__construct() C:\wamp64\www\PLATAFORMA_INTEGRADA\backend\api\actividad.php:21
[24-Apr-2026 02:06:53 America/Santo_Domingo] PHP   3. session_start() C:\wamp64\www\PLATAFORMA_INTEGRADA\backend\Autenticacion.php:14
[24-Apr-2026 02:06:54 America/Santo_Domingo] PHP Notice:  session_start(): Ignoring session_start() because a session is already active (started from C:\wamp64\www\PLATAFORMA_INTEGRADA\backend\api\actividad.php on line 19) in C:\wamp64\www\PLATAFORMA_INTEGRADA\backend\Autenticacion.php on line 14
[24-Apr-2026 02:06:54 America/Santo_Domingo] PHP Stack trace:
[24-Apr-2026 02:06:54 America/Santo_Domingo] PHP   1. {main}() C:\wamp64\www\PLATAFORMA_INTEGRADA\backend\api\actividad.php:0
[24-Apr-2026 02:06:54 America/Santo_Domingo] PHP   2. Autenticacion->__construct() C:\wamp64\www\PLATAFORMA_INTEGRADA\backend\api\actividad.php:21
[24-Apr-2026 02:06:54 America/Santo_Domingo] PHP   3. session_start() C:\wamp64\www\PLATAFORMA_INTEGRADA\backend\Autenticacion.php:14
[24-Apr-2026 08:07:35 America/Santo_Domingo] PHP Notice:  session_start(): Ignoring session_start() because a session is already active (started from C:\wamp64\www\PLATAFORMA_INTEGRADA\backend\api\actividad.php on line 19) in C:\wamp64\www\PLATAFORMA_INTEGRADA\backend\Autenticacion.php on line 14
[24-Apr-2026 08:07:35 America/Santo_Domingo] PHP Stack trace:
[24-Apr-2026 08:07:35 America/Santo_Domingo] PHP   1. {main}() C:\wamp64\www\PLATAFORMA_INTEGRADA\backend\api\actividad.php:0
[24-Apr-2026 08:07:35 America/Santo_Domingo] PHP   2. Autenticacion->__construct() C:\wamp64\www\PLATAFORMA_INTEGRADA\backend\api\actividad.php:21
[24-Apr-2026 08:07:35 America/Santo_Domingo] PHP   3. session_start() C:\wamp64\www\PLATAFORMA_INTEGRADA\backend\Autenticacion.php:14
[27-Apr-2026 17:29:45 America/Santo_Domingo] PHP Notice:  session_start(): Ignoring session_start() because a session is already active (started from C:\wamp64\www\PLATAFORMA_INTEGRADA\backend\api\actividad.php on line 19) in C:\wamp64\www\PLATAFORMA_INTEGRADA\backend\Autenticacion.php on line 14
[27-Apr-2026 17:29:45 America/Santo_Domingo] PHP Stack trace:
[27-Apr-2026 17:29:45 America/Santo_Domingo] PHP   1. {main}() C:\wamp64\www\PLATAFORMA_INTEGRADA\backend\api\actividad.php:0
[27-Apr-2026 17:29:45 America/Santo_Domingo] PHP   2. Autenticacion->__construct() C:\wamp64\www\PLATAFORMA_INTEGRADA\backend\api\actividad.php:21
[27-Apr-2026 17:29:45 America/Santo_Domingo] PHP   3. session_start() C:\wamp64\www\PLATAFORMA_INTEGRADA\backend\Autenticacion.php:14
[27-Apr-2026 20:40:38 America/Santo_Domingo] PHP Notice:  session_start(): Ignoring session_start() because a session is already active (started from C:\wamp64\www\PLATAFORMA_INTEGRADA\backend\api\actividad.php on line 19) in C:\wamp64\www\PLATAFORMA_INTEGRADA\backend\Autenticacion.php on line 14
[27-Apr-2026 20:40:38 America/Santo_Domingo] PHP Stack trace:
[27-Apr-2026 20:40:38 America/Santo_Domingo] PHP   1. {main}() C:\wamp64\www\PLATAFORMA_INTEGRADA\backend\api\actividad.php:0
[27-Apr-2026 20:40:38 America/Santo_Domingo] PHP   2. Autenticacion->__construct() C:\wamp64\www\PLATAFORMA_INTEGRADA\backend\api\actividad.php:21
[27-Apr-2026 20:40:38 America/Santo_Domingo] PHP   3. session_start() C:\wamp64\www\PLATAFORMA_INTEGRADA\backend\Autenticacion.php:14
[27-Apr-2026 20:40:41 America/Santo_Domingo] PHP Notice:  session_start(): Ignoring session_start() because a session is already active (started from C:\wamp64\www\PLATAFORMA_INTEGRADA\backend\api\actividad.php on line 19) in C:\wamp64\www\PLATAFORMA_INTEGRADA\backend\Autenticacion.php on line 14
[27-Apr-2026 20:40:41 America/Santo_Domingo] PHP Stack trace:
[27-Apr-2026 20:40:41 America/Santo_Domingo] PHP   1. {main}() C:\wamp64\www\PLATAFORMA_INTEGRADA\backend\api\actividad.php:0
[27-Apr-2026 20:40:41 America/Santo_Domingo] PHP   2. Autenticacion->__construct() C:\wamp64\www\PLATAFORMA_INTEGRADA\backend\api\actividad.php:21
[27-Apr-2026 20:40:41 America/Santo_Domingo] PHP   3. session_start() C:\wamp64\www\PLATAFORMA_INTEGRADA\backend\Autenticacion.php:14
[27-Apr-2026 20:40:44 America/Santo_Domingo] PHP Notice:  session_start(): Ignoring session_start() because a session is already active (started from C:\wamp64\www\PLATAFORMA_INTEGRADA\backend\api\actividad.php on line 19) in C:\wamp64\www\PLATAFORMA_INTEGRADA\backend\Autenticacion.php on line 14
[27-Apr-2026 20:40:44 America/Santo_Domingo] PHP Stack trace:
[27-Apr-2026 20:40:44 America/Santo_Domingo] PHP   1. {main}() C:\wamp64\www\PLATAFORMA_INTEGRADA\backend\api\actividad.php:0
[27-Apr-2026 20:40:44 America/Santo_Domingo] PHP   2. Autenticacion->__construct() C:\wamp64\www\PLATAFORMA_INTEGRADA\backend\api\actividad.php:21
[27-Apr-2026 20:40:44 America/Santo_Domingo] PHP   3. session_start() C:\wamp64\www\PLATAFORMA_INTEGRADA\backend\Autenticacion.php:14
[27-Apr-2026 20:40:46 America/Santo_Domingo] PHP Notice:  session_start(): Ignoring session_start() because a session is already active (started from C:\wamp64\www\PLATAFORMA_INTEGRADA\backend\api\actividad.php on line 19) in C:\wamp64\www\PLATAFORMA_INTEGRADA\backend\Autenticacion.php on line 14
[27-Apr-2026 20:40:46 America/Santo_Domingo] PHP Stack trace:
[27-Apr-2026 20:40:46 America/Santo_Domingo] PHP   1. {main}() C:\wamp64\www\PLATAFORMA_INTEGRADA\backend\api\actividad.php:0
[27-Apr-2026 20:40:46 America/Santo_Domingo] PHP   2. Autenticacion->__construct() C:\wamp64\www\PLATAFORMA_INTEGRADA\backend\api\actividad.php:21
[27-Apr-2026 20:40:46 America/Santo_Domingo] PHP   3. session_start() C:\wamp64\www\PLATAFORMA_INTEGRADA\backend\Autenticacion.php:14
[27-Apr-2026 20:55:20 America/Santo_Domingo] PHP Notice:  session_start(): Ignoring session_start() because a session is already active (started from C:\wamp64\www\PLATAFORMA_INTEGRADA\backend\api\actividad.php on line 19) in C:\wamp64\www\PLATAFORMA_INTEGRADA\backend\Autenticacion.php on line 14
[27-Apr-2026 20:55:20 America/Santo_Domingo] PHP Stack trace:
[27-Apr-2026 20:55:20 America/Santo_Domingo] PHP   1. {main}() C:\wamp64\www\PLATAFORMA_INTEGRADA\backend\api\actividad.php:0
[27-Apr-2026 20:55:20 America/Santo_Domingo] PHP   2. Autenticacion->__construct() C:\wamp64\www\PLATAFORMA_INTEGRADA\backend\api\actividad.php:21
[27-Apr-2026 20:55:20 America/Santo_Domingo] PHP   3. session_start() C:\wamp64\www\PLATAFORMA_INTEGRADA\backend\Autenticacion.php:14
[27-Apr-2026 21:33:15 America/Santo_Domingo] PHP Notice:  session_start(): Ignoring session_start() because a session is already active (started from C:\wamp64\www\PLATAFORMA_INTEGRADA\backend\api\actividad.php on line 19) in C:\wamp64\www\PLATAFORMA_INTEGRADA\backend\Autenticacion.php on line 14
[27-Apr-2026 21:33:15 America/Santo_Domingo] PHP Stack trace:
[27-Apr-2026 21:33:15 America/Santo_Domingo] PHP   1. {main}() C:\wamp64\www\PLATAFORMA_INTEGRADA\backend\api\actividad.php:0
[27-Apr-2026 21:33:15 America/Santo_Domingo] PHP   2. Autenticacion->__construct() C:\wamp64\www\PLATAFORMA_INTEGRADA\backend\api\actividad.php:21
[27-Apr-2026 21:33:15 America/Santo_Domingo] PHP   3. session_start() C:\wamp64\www\PLATAFORMA_INTEGRADA\backend\Autenticacion.php:14
[27-Apr-2026 21:33:20 America/Santo_Domingo] PHP Notice:  session_start(): Ignoring session_start() because a session is already active (started from C:\wamp64\www\PLATAFORMA_INTEGRADA\backend\api\actividad.php on line 19) in C:\wamp64\www\PLATAFORMA_INTEGRADA\backend\Autenticacion.php on line 14
[27-Apr-2026 21:33:20 America/Santo_Domingo] PHP Stack trace:
[27-Apr-2026 21:33:20 America/Santo_Domingo] PHP   1. {main}() C:\wamp64\www\PLATAFORMA_INTEGRADA\backend\api\actividad.php:0
[27-Apr-2026 21:33:20 America/Santo_Domingo] PHP   2. Autenticacion->__construct() C:\wamp64\www\PLATAFORMA_INTEGRADA\backend\api\actividad.php:21
[27-Apr-2026 21:33:20 America/Santo_Domingo] PHP   3. session_start() C:\wamp64\www\PLATAFORMA_INTEGRADA\backend\Autenticacion.php:14
[27-Apr-2026 21:33:22 America/Santo_Domingo] PHP Notice:  session_start(): Ignoring session_start() because a session is already active (started from C:\wamp64\www\PLATAFORMA_INTEGRADA\backend\api\actividad.php on line 19) in C:\wamp64\www\PLATAFORMA_INTEGRADA\backend\Autenticacion.php on line 14
[27-Apr-2026 21:33:22 America/Santo_Domingo] PHP Stack trace:
[27-Apr-2026 21:33:22 America/Santo_Domingo] PHP   1. {main}() C:\wamp64\www\PLATAFORMA_INTEGRADA\backend\api\actividad.php:0
[27-Apr-2026 21:33:22 America/Santo_Domingo] PHP   2. Autenticacion->__construct() C:\wamp64\www\PLATAFORMA_INTEGRADA\backend\api\actividad.php:21
[27-Apr-2026 21:33:22 America/Santo_Domingo] PHP   3. session_start() C:\wamp64\www\PLATAFORMA_INTEGRADA\backend\Autenticacion.php:14
[27-Apr-2026 21:33:29 America/Santo_Domingo] PHP Notice:  session_start(): Ignoring session_start() because a session is already active (started from C:\wamp64\www\PLATAFORMA_INTEGRADA\backend\api\actividad.php on line 19) in C:\wamp64\www\PLATAFORMA_INTEGRADA\backend\Autenticacion.php on line 14
[27-Apr-2026 21:33:29 America/Santo_Domingo] PHP Stack trace:
[27-Apr-2026 21:33:29 America/Santo_Domingo] PHP   1. {main}() C:\wamp64\www\PLATAFORMA_INTEGRADA\backend\api\actividad.php:0
[27-Apr-2026 21:33:29 America/Santo_Domingo] PHP   2. Autenticacion->__construct() C:\wamp64\www\PLATAFORMA_INTEGRADA\backend\api\actividad.php:21
[27-Apr-2026 21:33:29 America/Santo_Domingo] PHP   3. session_start() C:\wamp64\www\PLATAFORMA_INTEGRADA\backend\Autenticacion.php:14
[27-Apr-2026 21:33:32 America/Santo_Domingo] PHP Notice:  session_start(): Ignoring session_start() because a session is already active (started from C:\wamp64\www\PLATAFORMA_INTEGRADA\backend\api\actividad.php on line 19) in C:\wamp64\www\PLATAFORMA_INTEGRADA\backend\Autenticacion.php on line 14
[27-Apr-2026 21:33:32 America/Santo_Domingo] PHP Stack trace:
[27-Apr-2026 21:33:32 America/Santo_Domingo] PHP   1. {main}() C:\wamp64\www\PLATAFORMA_INTEGRADA\backend\api\actividad.php:0
[27-Apr-2026 21:33:32 America/Santo_Domingo] PHP   2. Autenticacion->__construct() C:\wamp64\www\PLATAFORMA_INTEGRADA\backend\api\actividad.php:21
[27-Apr-2026 21:33:32 America/Santo_Domingo] PHP   3. session_start() C:\wamp64\www\PLATAFORMA_INTEGRADA\backend\Autenticacion.php:14
[27-Apr-2026 21:37:55 America/Santo_Domingo] PHP Notice:  session_start(): Ignoring session_start() because a session is already active (started from C:\wamp64\www\PLATAFORMA_INTEGRADA\backend\api\actividad.php on line 19) in C:\wamp64\www\PLATAFORMA_INTEGRADA\backend\Autenticacion.php on line 14
[27-Apr-2026 21:37:55 America/Santo_Domingo] PHP Stack trace:
[27-Apr-2026 21:37:55 America/Santo_Domingo] PHP   1. {main}() C:\wamp64\www\PLATAFORMA_INTEGRADA\backend\api\actividad.php:0
[27-Apr-2026 21:37:55 America/Santo_Domingo] PHP   2. Autenticacion->__construct() C:\wamp64\www\PLATAFORMA_INTEGRADA\backend\api\actividad.php:21
[27-Apr-2026 21:37:55 America/Santo_Domingo] PHP   3. session_start() C:\wamp64\www\PLATAFORMA_INTEGRADA\backend\Autenticacion.php:14
[27-Apr-2026 21:37:57 America/Santo_Domingo] PHP Notice:  session_start(): Ignoring session_start() because a session is already active (started from C:\wamp64\www\PLATAFORMA_INTEGRADA\backend\api\actividad.php on line 19) in C:\wamp64\www\PLATAFORMA_INTEGRADA\backend\Autenticacion.php on line 14
[27-Apr-2026 21:37:57 America/Santo_Domingo] PHP Stack trace:
[27-Apr-2026 21:37:57 America/Santo_Domingo] PHP   1. {main}() C:\wamp64\www\PLATAFORMA_INTEGRADA\backend\api\actividad.php:0
[27-Apr-2026 21:37:57 America/Santo_Domingo] PHP   2. Autenticacion->__construct() C:\wamp64\www\PLATAFORMA_INTEGRADA\backend\api\actividad.php:21
[27-Apr-2026 21:37:57 America/Santo_Domingo] PHP   3. session_start() C:\wamp64\www\PLATAFORMA_INTEGRADA\backend\Autenticacion.php:14
[27-Apr-2026 21:38:03 America/Santo_Domingo] PHP Notice:  session_start(): Ignoring session_start() because a session is already active (started from C:\wamp64\www\PLATAFORMA_INTEGRADA\backend\api\actividad.php on line 19) in C:\wamp64\www\PLATAFORMA_INTEGRADA\backend\Autenticacion.php on line 14
[27-Apr-2026 21:38:03 America/Santo_Domingo] PHP Stack trace:
[27-Apr-2026 21:38:03 America/Santo_Domingo] PHP   1. {main}() C:\wamp64\www\PLATAFORMA_INTEGRADA\backend\api\actividad.php:0
[27-Apr-2026 21:38:03 America/Santo_Domingo] PHP   2. Autenticacion->__construct() C:\wamp64\www\PLATAFORMA_INTEGRADA\backend\api\actividad.php:21
[27-Apr-2026 21:38:03 America/Santo_Domingo] PHP   3. session_start() C:\wamp64\www\PLATAFORMA_INTEGRADA\backend\Autenticacion.php:14
[27-Apr-2026 21:38:11 America/Santo_Domingo] PHP Notice:  session_start(): Ignoring session_start() because a session is already active (started from C:\wamp64\www\PLATAFORMA_INTEGRADA\backend\api\actividad.php on line 19) in C:\wamp64\www\PLATAFORMA_INTEGRADA\backend\Autenticacion.php on line 14
[27-Apr-2026 21:38:11 America/Santo_Domingo] PHP Stack trace:
[27-Apr-2026 21:38:11 America/Santo_Domingo] PHP   1. {main}() C:\wamp64\www\PLATAFORMA_INTEGRADA\backend\api\actividad.php:0
[27-Apr-2026 21:38:11 America/Santo_Domingo] PHP   2. Autenticacion->__construct() C:\wamp64\www\PLATAFORMA_INTEGRADA\backend\api\actividad.php:21
[27-Apr-2026 21:38:11 America/Santo_Domingo] PHP   3. session_start() C:\wamp64\www\PLATAFORMA_INTEGRADA\backend\Autenticacion.php:14
[27-Apr-2026 21:38:11 America/Santo_Domingo] PHP Notice:  session_start(): Ignoring session_start() because a session is already active (started from C:\wamp64\www\PLATAFORMA_INTEGRADA\backend\api\actividad.php on line 19) in C:\wamp64\www\PLATAFORMA_INTEGRADA\backend\Autenticacion.php on line 14
[27-Apr-2026 21:38:11 America/Santo_Domingo] PHP Stack trace:
[27-Apr-2026 21:38:11 America/Santo_Domingo] PHP   1. {main}() C:\wamp64\www\PLATAFORMA_INTEGRADA\backend\api\actividad.php:0
[27-Apr-2026 21:38:11 America/Santo_Domingo] PHP   2. Autenticacion->__construct() C:\wamp64\www\PLATAFORMA_INTEGRADA\backend\api\actividad.php:21
[27-Apr-2026 21:38:11 America/Santo_Domingo] PHP   3. session_start() C:\wamp64\www\PLATAFORMA_INTEGRADA\backend\Autenticacion.php:14
[27-Apr-2026 21:38:12 America/Santo_Domingo] PHP Notice:  session_start(): Ignoring session_start() because a session is already active (started from C:\wamp64\www\PLATAFORMA_INTEGRADA\backend\api\actividad.php on line 19) in C:\wamp64\www\PLATAFORMA_INTEGRADA\backend\Autenticacion.php on line 14
[27-Apr-2026 21:38:12 America/Santo_Domingo] PHP Stack trace:
[27-Apr-2026 21:38:12 America/Santo_Domingo] PHP   1. {main}() C:\wamp64\www\PLATAFORMA_INTEGRADA\backend\api\actividad.php:0
[27-Apr-2026 21:38:12 America/Santo_Domingo] PHP   2. Autenticacion->__construct() C:\wamp64\www\PLATAFORMA_INTEGRADA\backend\api\actividad.php:21
[27-Apr-2026 21:38:12 America/Santo_Domingo] PHP   3. session_start() C:\wamp64\www\PLATAFORMA_INTEGRADA\backend\Autenticacion.php:14
[27-Apr-2026 21:38:13 America/Santo_Domingo] PHP Notice:  session_start(): Ignoring session_start() because a session is already active (started from C:\wamp64\www\PLATAFORMA_INTEGRADA\backend\api\actividad.php on line 19) in C:\wamp64\www\PLATAFORMA_INTEGRADA\backend\Autenticacion.php on line 14
[27-Apr-2026 21:38:13 America/Santo_Domingo] PHP Stack trace:
[27-Apr-2026 21:38:13 America/Santo_Domingo] PHP   1. {main}() C:\wamp64\www\PLATAFORMA_INTEGRADA\backend\api\actividad.php:0
[27-Apr-2026 21:38:13 America/Santo_Domingo] PHP   2. Autenticacion->__construct() C:\wamp64\www\PLATAFORMA_INTEGRADA\backend\api\actividad.php:21
[27-Apr-2026 21:38:13 America/Santo_Domingo] PHP   3. session_start() C:\wamp64\www\PLATAFORMA_INTEGRADA\backend\Autenticacion.php:14
[27-Apr-2026 21:38:16 America/Santo_Domingo] PHP Notice:  session_start(): Ignoring session_start() because a session is already active (started from C:\wamp64\www\PLATAFORMA_INTEGRADA\backend\api\actividad.php on line 19) in C:\wamp64\www\PLATAFORMA_INTEGRADA\backend\Autenticacion.php on line 14
[27-Apr-2026 21:38:16 America/Santo_Domingo] PHP Stack trace:
[27-Apr-2026 21:38:16 America/Santo_Domingo] PHP   1. {main}() C:\wamp64\www\PLATAFORMA_INTEGRADA\backend\api\actividad.php:0
[27-Apr-2026 21:38:16 America/Santo_Domingo] PHP   2. Autenticacion->__construct() C:\wamp64\www\PLATAFORMA_INTEGRADA\backend\api\actividad.php:21
[27-Apr-2026 21:38:16 America/Santo_Domingo] PHP   3. session_start() C:\wamp64\www\PLATAFORMA_INTEGRADA\backend\Autenticacion.php:14
[27-Apr-2026 21:38:17 America/Santo_Domingo] PHP Notice:  session_start(): Ignoring session_start() because a session is already active (started from C:\wamp64\www\PLATAFORMA_INTEGRADA\backend\api\actividad.php on line 19) in C:\wamp64\www\PLATAFORMA_INTEGRADA\backend\Autenticacion.php on line 14
[27-Apr-2026 21:38:17 America/Santo_Domingo] PHP Stack trace:
[27-Apr-2026 21:38:17 America/Santo_Domingo] PHP   1. {main}() C:\wamp64\www\PLATAFORMA_INTEGRADA\backend\api\actividad.php:0
[27-Apr-2026 21:38:17 America/Santo_Domingo] PHP   2. Autenticacion->__construct() C:\wamp64\www\PLATAFORMA_INTEGRADA\backend\api\actividad.php:21
[27-Apr-2026 21:38:17 America/Santo_Domingo] PHP   3. session_start() C:\wamp64\www\PLATAFORMA_INTEGRADA\backend\Autenticacion.php:14
[27-Apr-2026 21:38:18 America/Santo_Domingo] PHP Notice:  session_start(): Ignoring session_start() because a session is already active (started from C:\wamp64\www\PLATAFORMA_INTEGRADA\backend\api\actividad.php on line 19) in C:\wamp64\www\PLATAFORMA_INTEGRADA\backend\Autenticacion.php on line 14
[27-Apr-2026 21:38:18 America/Santo_Domingo] PHP Stack trace:
[27-Apr-2026 21:38:18 America/Santo_Domingo] PHP   1. {main}() C:\wamp64\www\PLATAFORMA_INTEGRADA\backend\api\actividad.php:0
[27-Apr-2026 21:38:18 America/Santo_Domingo] PHP   2. Autenticacion->__construct() C:\wamp64\www\PLATAFORMA_INTEGRADA\backend\api\actividad.php:21
[27-Apr-2026 21:38:18 America/Santo_Domingo] PHP   3. session_start() C:\wamp64\www\PLATAFORMA_INTEGRADA\backend\Autenticacion.php:14
[27-Apr-2026 21:38:21 America/Santo_Domingo] PHP Notice:  session_start(): Ignoring session_start() because a session is already active (started from C:\wamp64\www\PLATAFORMA_INTEGRADA\backend\api\actividad.php on line 19) in C:\wamp64\www\PLATAFORMA_INTEGRADA\backend\Autenticacion.php on line 14
[27-Apr-2026 21:38:21 America/Santo_Domingo] PHP Stack trace:
[27-Apr-2026 21:38:21 America/Santo_Domingo] PHP   1. {main}() C:\wamp64\www\PLATAFORMA_INTEGRADA\backend\api\actividad.php:0
[27-Apr-2026 21:38:21 America/Santo_Domingo] PHP   2. Autenticacion->__construct() C:\wamp64\www\PLATAFORMA_INTEGRADA\backend\api\actividad.php:21
[27-Apr-2026 21:38:21 America/Santo_Domingo] PHP   3. session_start() C:\wamp64\www\PLATAFORMA_INTEGRADA\backend\Autenticacion.php:14
[27-Apr-2026 21:38:22 America/Santo_Domingo] PHP Notice:  session_start(): Ignoring session_start() because a session is already active (started from C:\wamp64\www\PLATAFORMA_INTEGRADA\backend\api\actividad.php on line 19) in C:\wamp64\www\PLATAFORMA_INTEGRADA\backend\Autenticacion.php on line 14
[27-Apr-2026 21:38:22 America/Santo_Domingo] PHP Stack trace:
[27-Apr-2026 21:38:22 America/Santo_Domingo] PHP   1. {main}() C:\wamp64\www\PLATAFORMA_INTEGRADA\backend\api\actividad.php:0
[27-Apr-2026 21:38:22 America/Santo_Domingo] PHP   2. Autenticacion->__construct() C:\wamp64\www\PLATAFORMA_INTEGRADA\backend\api\actividad.php:21
[27-Apr-2026 21:38:22 America/Santo_Domingo] PHP   3. session_start() C:\wamp64\www\PLATAFORMA_INTEGRADA\backend\Autenticacion.php:14
[27-Apr-2026 21:38:24 America/Santo_Domingo] PHP Notice:  session_start(): Ignoring session_start() because a session is already active (started from C:\wamp64\www\PLATAFORMA_INTEGRADA\backend\api\actividad.php on line 19) in C:\wamp64\www\PLATAFORMA_INTEGRADA\backend\Autenticacion.php on line 14
[27-Apr-2026 21:38:24 America/Santo_Domingo] PHP Stack trace:
[27-Apr-2026 21:38:24 America/Santo_Domingo] PHP   1. {main}() C:\wamp64\www\PLATAFORMA_INTEGRADA\backend\api\actividad.php:0
[27-Apr-2026 21:38:24 America/Santo_Domingo] PHP   2. Autenticacion->__construct() C:\wamp64\www\PLATAFORMA_INTEGRADA\backend\api\actividad.php:21
[27-Apr-2026 21:38:24 America/Santo_Domingo] PHP   3. session_start() C:\wamp64\www\PLATAFORMA_INTEGRADA\backend\Autenticacion.php:14
[27-Apr-2026 21:38:28 America/Santo_Domingo] PHP Notice:  session_start(): Ignoring session_start() because a session is already active (started from C:\wamp64\www\PLATAFORMA_INTEGRADA\backend\api\actividad.php on line 19) in C:\wamp64\www\PLATAFORMA_INTEGRADA\backend\Autenticacion.php on line 14
[27-Apr-2026 21:38:28 America/Santo_Domingo] PHP Stack trace:
[27-Apr-2026 21:38:28 America/Santo_Domingo] PHP   1. {main}() C:\wamp64\www\PLATAFORMA_INTEGRADA\backend\api\actividad.php:0
[27-Apr-2026 21:38:28 America/Santo_Domingo] PHP   2. Autenticacion->__construct() C:\wamp64\www\PLATAFORMA_INTEGRADA\backend\api\actividad.php:21
[27-Apr-2026 21:38:28 America/Santo_Domingo] PHP   3. session_start() C:\wamp64\www\PLATAFORMA_INTEGRADA\backend\Autenticacion.php:14
[27-Apr-2026 21:38:30 America/Santo_Domingo] PHP Notice:  session_start(): Ignoring session_start() because a session is already active (started from C:\wamp64\www\PLATAFORMA_INTEGRADA\backend\api\actividad.php on line 19) in C:\wamp64\www\PLATAFORMA_INTEGRADA\backend\Autenticacion.php on line 14
[27-Apr-2026 21:38:30 America/Santo_Domingo] PHP Stack trace:
[27-Apr-2026 21:38:30 America/Santo_Domingo] PHP   1. {main}() C:\wamp64\www\PLATAFORMA_INTEGRADA\backend\api\actividad.php:0
[27-Apr-2026 21:38:30 America/Santo_Domingo] PHP   2. Autenticacion->__construct() C:\wamp64\www\PLATAFORMA_INTEGRADA\backend\api\actividad.php:21
[27-Apr-2026 21:38:30 America/Santo_Domingo] PHP   3. session_start() C:\wamp64\www\PLATAFORMA_INTEGRADA\backend\Autenticacion.php:14
[27-Apr-2026 21:40:22 America/Santo_Domingo] PHP Notice:  session_start(): Ignoring session_start() because a session is already active (started from C:\wamp64\www\PLATAFORMA_INTEGRADA\backend\api\actividad.php on line 19) in C:\wamp64\www\PLATAFORMA_INTEGRADA\backend\Autenticacion.php on line 14
[27-Apr-2026 21:40:22 America/Santo_Domingo] PHP Stack trace:
[27-Apr-2026 21:40:22 America/Santo_Domingo] PHP   1. {main}() C:\wamp64\www\PLATAFORMA_INTEGRADA\backend\api\actividad.php:0
[27-Apr-2026 21:40:22 America/Santo_Domingo] PHP   2. Autenticacion->__construct() C:\wamp64\www\PLATAFORMA_INTEGRADA\backend\api\actividad.php:21
[27-Apr-2026 21:40:22 America/Santo_Domingo] PHP   3. session_start() C:\wamp64\www\PLATAFORMA_INTEGRADA\backend\Autenticacion.php:14
[27-Apr-2026 21:40:23 America/Santo_Domingo] PHP Notice:  session_start(): Ignoring session_start() because a session is already active (started from C:\wamp64\www\PLATAFORMA_INTEGRADA\backend\api\actividad.php on line 19) in C:\wamp64\www\PLATAFORMA_INTEGRADA\backend\Autenticacion.php on line 14
[27-Apr-2026 21:40:23 America/Santo_Domingo] PHP Stack trace:
[27-Apr-2026 21:40:23 America/Santo_Domingo] PHP   1. {main}() C:\wamp64\www\PLATAFORMA_INTEGRADA\backend\api\actividad.php:0
[27-Apr-2026 21:40:23 America/Santo_Domingo] PHP   2. Autenticacion->__construct() C:\wamp64\www\PLATAFORMA_INTEGRADA\backend\api\actividad.php:21
[27-Apr-2026 21:40:23 America/Santo_Domingo] PHP   3. session_start() C:\wamp64\www\PLATAFORMA_INTEGRADA\backend\Autenticacion.php:14
[27-Apr-2026 21:40:55 America/Santo_Domingo] PHP Notice:  session_start(): Ignoring session_start() because a session is already active (started from C:\wamp64\www\PLATAFORMA_INTEGRADA\backend\api\actividad.php on line 19) in C:\wamp64\www\PLATAFORMA_INTEGRADA\backend\Autenticacion.php on line 14
[27-Apr-2026 21:40:55 America/Santo_Domingo] PHP Stack trace:
[27-Apr-2026 21:40:55 America/Santo_Domingo] PHP   1. {main}() C:\wamp64\www\PLATAFORMA_INTEGRADA\backend\api\actividad.php:0
[27-Apr-2026 21:40:55 America/Santo_Domingo] PHP   2. Autenticacion->__construct() C:\wamp64\www\PLATAFORMA_INTEGRADA\backend\api\actividad.php:21
[27-Apr-2026 21:40:55 America/Santo_Domingo] PHP   3. session_start() C:\wamp64\www\PLATAFORMA_INTEGRADA\backend\Autenticacion.php:14
[27-Apr-2026 21:40:57 America/Santo_Domingo] PHP Notice:  session_start(): Ignoring session_start() because a session is already active (started from C:\wamp64\www\PLATAFORMA_INTEGRADA\backend\api\actividad.php on line 19) in C:\wamp64\www\PLATAFORMA_INTEGRADA\backend\Autenticacion.php on line 14
[27-Apr-2026 21:40:57 America/Santo_Domingo] PHP Stack trace:
[27-Apr-2026 21:40:57 America/Santo_Domingo] PHP   1. {main}() C:\wamp64\www\PLATAFORMA_INTEGRADA\backend\api\actividad.php:0
[27-Apr-2026 21:40:57 America/Santo_Domingo] PHP   2. Autenticacion->__construct() C:\wamp64\www\PLATAFORMA_INTEGRADA\backend\api\actividad.php:21
[27-Apr-2026 21:40:57 America/Santo_Domingo] PHP   3. session_start() C:\wamp64\www\PLATAFORMA_INTEGRADA\backend\Autenticacion.php:14
[27-Apr-2026 21:41:31 America/Santo_Domingo] PHP Notice:  session_start(): Ignoring session_start() because a session is already active (started from C:\wamp64\www\PLATAFORMA_INTEGRADA\backend\api\actividad.php on line 19) in C:\wamp64\www\PLATAFORMA_INTEGRADA\backend\Autenticacion.php on line 14
[27-Apr-2026 21:41:31 America/Santo_Domingo] PHP Stack trace:
[27-Apr-2026 21:41:31 America/Santo_Domingo] PHP   1. {main}() C:\wamp64\www\PLATAFORMA_INTEGRADA\backend\api\actividad.php:0
[27-Apr-2026 21:41:31 America/Santo_Domingo] PHP   2. Autenticacion->__construct() C:\wamp64\www\PLATAFORMA_INTEGRADA\backend\api\actividad.php:21
[27-Apr-2026 21:41:31 America/Santo_Domingo] PHP   3. session_start() C:\wamp64\www\PLATAFORMA_INTEGRADA\backend\Autenticacion.php:14
[27-Apr-2026 21:41:33 America/Santo_Domingo] PHP Notice:  session_start(): Ignoring session_start() because a session is already active (started from C:\wamp64\www\PLATAFORMA_INTEGRADA\backend\api\actividad.php on line 19) in C:\wamp64\www\PLATAFORMA_INTEGRADA\backend\Autenticacion.php on line 14
[27-Apr-2026 21:41:33 America/Santo_Domingo] PHP Stack trace:
[27-Apr-2026 21:41:33 America/Santo_Domingo] PHP   1. {main}() C:\wamp64\www\PLATAFORMA_INTEGRADA\backend\api\actividad.php:0
[27-Apr-2026 21:41:33 America/Santo_Domingo] PHP   2. Autenticacion->__construct() C:\wamp64\www\PLATAFORMA_INTEGRADA\backend\api\actividad.php:21
[27-Apr-2026 21:41:33 America/Santo_Domingo] PHP   3. session_start() C:\wamp64\www\PLATAFORMA_INTEGRADA\backend\Autenticacion.php:14
[27-Apr-2026 21:41:34 America/Santo_Domingo] PHP Notice:  session_start(): Ignoring session_start() because a session is already active (started from C:\wamp64\www\PLATAFORMA_INTEGRADA\backend\api\actividad.php on line 19) in C:\wamp64\www\PLATAFORMA_INTEGRADA\backend\Autenticacion.php on line 14
[27-Apr-2026 21:41:34 America/Santo_Domingo] PHP Stack trace:
[27-Apr-2026 21:41:34 America/Santo_Domingo] PHP   1. {main}() C:\wamp64\www\PLATAFORMA_INTEGRADA\backend\api\actividad.php:0
[27-Apr-2026 21:41:34 America/Santo_Domingo] PHP   2. Autenticacion->__construct() C:\wamp64\www\PLATAFORMA_INTEGRADA\backend\api\actividad.php:21
[27-Apr-2026 21:41:34 America/Santo_Domingo] PHP   3. session_start() C:\wamp64\www\PLATAFORMA_INTEGRADA\backend\Autenticacion.php:14
[27-Apr-2026 21:41:57 America/Santo_Domingo] PHP Notice:  session_start(): Ignoring session_start() because a session is already active (started from C:\wamp64\www\PLATAFORMA_INTEGRADA\backend\api\actividad.php on line 19) in C:\wamp64\www\PLATAFORMA_INTEGRADA\backend\Autenticacion.php on line 14
[27-Apr-2026 21:41:57 America/Santo_Domingo] PHP Stack trace:
[27-Apr-2026 21:41:57 America/Santo_Domingo] PHP   1. {main}() C:\wamp64\www\PLATAFORMA_INTEGRADA\backend\api\actividad.php:0
[27-Apr-2026 21:41:57 America/Santo_Domingo] PHP   2. Autenticacion->__construct() C:\wamp64\www\PLATAFORMA_INTEGRADA\backend\api\actividad.php:21
[27-Apr-2026 21:41:57 America/Santo_Domingo] PHP   3. session_start() C:\wamp64\www\PLATAFORMA_INTEGRADA\backend\Autenticacion.php:14
[27-Apr-2026 21:43:55 America/Santo_Domingo] PHP Notice:  session_start(): Ignoring session_start() because a session is already active (started from C:\wamp64\www\PLATAFORMA_INTEGRADA\backend\api\actividad.php on line 19) in C:\wamp64\www\PLATAFORMA_INTEGRADA\backend\Autenticacion.php on line 14
[27-Apr-2026 21:43:55 America/Santo_Domingo] PHP Stack trace:
[27-Apr-2026 21:43:55 America/Santo_Domingo] PHP   1. {main}() C:\wamp64\www\PLATAFORMA_INTEGRADA\backend\api\actividad.php:0
[27-Apr-2026 21:43:55 America/Santo_Domingo] PHP   2. Autenticacion->__construct() C:\wamp64\www\PLATAFORMA_INTEGRADA\backend\api\actividad.php:21
[27-Apr-2026 21:43:55 America/Santo_Domingo] PHP   3. session_start() C:\wamp64\www\PLATAFORMA_INTEGRADA\backend\Autenticacion.php:14
[27-Apr-2026 21:43:58 America/Santo_Domingo] PHP Notice:  session_start(): Ignoring session_start() because a session is already active (started from C:\wamp64\www\PLATAFORMA_INTEGRADA\backend\api\actividad.php on line 19) in C:\wamp64\www\PLATAFORMA_INTEGRADA\backend\Autenticacion.php on line 14
[27-Apr-2026 21:43:58 America/Santo_Domingo] PHP Stack trace:
[27-Apr-2026 21:43:58 America/Santo_Domingo] PHP   1. {main}() C:\wamp64\www\PLATAFORMA_INTEGRADA\backend\api\actividad.php:0
[27-Apr-2026 21:43:58 America/Santo_Domingo] PHP   2. Autenticacion->__construct() C:\wamp64\www\PLATAFORMA_INTEGRADA\backend\api\actividad.php:21
[27-Apr-2026 21:43:58 America/Santo_Domingo] PHP   3. session_start() C:\wamp64\www\PLATAFORMA_INTEGRADA\backend\Autenticacion.php:14
[27-Apr-2026 21:43:59 America/Santo_Domingo] PHP Notice:  session_start(): Ignoring session_start() because a session is already active (started from C:\wamp64\www\PLATAFORMA_INTEGRADA\backend\api\actividad.php on line 19) in C:\wamp64\www\PLATAFORMA_INTEGRADA\backend\Autenticacion.php on line 14
[27-Apr-2026 21:43:59 America/Santo_Domingo] PHP Stack trace:
[27-Apr-2026 21:43:59 America/Santo_Domingo] PHP   1. {main}() C:\wamp64\www\PLATAFORMA_INTEGRADA\backend\api\actividad.php:0
[27-Apr-2026 21:43:59 America/Santo_Domingo] PHP   2. Autenticacion->__construct() C:\wamp64\www\PLATAFORMA_INTEGRADA\backend\api\actividad.php:21
[27-Apr-2026 21:43:59 America/Santo_Domingo] PHP   3. session_start() C:\wamp64\www\PLATAFORMA_INTEGRADA\backend\Autenticacion.php:14
[27-Apr-2026 21:44:03 America/Santo_Domingo] PHP Notice:  session_start(): Ignoring session_start() because a session is already active (started from C:\wamp64\www\PLATAFORMA_INTEGRADA\backend\api\actividad.php on line 19) in C:\wamp64\www\PLATAFORMA_INTEGRADA\backend\Autenticacion.php on line 14
[27-Apr-2026 21:44:03 America/Santo_Domingo] PHP Stack trace:
[27-Apr-2026 21:44:03 America/Santo_Domingo] PHP   1. {main}() C:\wamp64\www\PLATAFORMA_INTEGRADA\backend\api\actividad.php:0
[27-Apr-2026 21:44:03 America/Santo_Domingo] PHP   2. Autenticacion->__construct() C:\wamp64\www\PLATAFORMA_INTEGRADA\backend\api\actividad.php:21
[27-Apr-2026 21:44:03 America/Santo_Domingo] PHP   3. session_start() C:\wamp64\www\PLATAFORMA_INTEGRADA\backend\Autenticacion.php:14
[27-Apr-2026 21:44:04 America/Santo_Domingo] PHP Notice:  session_start(): Ignoring session_start() because a session is already active (started from C:\wamp64\www\PLATAFORMA_INTEGRADA\backend\api\actividad.php on line 19) in C:\wamp64\www\PLATAFORMA_INTEGRADA\backend\Autenticacion.php on line 14
[27-Apr-2026 21:44:04 America/Santo_Domingo] PHP Stack trace:
[27-Apr-2026 21:44:04 America/Santo_Domingo] PHP   1. {main}() C:\wamp64\www\PLATAFORMA_INTEGRADA\backend\api\actividad.php:0
[27-Apr-2026 21:44:04 America/Santo_Domingo] PHP   2. Autenticacion->__construct() C:\wamp64\www\PLATAFORMA_INTEGRADA\backend\api\actividad.php:21
[27-Apr-2026 21:44:04 America/Santo_Domingo] PHP   3. session_start() C:\wamp64\www\PLATAFORMA_INTEGRADA\backend\Autenticacion.php:14
[27-Apr-2026 21:44:16 America/Santo_Domingo] PHP Notice:  session_start(): Ignoring session_start() because a session is already active (started from C:\wamp64\www\PLATAFORMA_INTEGRADA\backend\api\actividad.php on line 19) in C:\wamp64\www\PLATAFORMA_INTEGRADA\backend\Autenticacion.php on line 14
[27-Apr-2026 21:44:16 America/Santo_Domingo] PHP Stack trace:
[27-Apr-2026 21:44:16 America/Santo_Domingo] PHP   1. {main}() C:\wamp64\www\PLATAFORMA_INTEGRADA\backend\api\actividad.php:0
[27-Apr-2026 21:44:16 America/Santo_Domingo] PHP   2. Autenticacion->__construct() C:\wamp64\www\PLATAFORMA_INTEGRADA\backend\api\actividad.php:21
[27-Apr-2026 21:44:16 America/Santo_Domingo] PHP   3. session_start() C:\wamp64\www\PLATAFORMA_INTEGRADA\backend\Autenticacion.php:14
[27-Apr-2026 21:48:11 America/Santo_Domingo] PHP Notice:  session_start(): Ignoring session_start() because a session is already active (started from C:\wamp64\www\PLATAFORMA_INTEGRADA\backend\api\actividad.php on line 19) in C:\wamp64\www\PLATAFORMA_INTEGRADA\backend\Autenticacion.php on line 14
[27-Apr-2026 21:48:11 America/Santo_Domingo] PHP Stack trace:
[27-Apr-2026 21:48:11 America/Santo_Domingo] PHP   1. {main}() C:\wamp64\www\PLATAFORMA_INTEGRADA\backend\api\actividad.php:0
[27-Apr-2026 21:48:11 America/Santo_Domingo] PHP   2. Autenticacion->__construct() C:\wamp64\www\PLATAFORMA_INTEGRADA\backend\api\actividad.php:21
[27-Apr-2026 21:48:11 America/Santo_Domingo] PHP   3. session_start() C:\wamp64\www\PLATAFORMA_INTEGRADA\backend\Autenticacion.php:14
[27-Apr-2026 21:48:12 America/Santo_Domingo] PHP Notice:  session_start(): Ignoring session_start() because a session is already active (started from C:\wamp64\www\PLATAFORMA_INTEGRADA\backend\api\actividad.php on line 19) in C:\wamp64\www\PLATAFORMA_INTEGRADA\backend\Autenticacion.php on line 14
[27-Apr-2026 21:48:12 America/Santo_Domingo] PHP Stack trace:
[27-Apr-2026 21:48:12 America/Santo_Domingo] PHP   1. {main}() C:\wamp64\www\PLATAFORMA_INTEGRADA\backend\api\actividad.php:0
[27-Apr-2026 21:48:12 America/Santo_Domingo] PHP   2. Autenticacion->__construct() C:\wamp64\www\PLATAFORMA_INTEGRADA\backend\api\actividad.php:21
[27-Apr-2026 21:48:12 America/Santo_Domingo] PHP   3. session_start() C:\wamp64\www\PLATAFORMA_INTEGRADA\backend\Autenticacion.php:14
[27-Apr-2026 21:48:16 America/Santo_Domingo] PHP Notice:  session_start(): Ignoring session_start() because a session is already active (started from C:\wamp64\www\PLATAFORMA_INTEGRADA\backend\api\actividad.php on line 19) in C:\wamp64\www\PLATAFORMA_INTEGRADA\backend\Autenticacion.php on line 14
[27-Apr-2026 21:48:16 America/Santo_Domingo] PHP Stack trace:
[27-Apr-2026 21:48:16 America/Santo_Domingo] PHP   1. {main}() C:\wamp64\www\PLATAFORMA_INTEGRADA\backend\api\actividad.php:0
[27-Apr-2026 21:48:16 America/Santo_Domingo] PHP   2. Autenticacion->__construct() C:\wamp64\www\PLATAFORMA_INTEGRADA\backend\api\actividad.php:21
[27-Apr-2026 21:48:16 America/Santo_Domingo] PHP   3. session_start() C:\wamp64\www\PLATAFORMA_INTEGRADA\backend\Autenticacion.php:14
[27-Apr-2026 21:48:18 America/Santo_Domingo] PHP Notice:  session_start(): Ignoring session_start() because a session is already active (started from C:\wamp64\www\PLATAFORMA_INTEGRADA\backend\api\actividad.php on line 19) in C:\wamp64\www\PLATAFORMA_INTEGRADA\backend\Autenticacion.php on line 14
[27-Apr-2026 21:48:18 America/Santo_Domingo] PHP Stack trace:
[27-Apr-2026 21:48:18 America/Santo_Domingo] PHP   1. {main}() C:\wamp64\www\PLATAFORMA_INTEGRADA\backend\api\actividad.php:0
[27-Apr-2026 21:48:18 America/Santo_Domingo] PHP   2. Autenticacion->__construct() C:\wamp64\www\PLATAFORMA_INTEGRADA\backend\api\actividad.php:21
[27-Apr-2026 21:48:18 America/Santo_Domingo] PHP   3. session_start() C:\wamp64\www\PLATAFORMA_INTEGRADA\backend\Autenticacion.php:14
[27-Apr-2026 21:48:20 America/Santo_Domingo] PHP Notice:  session_start(): Ignoring session_start() because a session is already active (started from C:\wamp64\www\PLATAFORMA_INTEGRADA\backend\api\actividad.php on line 19) in C:\wamp64\www\PLATAFORMA_INTEGRADA\backend\Autenticacion.php on line 14
[27-Apr-2026 21:48:20 America/Santo_Domingo] PHP Stack trace:
[27-Apr-2026 21:48:20 America/Santo_Domingo] PHP   1. {main}() C:\wamp64\www\PLATAFORMA_INTEGRADA\backend\api\actividad.php:0
[27-Apr-2026 21:48:20 America/Santo_Domingo] PHP   2. Autenticacion->__construct() C:\wamp64\www\PLATAFORMA_INTEGRADA\backend\api\actividad.php:21
[27-Apr-2026 21:48:20 America/Santo_Domingo] PHP   3. session_start() C:\wamp64\www\PLATAFORMA_INTEGRADA\backend\Autenticacion.php:14
[27-Apr-2026 21:48:21 America/Santo_Domingo] PHP Notice:  session_start(): Ignoring session_start() because a session is already active (started from C:\wamp64\www\PLATAFORMA_INTEGRADA\backend\api\actividad.php on line 19) in C:\wamp64\www\PLATAFORMA_INTEGRADA\backend\Autenticacion.php on line 14
[27-Apr-2026 21:48:21 America/Santo_Domingo] PHP Stack trace:
[27-Apr-2026 21:48:21 America/Santo_Domingo] PHP   1. {main}() C:\wamp64\www\PLATAFORMA_INTEGRADA\backend\api\actividad.php:0
[27-Apr-2026 21:48:21 America/Santo_Domingo] PHP   2. Autenticacion->__construct() C:\wamp64\www\PLATAFORMA_INTEGRADA\backend\api\actividad.php:21
[27-Apr-2026 21:48:21 America/Santo_Domingo] PHP   3. session_start() C:\wamp64\www\PLATAFORMA_INTEGRADA\backend\Autenticacion.php:14
[27-Apr-2026 21:48:23 America/Santo_Domingo] PHP Notice:  session_start(): Ignoring session_start() because a session is already active (started from C:\wamp64\www\PLATAFORMA_INTEGRADA\backend\api\actividad.php on line 19) in C:\wamp64\www\PLATAFORMA_INTEGRADA\backend\Autenticacion.php on line 14
[27-Apr-2026 21:48:23 America/Santo_Domingo] PHP Stack trace:
[27-Apr-2026 21:48:23 America/Santo_Domingo] PHP   1. {main}() C:\wamp64\www\PLATAFORMA_INTEGRADA\backend\api\actividad.php:0
[27-Apr-2026 21:48:23 America/Santo_Domingo] PHP   2. Autenticacion->__construct() C:\wamp64\www\PLATAFORMA_INTEGRADA\backend\api\actividad.php:21
[27-Apr-2026 21:48:23 America/Santo_Domingo] PHP   3. session_start() C:\wamp64\www\PLATAFORMA_INTEGRADA\backend\Autenticacion.php:14
[27-Apr-2026 21:48:28 America/Santo_Domingo] PHP Notice:  session_start(): Ignoring session_start() because a session is already active (started from C:\wamp64\www\PLATAFORMA_INTEGRADA\backend\api\actividad.php on line 19) in C:\wamp64\www\PLATAFORMA_INTEGRADA\backend\Autenticacion.php on line 14
[27-Apr-2026 21:48:28 America/Santo_Domingo] PHP Stack trace:
[27-Apr-2026 21:48:28 America/Santo_Domingo] PHP   1. {main}() C:\wamp64\www\PLATAFORMA_INTEGRADA\backend\api\actividad.php:0
[27-Apr-2026 21:48:28 America/Santo_Domingo] PHP   2. Autenticacion->__construct() C:\wamp64\www\PLATAFORMA_INTEGRADA\backend\api\actividad.php:21
[27-Apr-2026 21:48:28 America/Santo_Domingo] PHP   3. session_start() C:\wamp64\www\PLATAFORMA_INTEGRADA\backend\Autenticacion.php:14
[27-Apr-2026 21:48:32 America/Santo_Domingo] PHP Notice:  session_start(): Ignoring session_start() because a session is already active (started from C:\wamp64\www\PLATAFORMA_INTEGRADA\backend\api\actividad.php on line 19) in C:\wamp64\www\PLATAFORMA_INTEGRADA\backend\Autenticacion.php on line 14
[27-Apr-2026 21:48:32 America/Santo_Domingo] PHP Stack trace:
[27-Apr-2026 21:48:32 America/Santo_Domingo] PHP   1. {main}() C:\wamp64\www\PLATAFORMA_INTEGRADA\backend\api\actividad.php:0
[27-Apr-2026 21:48:32 America/Santo_Domingo] PHP   2. Autenticacion->__construct() C:\wamp64\www\PLATAFORMA_INTEGRADA\backend\api\actividad.php:21
[27-Apr-2026 21:48:32 America/Santo_Domingo] PHP   3. session_start() C:\wamp64\www\PLATAFORMA_INTEGRADA\backend\Autenticacion.php:14
[27-Apr-2026 21:48:57 America/Santo_Domingo] PHP Notice:  session_start(): Ignoring session_start() because a session is already active (started from C:\wamp64\www\PLATAFORMA_INTEGRADA\backend\api\actividad.php on line 19) in C:\wamp64\www\PLATAFORMA_INTEGRADA\backend\Autenticacion.php on line 14
[27-Apr-2026 21:48:57 America/Santo_Domingo] PHP Stack trace:
[27-Apr-2026 21:48:57 America/Santo_Domingo] PHP   1. {main}() C:\wamp64\www\PLATAFORMA_INTEGRADA\backend\api\actividad.php:0
[27-Apr-2026 21:48:57 America/Santo_Domingo] PHP   2. Autenticacion->__construct() C:\wamp64\www\PLATAFORMA_INTEGRADA\backend\api\actividad.php:21
[27-Apr-2026 21:48:57 America/Santo_Domingo] PHP   3. session_start() C:\wamp64\www\PLATAFORMA_INTEGRADA\backend\Autenticacion.php:14
[27-Apr-2026 22:03:42 America/Santo_Domingo] PHP Notice:  session_start(): Ignoring session_start() because a session is already active (started from C:\wamp64\www\PLATAFORMA_INTEGRADA\backend\api\actividad.php on line 19) in C:\wamp64\www\PLATAFORMA_INTEGRADA\backend\Autenticacion.php on line 14
[27-Apr-2026 22:03:42 America/Santo_Domingo] PHP Stack trace:
[27-Apr-2026 22:03:42 America/Santo_Domingo] PHP   1. {main}() C:\wamp64\www\PLATAFORMA_INTEGRADA\backend\api\actividad.php:0
[27-Apr-2026 22:03:42 America/Santo_Domingo] PHP   2. Autenticacion->__construct() C:\wamp64\www\PLATAFORMA_INTEGRADA\backend\api\actividad.php:21
[27-Apr-2026 22:03:42 America/Santo_Domingo] PHP   3. session_start() C:\wamp64\www\PLATAFORMA_INTEGRADA\backend\Autenticacion.php:14
[27-Apr-2026 22:40:33 America/Santo_Domingo] PHP Notice:  session_start(): Ignoring session_start() because a session is already active (started from C:\wamp64\www\PLATAFORMA_INTEGRADA\backend\api\actividad.php on line 19) in C:\wamp64\www\PLATAFORMA_INTEGRADA\backend\Autenticacion.php on line 14
[27-Apr-2026 22:40:33 America/Santo_Domingo] PHP Stack trace:
[27-Apr-2026 22:40:33 America/Santo_Domingo] PHP   1. {main}() C:\wamp64\www\PLATAFORMA_INTEGRADA\backend\api\actividad.php:0
[27-Apr-2026 22:40:33 America/Santo_Domingo] PHP   2. Autenticacion->__construct() C:\wamp64\www\PLATAFORMA_INTEGRADA\backend\api\actividad.php:21
[27-Apr-2026 22:40:33 America/Santo_Domingo] PHP   3. session_start() C:\wamp64\www\PLATAFORMA_INTEGRADA\backend\Autenticacion.php:14
[27-Apr-2026 22:41:54 America/Santo_Domingo] PHP Notice:  session_start(): Ignoring session_start() because a session is already active (started from C:\wamp64\www\PLATAFORMA_INTEGRADA\backend\api\actividad.php on line 19) in C:\wamp64\www\PLATAFORMA_INTEGRADA\backend\Autenticacion.php on line 14
[27-Apr-2026 22:41:54 America/Santo_Domingo] PHP Stack trace:
[27-Apr-2026 22:41:54 America/Santo_Domingo] PHP   1. {main}() C:\wamp64\www\PLATAFORMA_INTEGRADA\backend\api\actividad.php:0
[27-Apr-2026 22:41:54 America/Santo_Domingo] PHP   2. Autenticacion->__construct() C:\wamp64\www\PLATAFORMA_INTEGRADA\backend\api\actividad.php:21
[27-Apr-2026 22:41:54 America/Santo_Domingo] PHP   3. session_start() C:\wamp64\www\PLATAFORMA_INTEGRADA\backend\Autenticacion.php:14
[27-Apr-2026 23:36:43 America/Santo_Domingo] PHP Notice:  session_start(): Ignoring session_start() because a session is already active (started from C:\wamp64\www\PLATAFORMA_INTEGRADA\backend\api\actividad.php on line 19) in C:\wamp64\www\PLATAFORMA_INTEGRADA\backend\Autenticacion.php on line 14
[27-Apr-2026 23:36:43 America/Santo_Domingo] PHP Stack trace:
[27-Apr-2026 23:36:43 America/Santo_Domingo] PHP   1. {main}() C:\wamp64\www\PLATAFORMA_INTEGRADA\backend\api\actividad.php:0
[27-Apr-2026 23:36:43 America/Santo_Domingo] PHP   2. Autenticacion->__construct() C:\wamp64\www\PLATAFORMA_INTEGRADA\backend\api\actividad.php:21
[27-Apr-2026 23:36:43 America/Santo_Domingo] PHP   3. session_start() C:\wamp64\www\PLATAFORMA_INTEGRADA\backend\Autenticacion.php:14
[27-Apr-2026 23:36:52 America/Santo_Domingo] PHP Notice:  session_start(): Ignoring session_start() because a session is already active (started from C:\wamp64\www\PLATAFORMA_INTEGRADA\backend\api\actividad.php on line 19) in C:\wamp64\www\PLATAFORMA_INTEGRADA\backend\Autenticacion.php on line 14
[27-Apr-2026 23:36:52 America/Santo_Domingo] PHP Stack trace:
[27-Apr-2026 23:36:52 America/Santo_Domingo] PHP   1. {main}() C:\wamp64\www\PLATAFORMA_INTEGRADA\backend\api\actividad.php:0
[27-Apr-2026 23:36:52 America/Santo_Domingo] PHP   2. Autenticacion->__construct() C:\wamp64\www\PLATAFORMA_INTEGRADA\backend\api\actividad.php:21
[27-Apr-2026 23:36:52 America/Santo_Domingo] PHP   3. session_start() C:\wamp64\www\PLATAFORMA_INTEGRADA\backend\Autenticacion.php:14
[27-Apr-2026 23:37:02 America/Santo_Domingo] PHP Notice:  session_start(): Ignoring session_start() because a session is already active (started from C:\wamp64\www\PLATAFORMA_INTEGRADA\backend\api\actividad.php on line 19) in C:\wamp64\www\PLATAFORMA_INTEGRADA\backend\Autenticacion.php on line 14
[27-Apr-2026 23:37:02 America/Santo_Domingo] PHP Stack trace:
[27-Apr-2026 23:37:02 America/Santo_Domingo] PHP   1. {main}() C:\wamp64\www\PLATAFORMA_INTEGRADA\backend\api\actividad.php:0
[27-Apr-2026 23:37:02 America/Santo_Domingo] PHP   2. Autenticacion->__construct() C:\wamp64\www\PLATAFORMA_INTEGRADA\backend\api\actividad.php:21
[27-Apr-2026 23:37:02 America/Santo_Domingo] PHP   3. session_start() C:\wamp64\www\PLATAFORMA_INTEGRADA\backend\Autenticacion.php:14
[27-Apr-2026 23:37:04 America/Santo_Domingo] PHP Notice:  session_start(): Ignoring session_start() because a session is already active (started from C:\wamp64\www\PLATAFORMA_INTEGRADA\backend\api\actividad.php on line 19) in C:\wamp64\www\PLATAFORMA_INTEGRADA\backend\Autenticacion.php on line 14
[27-Apr-2026 23:37:04 America/Santo_Domingo] PHP Stack trace:
[27-Apr-2026 23:37:04 America/Santo_Domingo] PHP   1. {main}() C:\wamp64\www\PLATAFORMA_INTEGRADA\backend\api\actividad.php:0
[27-Apr-2026 23:37:04 America/Santo_Domingo] PHP   2. Autenticacion->__construct() C:\wamp64\www\PLATAFORMA_INTEGRADA\backend\api\actividad.php:21
[27-Apr-2026 23:37:04 America/Santo_Domingo] PHP   3. session_start() C:\wamp64\www\PLATAFORMA_INTEGRADA\backend\Autenticacion.php:14
[27-Apr-2026 23:37:08 America/Santo_Domingo] PHP Notice:  session_start(): Ignoring session_start() because a session is already active (started from C:\wamp64\www\PLATAFORMA_INTEGRADA\backend\api\actividad.php on line 19) in C:\wamp64\www\PLATAFORMA_INTEGRADA\backend\Autenticacion.php on line 14
[27-Apr-2026 23:37:08 America/Santo_Domingo] PHP Stack trace:
[27-Apr-2026 23:37:08 America/Santo_Domingo] PHP   1. {main}() C:\wamp64\www\PLATAFORMA_INTEGRADA\backend\api\actividad.php:0
[27-Apr-2026 23:37:08 America/Santo_Domingo] PHP   2. Autenticacion->__construct() C:\wamp64\www\PLATAFORMA_INTEGRADA\backend\api\actividad.php:21
[27-Apr-2026 23:37:08 America/Santo_Domingo] PHP   3. session_start() C:\wamp64\www\PLATAFORMA_INTEGRADA\backend\Autenticacion.php:14
[27-Apr-2026 23:37:15 America/Santo_Domingo] PHP Notice:  session_start(): Ignoring session_start() because a session is already active (started from C:\wamp64\www\PLATAFORMA_INTEGRADA\backend\api\actividad.php on line 19) in C:\wamp64\www\PLATAFORMA_INTEGRADA\backend\Autenticacion.php on line 14
[27-Apr-2026 23:37:15 America/Santo_Domingo] PHP Stack trace:
[27-Apr-2026 23:37:15 America/Santo_Domingo] PHP   1. {main}() C:\wamp64\www\PLATAFORMA_INTEGRADA\backend\api\actividad.php:0
[27-Apr-2026 23:37:15 America/Santo_Domingo] PHP   2. Autenticacion->__construct() C:\wamp64\www\PLATAFORMA_INTEGRADA\backend\api\actividad.php:21
[27-Apr-2026 23:37:15 America/Santo_Domingo] PHP   3. session_start() C:\wamp64\www\PLATAFORMA_INTEGRADA\backend\Autenticacion.php:14
[27-Apr-2026 23:37:18 America/Santo_Domingo] PHP Notice:  session_start(): Ignoring session_start() because a session is already active (started from C:\wamp64\www\PLATAFORMA_INTEGRADA\backend\api\actividad.php on line 19) in C:\wamp64\www\PLATAFORMA_INTEGRADA\backend\Autenticacion.php on line 14
[27-Apr-2026 23:37:18 America/Santo_Domingo] PHP Stack trace:
[27-Apr-2026 23:37:18 America/Santo_Domingo] PHP   1. {main}() C:\wamp64\www\PLATAFORMA_INTEGRADA\backend\api\actividad.php:0
[27-Apr-2026 23:37:18 America/Santo_Domingo] PHP   2. Autenticacion->__construct() C:\wamp64\www\PLATAFORMA_INTEGRADA\backend\api\actividad.php:21
[27-Apr-2026 23:37:18 America/Santo_Domingo] PHP   3. session_start() C:\wamp64\www\PLATAFORMA_INTEGRADA\backend\Autenticacion.php:14
[27-Apr-2026 23:37:22 America/Santo_Domingo] PHP Notice:  session_start(): Ignoring session_start() because a session is already active (started from C:\wamp64\www\PLATAFORMA_INTEGRADA\backend\api\actividad.php on line 19) in C:\wamp64\www\PLATAFORMA_INTEGRADA\backend\Autenticacion.php on line 14
[27-Apr-2026 23:37:22 America/Santo_Domingo] PHP Stack trace:
[27-Apr-2026 23:37:22 America/Santo_Domingo] PHP   1. {main}() C:\wamp64\www\PLATAFORMA_INTEGRADA\backend\api\actividad.php:0
[27-Apr-2026 23:37:22 America/Santo_Domingo] PHP   2. Autenticacion->__construct() C:\wamp64\www\PLATAFORMA_INTEGRADA\backend\api\actividad.php:21
[27-Apr-2026 23:37:22 America/Santo_Domingo] PHP   3. session_start() C:\wamp64\www\PLATAFORMA_INTEGRADA\backend\Autenticacion.php:14
[27-Apr-2026 23:37:24 America/Santo_Domingo] PHP Notice:  session_start(): Ignoring session_start() because a session is already active (started from C:\wamp64\www\PLATAFORMA_INTEGRADA\backend\api\actividad.php on line 19) in C:\wamp64\www\PLATAFORMA_INTEGRADA\backend\Autenticacion.php on line 14
[27-Apr-2026 23:37:24 America/Santo_Domingo] PHP Stack trace:
[27-Apr-2026 23:37:24 America/Santo_Domingo] PHP   1. {main}() C:\wamp64\www\PLATAFORMA_INTEGRADA\backend\api\actividad.php:0
[27-Apr-2026 23:37:24 America/Santo_Domingo] PHP   2. Autenticacion->__construct() C:\wamp64\www\PLATAFORMA_INTEGRADA\backend\api\actividad.php:21
[27-Apr-2026 23:37:24 America/Santo_Domingo] PHP   3. session_start() C:\wamp64\www\PLATAFORMA_INTEGRADA\backend\Autenticacion.php:14
[27-Apr-2026 23:37:25 America/Santo_Domingo] PHP Notice:  session_start(): Ignoring session_start() because a session is already active (started from C:\wamp64\www\PLATAFORMA_INTEGRADA\backend\api\actividad.php on line 19) in C:\wamp64\www\PLATAFORMA_INTEGRADA\backend\Autenticacion.php on line 14
[27-Apr-2026 23:37:25 America/Santo_Domingo] PHP Stack trace:
[27-Apr-2026 23:37:25 America/Santo_Domingo] PHP   1. {main}() C:\wamp64\www\PLATAFORMA_INTEGRADA\backend\api\actividad.php:0
[27-Apr-2026 23:37:25 America/Santo_Domingo] PHP   2. Autenticacion->__construct() C:\wamp64\www\PLATAFORMA_INTEGRADA\backend\api\actividad.php:21
[27-Apr-2026 23:37:25 America/Santo_Domingo] PHP   3. session_start() C:\wamp64\www\PLATAFORMA_INTEGRADA\backend\Autenticacion.php:14
[27-Apr-2026 23:37:27 America/Santo_Domingo] PHP Notice:  session_start(): Ignoring session_start() because a session is already active (started from C:\wamp64\www\PLATAFORMA_INTEGRADA\backend\api\actividad.php on line 19) in C:\wamp64\www\PLATAFORMA_INTEGRADA\backend\Autenticacion.php on line 14
[27-Apr-2026 23:37:27 America/Santo_Domingo] PHP Stack trace:
[27-Apr-2026 23:37:27 America/Santo_Domingo] PHP   1. {main}() C:\wamp64\www\PLATAFORMA_INTEGRADA\backend\api\actividad.php:0
[27-Apr-2026 23:37:27 America/Santo_Domingo] PHP   2. Autenticacion->__construct() C:\wamp64\www\PLATAFORMA_INTEGRADA\backend\api\actividad.php:21
[27-Apr-2026 23:37:27 America/Santo_Domingo] PHP   3. session_start() C:\wamp64\www\PLATAFORMA_INTEGRADA\backend\Autenticacion.php:14
[27-Apr-2026 23:37:28 America/Santo_Domingo] PHP Notice:  session_start(): Ignoring session_start() because a session is already active (started from C:\wamp64\www\PLATAFORMA_INTEGRADA\backend\api\actividad.php on line 19) in C:\wamp64\www\PLATAFORMA_INTEGRADA\backend\Autenticacion.php on line 14
[27-Apr-2026 23:37:28 America/Santo_Domingo] PHP Stack trace:
[27-Apr-2026 23:37:28 America/Santo_Domingo] PHP   1. {main}() C:\wamp64\www\PLATAFORMA_INTEGRADA\backend\api\actividad.php:0
[27-Apr-2026 23:37:28 America/Santo_Domingo] PHP   2. Autenticacion->__construct() C:\wamp64\www\PLATAFORMA_INTEGRADA\backend\api\actividad.php:21
[27-Apr-2026 23:37:28 America/Santo_Domingo] PHP   3. session_start() C:\wamp64\www\PLATAFORMA_INTEGRADA\backend\Autenticacion.php:14
[27-Apr-2026 23:37:30 America/Santo_Domingo] PHP Notice:  session_start(): Ignoring session_start() because a session is already active (started from C:\wamp64\www\PLATAFORMA_INTEGRADA\backend\api\actividad.php on line 19) in C:\wamp64\www\PLATAFORMA_INTEGRADA\backend\Autenticacion.php on line 14
[27-Apr-2026 23:37:30 America/Santo_Domingo] PHP Stack trace:
[27-Apr-2026 23:37:30 America/Santo_Domingo] PHP   1. {main}() C:\wamp64\www\PLATAFORMA_INTEGRADA\backend\api\actividad.php:0
[27-Apr-2026 23:37:30 America/Santo_Domingo] PHP   2. Autenticacion->__construct() C:\wamp64\www\PLATAFORMA_INTEGRADA\backend\api\actividad.php:21
[27-Apr-2026 23:37:30 America/Santo_Domingo] PHP   3. session_start() C:\wamp64\www\PLATAFORMA_INTEGRADA\backend\Autenticacion.php:14
[27-Apr-2026 23:37:31 America/Santo_Domingo] PHP Notice:  session_start(): Ignoring session_start() because a session is already active (started from C:\wamp64\www\PLATAFORMA_INTEGRADA\backend\api\actividad.php on line 19) in C:\wamp64\www\PLATAFORMA_INTEGRADA\backend\Autenticacion.php on line 14
[27-Apr-2026 23:37:31 America/Santo_Domingo] PHP Stack trace:
[27-Apr-2026 23:37:31 America/Santo_Domingo] PHP   1. {main}() C:\wamp64\www\PLATAFORMA_INTEGRADA\backend\api\actividad.php:0
[27-Apr-2026 23:37:31 America/Santo_Domingo] PHP   2. Autenticacion->__construct() C:\wamp64\www\PLATAFORMA_INTEGRADA\backend\api\actividad.php:21
[27-Apr-2026 23:37:31 America/Santo_Domingo] PHP   3. session_start() C:\wamp64\www\PLATAFORMA_INTEGRADA\backend\Autenticacion.php:14
[27-Apr-2026 23:43:01 America/Santo_Domingo] PHP Notice:  session_start(): Ignoring session_start() because a session is already active (started from C:\wamp64\www\PLATAFORMA_INTEGRADA\backend\api\actividad.php on line 19) in C:\wamp64\www\PLATAFORMA_INTEGRADA\backend\Autenticacion.php on line 14
[27-Apr-2026 23:43:01 America/Santo_Domingo] PHP Stack trace:
[27-Apr-2026 23:43:01 America/Santo_Domingo] PHP   1. {main}() C:\wamp64\www\PLATAFORMA_INTEGRADA\backend\api\actividad.php:0
[27-Apr-2026 23:43:01 America/Santo_Domingo] PHP   2. Autenticacion->__construct() C:\wamp64\www\PLATAFORMA_INTEGRADA\backend\api\actividad.php:21
[27-Apr-2026 23:43:01 America/Santo_Domingo] PHP   3. session_start() C:\wamp64\www\PLATAFORMA_INTEGRADA\backend\Autenticacion.php:14
[27-Apr-2026 23:43:03 America/Santo_Domingo] PHP Notice:  session_start(): Ignoring session_start() because a session is already active (started from C:\wamp64\www\PLATAFORMA_INTEGRADA\backend\api\actividad.php on line 19) in C:\wamp64\www\PLATAFORMA_INTEGRADA\backend\Autenticacion.php on line 14
[27-Apr-2026 23:43:03 America/Santo_Domingo] PHP Stack trace:
[27-Apr-2026 23:43:03 America/Santo_Domingo] PHP   1. {main}() C:\wamp64\www\PLATAFORMA_INTEGRADA\backend\api\actividad.php:0
[27-Apr-2026 23:43:03 America/Santo_Domingo] PHP   2. Autenticacion->__construct() C:\wamp64\www\PLATAFORMA_INTEGRADA\backend\api\actividad.php:21
[27-Apr-2026 23:43:03 America/Santo_Domingo] PHP   3. session_start() C:\wamp64\www\PLATAFORMA_INTEGRADA\backend\Autenticacion.php:14
[27-Apr-2026 23:44:24 America/Santo_Domingo] PHP Notice:  session_start(): Ignoring session_start() because a session is already active (started from C:\wamp64\www\PLATAFORMA_INTEGRADA\backend\api\actividad.php on line 19) in C:\wamp64\www\PLATAFORMA_INTEGRADA\backend\Autenticacion.php on line 14
[27-Apr-2026 23:44:24 America/Santo_Domingo] PHP Stack trace:
[27-Apr-2026 23:44:24 America/Santo_Domingo] PHP   1. {main}() C:\wamp64\www\PLATAFORMA_INTEGRADA\backend\api\actividad.php:0
[27-Apr-2026 23:44:24 America/Santo_Domingo] PHP   2. Autenticacion->__construct() C:\wamp64\www\PLATAFORMA_INTEGRADA\backend\api\actividad.php:21
[27-Apr-2026 23:44:24 America/Santo_Domingo] PHP   3. session_start() C:\wamp64\www\PLATAFORMA_INTEGRADA\backend\Autenticacion.php:14
[27-Apr-2026 23:44:26 America/Santo_Domingo] PHP Notice:  session_start(): Ignoring session_start() because a session is already active (started from C:\wamp64\www\PLATAFORMA_INTEGRADA\backend\api\actividad.php on line 19) in C:\wamp64\www\PLATAFORMA_INTEGRADA\backend\Autenticacion.php on line 14
[27-Apr-2026 23:44:26 America/Santo_Domingo] PHP Stack trace:
[27-Apr-2026 23:44:26 America/Santo_Domingo] PHP   1. {main}() C:\wamp64\www\PLATAFORMA_INTEGRADA\backend\api\actividad.php:0
[27-Apr-2026 23:44:26 America/Santo_Domingo] PHP   2. Autenticacion->__construct() C:\wamp64\www\PLATAFORMA_INTEGRADA\backend\api\actividad.php:21
[27-Apr-2026 23:44:26 America/Santo_Domingo] PHP   3. session_start() C:\wamp64\www\PLATAFORMA_INTEGRADA\backend\Autenticacion.php:14
[27-Apr-2026 23:55:24 America/Santo_Domingo] PHP Notice:  session_start(): Ignoring session_start() because a session is already active (started from C:\wamp64\www\PLATAFORMA_INTEGRADA\backend\api\actividad.php on line 19) in C:\wamp64\www\PLATAFORMA_INTEGRADA\backend\Autenticacion.php on line 14
[27-Apr-2026 23:55:24 America/Santo_Domingo] PHP Stack trace:
[27-Apr-2026 23:55:24 America/Santo_Domingo] PHP   1. {main}() C:\wamp64\www\PLATAFORMA_INTEGRADA\backend\api\actividad.php:0
[27-Apr-2026 23:55:24 America/Santo_Domingo] PHP   2. Autenticacion->__construct() C:\wamp64\www\PLATAFORMA_INTEGRADA\backend\api\actividad.php:21
[27-Apr-2026 23:55:24 America/Santo_Domingo] PHP   3. session_start() C:\wamp64\www\PLATAFORMA_INTEGRADA\backend\Autenticacion.php:14
[27-Apr-2026 23:55:27 America/Santo_Domingo] PHP Notice:  session_start(): Ignoring session_start() because a session is already active (started from C:\wamp64\www\PLATAFORMA_INTEGRADA\backend\api\actividad.php on line 19) in C:\wamp64\www\PLATAFORMA_INTEGRADA\backend\Autenticacion.php on line 14
[27-Apr-2026 23:55:27 America/Santo_Domingo] PHP Stack trace:
[27-Apr-2026 23:55:27 America/Santo_Domingo] PHP   1. {main}() C:\wamp64\www\PLATAFORMA_INTEGRADA\backend\api\actividad.php:0
[27-Apr-2026 23:55:27 America/Santo_Domingo] PHP   2. Autenticacion->__construct() C:\wamp64\www\PLATAFORMA_INTEGRADA\backend\api\actividad.php:21
[27-Apr-2026 23:55:27 America/Santo_Domingo] PHP   3. session_start() C:\wamp64\www\PLATAFORMA_INTEGRADA\backend\Autenticacion.php:14
[27-Apr-2026 23:59:27 America/Santo_Domingo] PHP Notice:  session_start(): Ignoring session_start() because a session is already active (started from C:\wamp64\www\PLATAFORMA_INTEGRADA\backend\api\actividad.php on line 19) in C:\wamp64\www\PLATAFORMA_INTEGRADA\backend\Autenticacion.php on line 14
[27-Apr-2026 23:59:27 America/Santo_Domingo] PHP Stack trace:
[27-Apr-2026 23:59:27 America/Santo_Domingo] PHP   1. {main}() C:\wamp64\www\PLATAFORMA_INTEGRADA\backend\api\actividad.php:0
[27-Apr-2026 23:59:27 America/Santo_Domingo] PHP   2. Autenticacion->__construct() C:\wamp64\www\PLATAFORMA_INTEGRADA\backend\api\actividad.php:21
[27-Apr-2026 23:59:27 America/Santo_Domingo] PHP   3. session_start() C:\wamp64\www\PLATAFORMA_INTEGRADA\backend\Autenticacion.php:14
[28-Apr-2026 00:05:17 America/Santo_Domingo] PHP Notice:  session_start(): Ignoring session_start() because a session is already active (started from C:\wamp64\www\PLATAFORMA_INTEGRADA\backend\api\actividad.php on line 19) in C:\wamp64\www\PLATAFORMA_INTEGRADA\backend\Autenticacion.php on line 14
[28-Apr-2026 00:05:17 America/Santo_Domingo] PHP Stack trace:
[28-Apr-2026 00:05:17 America/Santo_Domingo] PHP   1. {main}() C:\wamp64\www\PLATAFORMA_INTEGRADA\backend\api\actividad.php:0
[28-Apr-2026 00:05:17 America/Santo_Domingo] PHP   2. Autenticacion->__construct() C:\wamp64\www\PLATAFORMA_INTEGRADA\backend\api\actividad.php:21
[28-Apr-2026 00:05:17 America/Santo_Domingo] PHP   3. session_start() C:\wamp64\www\PLATAFORMA_INTEGRADA\backend\Autenticacion.php:14
[28-Apr-2026 00:05:20 America/Santo_Domingo] PHP Notice:  session_start(): Ignoring session_start() because a session is already active (started from C:\wamp64\www\PLATAFORMA_INTEGRADA\backend\api\actividad.php on line 19) in C:\wamp64\www\PLATAFORMA_INTEGRADA\backend\Autenticacion.php on line 14
[28-Apr-2026 00:05:20 America/Santo_Domingo] PHP Stack trace:
[28-Apr-2026 00:05:20 America/Santo_Domingo] PHP   1. {main}() C:\wamp64\www\PLATAFORMA_INTEGRADA\backend\api\actividad.php:0
[28-Apr-2026 00:05:20 America/Santo_Domingo] PHP   2. Autenticacion->__construct() C:\wamp64\www\PLATAFORMA_INTEGRADA\backend\api\actividad.php:21
[28-Apr-2026 00:05:20 America/Santo_Domingo] PHP   3. session_start() C:\wamp64\www\PLATAFORMA_INTEGRADA\backend\Autenticacion.php:14
[28-Apr-2026 00:17:05 America/Santo_Domingo] PHP Notice:  session_start(): Ignoring session_start() because a session is already active (started from C:\wamp64\www\PLATAFORMA_INTEGRADA\backend\api\actividad.php on line 19) in C:\wamp64\www\PLATAFORMA_INTEGRADA\backend\Autenticacion.php on line 14
[28-Apr-2026 00:17:05 America/Santo_Domingo] PHP Stack trace:
[28-Apr-2026 00:17:05 America/Santo_Domingo] PHP   1. {main}() C:\wamp64\www\PLATAFORMA_INTEGRADA\backend\api\actividad.php:0
[28-Apr-2026 00:17:05 America/Santo_Domingo] PHP   2. Autenticacion->__construct() C:\wamp64\www\PLATAFORMA_INTEGRADA\backend\api\actividad.php:21
[28-Apr-2026 00:17:05 America/Santo_Domingo] PHP   3. session_start() C:\wamp64\www\PLATAFORMA_INTEGRADA\backend\Autenticacion.php:14
[28-Apr-2026 00:17:09 America/Santo_Domingo] PHP Notice:  session_start(): Ignoring session_start() because a session is already active (started from C:\wamp64\www\PLATAFORMA_INTEGRADA\backend\api\actividad.php on line 19) in C:\wamp64\www\PLATAFORMA_INTEGRADA\backend\Autenticacion.php on line 14
[28-Apr-2026 00:17:09 America/Santo_Domingo] PHP Stack trace:
[28-Apr-2026 00:17:09 America/Santo_Domingo] PHP   1. {main}() C:\wamp64\www\PLATAFORMA_INTEGRADA\backend\api\actividad.php:0
[28-Apr-2026 00:17:09 America/Santo_Domingo] PHP   2. Autenticacion->__construct() C:\wamp64\www\PLATAFORMA_INTEGRADA\backend\api\actividad.php:21
[28-Apr-2026 00:17:09 America/Santo_Domingo] PHP   3. session_start() C:\wamp64\www\PLATAFORMA_INTEGRADA\backend\Autenticacion.php:14
[28-Apr-2026 00:18:14 America/Santo_Domingo] PHP Notice:  session_start(): Ignoring session_start() because a session is already active (started from C:\wamp64\www\PLATAFORMA_INTEGRADA\backend\api\actividad.php on line 19) in C:\wamp64\www\PLATAFORMA_INTEGRADA\backend\Autenticacion.php on line 14
[28-Apr-2026 00:18:14 America/Santo_Domingo] PHP Stack trace:
[28-Apr-2026 00:18:14 America/Santo_Domingo] PHP   1. {main}() C:\wamp64\www\PLATAFORMA_INTEGRADA\backend\api\actividad.php:0
[28-Apr-2026 00:18:14 America/Santo_Domingo] PHP   2. Autenticacion->__construct() C:\wamp64\www\PLATAFORMA_INTEGRADA\backend\api\actividad.php:21
[28-Apr-2026 00:18:14 America/Santo_Domingo] PHP   3. session_start() C:\wamp64\www\PLATAFORMA_INTEGRADA\backend\Autenticacion.php:14
[28-Apr-2026 00:19:26 America/Santo_Domingo] PHP Notice:  session_start(): Ignoring session_start() because a session is already active (started from C:\wamp64\www\PLATAFORMA_INTEGRADA\backend\api\actividad.php on line 19) in C:\wamp64\www\PLATAFORMA_INTEGRADA\backend\Autenticacion.php on line 14
[28-Apr-2026 00:19:26 America/Santo_Domingo] PHP Stack trace:
[28-Apr-2026 00:19:26 America/Santo_Domingo] PHP   1. {main}() C:\wamp64\www\PLATAFORMA_INTEGRADA\backend\api\actividad.php:0
[28-Apr-2026 00:19:26 America/Santo_Domingo] PHP   2. Autenticacion->__construct() C:\wamp64\www\PLATAFORMA_INTEGRADA\backend\api\actividad.php:21
[28-Apr-2026 00:19:26 America/Santo_Domingo] PHP   3. session_start() C:\wamp64\www\PLATAFORMA_INTEGRADA\backend\Autenticacion.php:14
[28-Apr-2026 00:19:33 America/Santo_Domingo] PHP Notice:  session_start(): Ignoring session_start() because a session is already active (started from C:\wamp64\www\PLATAFORMA_INTEGRADA\backend\api\actividad.php on line 19) in C:\wamp64\www\PLATAFORMA_INTEGRADA\backend\Autenticacion.php on line 14
[28-Apr-2026 00:19:33 America/Santo_Domingo] PHP Stack trace:
[28-Apr-2026 00:19:33 America/Santo_Domingo] PHP   1. {main}() C:\wamp64\www\PLATAFORMA_INTEGRADA\backend\api\actividad.php:0
[28-Apr-2026 00:19:33 America/Santo_Domingo] PHP   2. Autenticacion->__construct() C:\wamp64\www\PLATAFORMA_INTEGRADA\backend\api\actividad.php:21
[28-Apr-2026 00:19:33 America/Santo_Domingo] PHP   3. session_start() C:\wamp64\www\PLATAFORMA_INTEGRADA\backend\Autenticacion.php:14
[28-Apr-2026 00:19:37 America/Santo_Domingo] PHP Notice:  session_start(): Ignoring session_start() because a session is already active (started from C:\wamp64\www\PLATAFORMA_INTEGRADA\backend\api\actividad.php on line 19) in C:\wamp64\www\PLATAFORMA_INTEGRADA\backend\Autenticacion.php on line 14
[28-Apr-2026 00:19:37 America/Santo_Domingo] PHP Stack trace:
[28-Apr-2026 00:19:37 America/Santo_Domingo] PHP   1. {main}() C:\wamp64\www\PLATAFORMA_INTEGRADA\backend\api\actividad.php:0
[28-Apr-2026 00:19:37 America/Santo_Domingo] PHP   2. Autenticacion->__construct() C:\wamp64\www\PLATAFORMA_INTEGRADA\backend\api\actividad.php:21
[28-Apr-2026 00:19:37 America/Santo_Domingo] PHP   3. session_start() C:\wamp64\www\PLATAFORMA_INTEGRADA\backend\Autenticacion.php:14
[28-Apr-2026 00:21:08 America/Santo_Domingo] PHP Notice:  session_start(): Ignoring session_start() because a session is already active (started from C:\wamp64\www\PLATAFORMA_INTEGRADA\backend\api\actividad.php on line 19) in C:\wamp64\www\PLATAFORMA_INTEGRADA\backend\Autenticacion.php on line 14
[28-Apr-2026 00:21:08 America/Santo_Domingo] PHP Stack trace:
[28-Apr-2026 00:21:08 America/Santo_Domingo] PHP   1. {main}() C:\wamp64\www\PLATAFORMA_INTEGRADA\backend\api\actividad.php:0
[28-Apr-2026 00:21:08 America/Santo_Domingo] PHP   2. Autenticacion->__construct() C:\wamp64\www\PLATAFORMA_INTEGRADA\backend\api\actividad.php:21
[28-Apr-2026 00:21:08 America/Santo_Domingo] PHP   3. session_start() C:\wamp64\www\PLATAFORMA_INTEGRADA\backend\Autenticacion.php:14
[28-Apr-2026 00:28:27 America/Santo_Domingo] PHP Notice:  session_start(): Ignoring session_start() because a session is already active (started from C:\wamp64\www\PLATAFORMA_INTEGRADA\backend\api\actividad.php on line 19) in C:\wamp64\www\PLATAFORMA_INTEGRADA\backend\Autenticacion.php on line 14
[28-Apr-2026 00:28:27 America/Santo_Domingo] PHP Stack trace:
[28-Apr-2026 00:28:27 America/Santo_Domingo] PHP   1. {main}() C:\wamp64\www\PLATAFORMA_INTEGRADA\backend\api\actividad.php:0
[28-Apr-2026 00:28:27 America/Santo_Domingo] PHP   2. Autenticacion->__construct() C:\wamp64\www\PLATAFORMA_INTEGRADA\backend\api\actividad.php:21
[28-Apr-2026 00:28:27 America/Santo_Domingo] PHP   3. session_start() C:\wamp64\www\PLATAFORMA_INTEGRADA\backend\Autenticacion.php:14
[28-Apr-2026 00:28:30 America/Santo_Domingo] PHP Notice:  session_start(): Ignoring session_start() because a session is already active (started from C:\wamp64\www\PLATAFORMA_INTEGRADA\backend\api\actividad.php on line 19) in C:\wamp64\www\PLATAFORMA_INTEGRADA\backend\Autenticacion.php on line 14
[28-Apr-2026 00:28:30 America/Santo_Domingo] PHP Stack trace:
[28-Apr-2026 00:28:30 America/Santo_Domingo] PHP   1. {main}() C:\wamp64\www\PLATAFORMA_INTEGRADA\backend\api\actividad.php:0
[28-Apr-2026 00:28:30 America/Santo_Domingo] PHP   2. Autenticacion->__construct() C:\wamp64\www\PLATAFORMA_INTEGRADA\backend\api\actividad.php:21
[28-Apr-2026 00:28:30 America/Santo_Domingo] PHP   3. session_start() C:\wamp64\www\PLATAFORMA_INTEGRADA\backend\Autenticacion.php:14
[28-Apr-2026 00:28:35 America/Santo_Domingo] PHP Notice:  session_start(): Ignoring session_start() because a session is already active (started from C:\wamp64\www\PLATAFORMA_INTEGRADA\backend\api\actividad.php on line 19) in C:\wamp64\www\PLATAFORMA_INTEGRADA\backend\Autenticacion.php on line 14
[28-Apr-2026 00:28:35 America/Santo_Domingo] PHP Stack trace:
[28-Apr-2026 00:28:35 America/Santo_Domingo] PHP   1. {main}() C:\wamp64\www\PLATAFORMA_INTEGRADA\backend\api\actividad.php:0
[28-Apr-2026 00:28:35 America/Santo_Domingo] PHP   2. Autenticacion->__construct() C:\wamp64\www\PLATAFORMA_INTEGRADA\backend\api\actividad.php:21
[28-Apr-2026 00:28:35 America/Santo_Domingo] PHP   3. session_start() C:\wamp64\www\PLATAFORMA_INTEGRADA\backend\Autenticacion.php:14
[28-Apr-2026 00:28:51 America/Santo_Domingo] PHP Notice:  session_start(): Ignoring session_start() because a session is already active (started from C:\wamp64\www\PLATAFORMA_INTEGRADA\backend\api\actividad.php on line 19) in C:\wamp64\www\PLATAFORMA_INTEGRADA\backend\Autenticacion.php on line 14
[28-Apr-2026 00:28:51 America/Santo_Domingo] PHP Stack trace:
[28-Apr-2026 00:28:51 America/Santo_Domingo] PHP   1. {main}() C:\wamp64\www\PLATAFORMA_INTEGRADA\backend\api\actividad.php:0
[28-Apr-2026 00:28:51 America/Santo_Domingo] PHP   2. Autenticacion->__construct() C:\wamp64\www\PLATAFORMA_INTEGRADA\backend\api\actividad.php:21
[28-Apr-2026 00:28:51 America/Santo_Domingo] PHP   3. session_start() C:\wamp64\www\PLATAFORMA_INTEGRADA\backend\Autenticacion.php:14
[28-Apr-2026 00:28:54 America/Santo_Domingo] PHP Notice:  session_start(): Ignoring session_start() because a session is already active (started from C:\wamp64\www\PLATAFORMA_INTEGRADA\backend\api\actividad.php on line 19) in C:\wamp64\www\PLATAFORMA_INTEGRADA\backend\Autenticacion.php on line 14
[28-Apr-2026 00:28:54 America/Santo_Domingo] PHP Stack trace:
[28-Apr-2026 00:28:54 America/Santo_Domingo] PHP   1. {main}() C:\wamp64\www\PLATAFORMA_INTEGRADA\backend\api\actividad.php:0
[28-Apr-2026 00:28:54 America/Santo_Domingo] PHP   2. Autenticacion->__construct() C:\wamp64\www\PLATAFORMA_INTEGRADA\backend\api\actividad.php:21
[28-Apr-2026 00:28:54 America/Santo_Domingo] PHP   3. session_start() C:\wamp64\www\PLATAFORMA_INTEGRADA\backend\Autenticacion.php:14
[28-Apr-2026 00:28:58 America/Santo_Domingo] PHP Notice:  session_start(): Ignoring session_start() because a session is already active (started from C:\wamp64\www\PLATAFORMA_INTEGRADA\backend\api\actividad.php on line 19) in C:\wamp64\www\PLATAFORMA_INTEGRADA\backend\Autenticacion.php on line 14
[28-Apr-2026 00:28:58 America/Santo_Domingo] PHP Stack trace:
[28-Apr-2026 00:28:58 America/Santo_Domingo] PHP   1. {main}() C:\wamp64\www\PLATAFORMA_INTEGRADA\backend\api\actividad.php:0
[28-Apr-2026 00:28:58 America/Santo_Domingo] PHP   2. Autenticacion->__construct() C:\wamp64\www\PLATAFORMA_INTEGRADA\backend\api\actividad.php:21
[28-Apr-2026 00:28:58 America/Santo_Domingo] PHP   3. session_start() C:\wamp64\www\PLATAFORMA_INTEGRADA\backend\Autenticacion.php:14
[28-Apr-2026 00:31:53 America/Santo_Domingo] PHP Notice:  session_start(): Ignoring session_start() because a session is already active (started from C:\wamp64\www\PLATAFORMA_INTEGRADA\backend\api\actividad.php on line 19) in C:\wamp64\www\PLATAFORMA_INTEGRADA\backend\Autenticacion.php on line 14
[28-Apr-2026 00:31:53 America/Santo_Domingo] PHP Stack trace:
[28-Apr-2026 00:31:53 America/Santo_Domingo] PHP   1. {main}() C:\wamp64\www\PLATAFORMA_INTEGRADA\backend\api\actividad.php:0
[28-Apr-2026 00:31:53 America/Santo_Domingo] PHP   2. Autenticacion->__construct() C:\wamp64\www\PLATAFORMA_INTEGRADA\backend\api\actividad.php:21
[28-Apr-2026 00:31:53 America/Santo_Domingo] PHP   3. session_start() C:\wamp64\www\PLATAFORMA_INTEGRADA\backend\Autenticacion.php:14
[28-Apr-2026 00:32:01 America/Santo_Domingo] PHP Notice:  session_start(): Ignoring session_start() because a session is already active (started from C:\wamp64\www\PLATAFORMA_INTEGRADA\backend\api\actividad.php on line 19) in C:\wamp64\www\PLATAFORMA_INTEGRADA\backend\Autenticacion.php on line 14
[28-Apr-2026 00:32:01 America/Santo_Domingo] PHP Stack trace:
[28-Apr-2026 00:32:01 America/Santo_Domingo] PHP   1. {main}() C:\wamp64\www\PLATAFORMA_INTEGRADA\backend\api\actividad.php:0
[28-Apr-2026 00:32:01 America/Santo_Domingo] PHP   2. Autenticacion->__construct() C:\wamp64\www\PLATAFORMA_INTEGRADA\backend\api\actividad.php:21
[28-Apr-2026 00:32:01 America/Santo_Domingo] PHP   3. session_start() C:\wamp64\www\PLATAFORMA_INTEGRADA\backend\Autenticacion.php:14
[28-Apr-2026 00:32:19 America/Santo_Domingo] PHP Notice:  session_start(): Ignoring session_start() because a session is already active (started from C:\wamp64\www\PLATAFORMA_INTEGRADA\backend\api\actividad.php on line 19) in C:\wamp64\www\PLATAFORMA_INTEGRADA\backend\Autenticacion.php on line 14
[28-Apr-2026 00:32:19 America/Santo_Domingo] PHP Stack trace:
[28-Apr-2026 00:32:19 America/Santo_Domingo] PHP   1. {main}() C:\wamp64\www\PLATAFORMA_INTEGRADA\backend\api\actividad.php:0
[28-Apr-2026 00:32:19 America/Santo_Domingo] PHP   2. Autenticacion->__construct() C:\wamp64\www\PLATAFORMA_INTEGRADA\backend\api\actividad.php:21
[28-Apr-2026 00:32:19 America/Santo_Domingo] PHP   3. session_start() C:\wamp64\www\PLATAFORMA_INTEGRADA\backend\Autenticacion.php:14
[28-Apr-2026 00:33:24 America/Santo_Domingo] PHP Notice:  session_start(): Ignoring session_start() because a session is already active (started from C:\wamp64\www\PLATAFORMA_INTEGRADA\backend\api\actividad.php on line 19) in C:\wamp64\www\PLATAFORMA_INTEGRADA\backend\Autenticacion.php on line 14
[28-Apr-2026 00:33:24 America/Santo_Domingo] PHP Stack trace:
[28-Apr-2026 00:33:24 America/Santo_Domingo] PHP   1. {main}() C:\wamp64\www\PLATAFORMA_INTEGRADA\backend\api\actividad.php:0
[28-Apr-2026 00:33:24 America/Santo_Domingo] PHP   2. Autenticacion->__construct() C:\wamp64\www\PLATAFORMA_INTEGRADA\backend\api\actividad.php:21
[28-Apr-2026 00:33:24 America/Santo_Domingo] PHP   3. session_start() C:\wamp64\www\PLATAFORMA_INTEGRADA\backend\Autenticacion.php:14
[28-Apr-2026 00:33:34 America/Santo_Domingo] PHP Notice:  session_start(): Ignoring session_start() because a session is already active (started from C:\wamp64\www\PLATAFORMA_INTEGRADA\backend\api\actividad.php on line 19) in C:\wamp64\www\PLATAFORMA_INTEGRADA\backend\Autenticacion.php on line 14
[28-Apr-2026 00:33:34 America/Santo_Domingo] PHP Stack trace:
[28-Apr-2026 00:33:34 America/Santo_Domingo] PHP   1. {main}() C:\wamp64\www\PLATAFORMA_INTEGRADA\backend\api\actividad.php:0
[28-Apr-2026 00:33:34 America/Santo_Domingo] PHP   2. Autenticacion->__construct() C:\wamp64\www\PLATAFORMA_INTEGRADA\backend\api\actividad.php:21
[28-Apr-2026 00:33:34 America/Santo_Domingo] PHP   3. session_start() C:\wamp64\www\PLATAFORMA_INTEGRADA\backend\Autenticacion.php:14
[28-Apr-2026 00:33:38 America/Santo_Domingo] PHP Notice:  session_start(): Ignoring session_start() because a session is already active (started from C:\wamp64\www\PLATAFORMA_INTEGRADA\backend\api\actividad.php on line 19) in C:\wamp64\www\PLATAFORMA_INTEGRADA\backend\Autenticacion.php on line 14
[28-Apr-2026 00:33:38 America/Santo_Domingo] PHP Stack trace:
[28-Apr-2026 00:33:38 America/Santo_Domingo] PHP   1. {main}() C:\wamp64\www\PLATAFORMA_INTEGRADA\backend\api\actividad.php:0
[28-Apr-2026 00:33:38 America/Santo_Domingo] PHP   2. Autenticacion->__construct() C:\wamp64\www\PLATAFORMA_INTEGRADA\backend\api\actividad.php:21
[28-Apr-2026 00:33:38 America/Santo_Domingo] PHP   3. session_start() C:\wamp64\www\PLATAFORMA_INTEGRADA\backend\Autenticacion.php:14
[28-Apr-2026 00:58:35 America/Santo_Domingo] PHP Notice:  session_start(): Ignoring session_start() because a session is already active (started from C:\wamp64\www\PLATAFORMA_INTEGRADA\backend\api\actividad.php on line 19) in C:\wamp64\www\PLATAFORMA_INTEGRADA\backend\Autenticacion.php on line 14
[28-Apr-2026 00:58:35 America/Santo_Domingo] PHP Stack trace:
[28-Apr-2026 00:58:35 America/Santo_Domingo] PHP   1. {main}() C:\wamp64\www\PLATAFORMA_INTEGRADA\backend\api\actividad.php:0
[28-Apr-2026 00:58:35 America/Santo_Domingo] PHP   2. Autenticacion->__construct() C:\wamp64\www\PLATAFORMA_INTEGRADA\backend\api\actividad.php:21
[28-Apr-2026 00:58:35 America/Santo_Domingo] PHP   3. session_start() C:\wamp64\www\PLATAFORMA_INTEGRADA\backend\Autenticacion.php:14
[28-Apr-2026 00:58:36 America/Santo_Domingo] PHP Notice:  session_start(): Ignoring session_start() because a session is already active (started from C:\wamp64\www\PLATAFORMA_INTEGRADA\backend\api\actividad.php on line 19) in C:\wamp64\www\PLATAFORMA_INTEGRADA\backend\Autenticacion.php on line 14
[28-Apr-2026 00:58:36 America/Santo_Domingo] PHP Stack trace:
[28-Apr-2026 00:58:36 America/Santo_Domingo] PHP   1. {main}() C:\wamp64\www\PLATAFORMA_INTEGRADA\backend\api\actividad.php:0
[28-Apr-2026 00:58:36 America/Santo_Domingo] PHP   2. Autenticacion->__construct() C:\wamp64\www\PLATAFORMA_INTEGRADA\backend\api\actividad.php:21
[28-Apr-2026 00:58:36 America/Santo_Domingo] PHP   3. session_start() C:\wamp64\www\PLATAFORMA_INTEGRADA\backend\Autenticacion.php:14
[28-Apr-2026 09:04:10 America/Santo_Domingo] PHP Notice:  session_start(): Ignoring session_start() because a session is already active (started from C:\wamp64\www\PLATAFORMA_INTEGRADA\backend\api\actividad.php on line 19) in C:\wamp64\www\PLATAFORMA_INTEGRADA\backend\Autenticacion.php on line 14
[28-Apr-2026 09:04:10 America/Santo_Domingo] PHP Stack trace:
[28-Apr-2026 09:04:10 America/Santo_Domingo] PHP   1. {main}() C:\wamp64\www\PLATAFORMA_INTEGRADA\backend\api\actividad.php:0
[28-Apr-2026 09:04:10 America/Santo_Domingo] PHP   2. Autenticacion->__construct() C:\wamp64\www\PLATAFORMA_INTEGRADA\backend\api\actividad.php:21
[28-Apr-2026 09:04:10 America/Santo_Domingo] PHP   3. session_start() C:\wamp64\www\PLATAFORMA_INTEGRADA\backend\Autenticacion.php:14
[28-Apr-2026 09:04:14 America/Santo_Domingo] PHP Notice:  session_start(): Ignoring session_start() because a session is already active (started from C:\wamp64\www\PLATAFORMA_INTEGRADA\backend\api\actividad.php on line 19) in C:\wamp64\www\PLATAFORMA_INTEGRADA\backend\Autenticacion.php on line 14
[28-Apr-2026 09:04:14 America/Santo_Domingo] PHP Stack trace:
[28-Apr-2026 09:04:14 America/Santo_Domingo] PHP   1. {main}() C:\wamp64\www\PLATAFORMA_INTEGRADA\backend\api\actividad.php:0
[28-Apr-2026 09:04:14 America/Santo_Domingo] PHP   2. Autenticacion->__construct() C:\wamp64\www\PLATAFORMA_INTEGRADA\backend\api\actividad.php:21
[28-Apr-2026 09:04:14 America/Santo_Domingo] PHP   3. session_start() C:\wamp64\www\PLATAFORMA_INTEGRADA\backend\Autenticacion.php:14
[28-Apr-2026 09:10:21 America/Santo_Domingo] PHP Fatal error:  Uncaught mysqli_sql_exception: Unknown column 'p.casa_contratada' in 'field list' in C:\wamp64\www\PLATAFORMA_INTEGRADA\backend\check_cols.php:4
Stack trace:
#0 C:\wamp64\www\PLATAFORMA_INTEGRADA\backend\check_cols.php(4): mysqli->query('SELECT p.id, p....')
#1 {main}
  thrown in C:\wamp64\www\PLATAFORMA_INTEGRADA\backend\check_cols.php on line 4
[28-Apr-2026 09:10:21 America/Santo_Domingo] PHP Fatal error:  Uncaught mysqli_sql_exception: Unknown column 'p.casa_contratada' in 'field list' in C:\wamp64\www\PLATAFORMA_INTEGRADA\backend\check_cols.php:4
Stack trace:
#0 C:\wamp64\www\PLATAFORMA_INTEGRADA\backend\check_cols.php(4): mysqli->query('SELECT p.id, p....')
#1 {main}
  thrown in C:\wamp64\www\PLATAFORMA_INTEGRADA\backend\check_cols.php on line 4
[28-Apr-2026 09:19:29 America/Santo_Domingo] PHP Notice:  session_start(): Ignoring session_start() because a session is already active (started from C:\wamp64\www\PLATAFORMA_INTEGRADA\backend\api\actividad.php on line 19) in C:\wamp64\www\PLATAFORMA_INTEGRADA\backend\Autenticacion.php on line 14
[28-Apr-2026 09:19:29 America/Santo_Domingo] PHP Stack trace:
[28-Apr-2026 09:19:29 America/Santo_Domingo] PHP   1. {main}() C:\wamp64\www\PLATAFORMA_INTEGRADA\backend\api\actividad.php:0
[28-Apr-2026 09:19:29 America/Santo_Domingo] PHP   2. Autenticacion->__construct() C:\wamp64\www\PLATAFORMA_INTEGRADA\backend\api\actividad.php:21
[28-Apr-2026 09:19:29 America/Santo_Domingo] PHP   3. session_start() C:\wamp64\www\PLATAFORMA_INTEGRADA\backend\Autenticacion.php:14
[28-Apr-2026 09:19:31 America/Santo_Domingo] PHP Notice:  session_start(): Ignoring session_start() because a session is already active (started from C:\wamp64\www\PLATAFORMA_INTEGRADA\backend\api\actividad.php on line 19) in C:\wamp64\www\PLATAFORMA_INTEGRADA\backend\Autenticacion.php on line 14
[28-Apr-2026 09:19:31 America/Santo_Domingo] PHP Stack trace:
[28-Apr-2026 09:19:31 America/Santo_Domingo] PHP   1. {main}() C:\wamp64\www\PLATAFORMA_INTEGRADA\backend\api\actividad.php:0
[28-Apr-2026 09:19:31 America/Santo_Domingo] PHP   2. Autenticacion->__construct() C:\wamp64\www\PLATAFORMA_INTEGRADA\backend\api\actividad.php:21
[28-Apr-2026 09:19:31 America/Santo_Domingo] PHP   3. session_start() C:\wamp64\www\PLATAFORMA_INTEGRADA\backend\Autenticacion.php:14
[28-Apr-2026 09:28:21 America/Santo_Domingo] PHP Notice:  session_start(): Ignoring session_start() because a session is already active (started from C:\wamp64\www\PLATAFORMA_INTEGRADA\backend\api\actividad.php on line 19) in C:\wamp64\www\PLATAFORMA_INTEGRADA\backend\Autenticacion.php on line 14
[28-Apr-2026 09:28:21 America/Santo_Domingo] PHP Stack trace:
[28-Apr-2026 09:28:21 America/Santo_Domingo] PHP   1. {main}() C:\wamp64\www\PLATAFORMA_INTEGRADA\backend\api\actividad.php:0
[28-Apr-2026 09:28:21 America/Santo_Domingo] PHP   2. Autenticacion->__construct() C:\wamp64\www\PLATAFORMA_INTEGRADA\backend\api\actividad.php:21
[28-Apr-2026 09:28:21 America/Santo_Domingo] PHP   3. session_start() C:\wamp64\www\PLATAFORMA_INTEGRADA\backend\Autenticacion.php:14
[28-Apr-2026 09:28:22 America/Santo_Domingo] PHP Notice:  session_start(): Ignoring session_start() because a session is already active (started from C:\wamp64\www\PLATAFORMA_INTEGRADA\backend\api\actividad.php on line 19) in C:\wamp64\www\PLATAFORMA_INTEGRADA\backend\Autenticacion.php on line 14
[28-Apr-2026 09:28:22 America/Santo_Domingo] PHP Stack trace:
[28-Apr-2026 09:28:22 America/Santo_Domingo] PHP   1. {main}() C:\wamp64\www\PLATAFORMA_INTEGRADA\backend\api\actividad.php:0
[28-Apr-2026 09:28:22 America/Santo_Domingo] PHP   2. Autenticacion->__construct() C:\wamp64\www\PLATAFORMA_INTEGRADA\backend\api\actividad.php:21
[28-Apr-2026 09:28:22 America/Santo_Domingo] PHP   3. session_start() C:\wamp64\www\PLATAFORMA_INTEGRADA\backend\Autenticacion.php:14
[28-Apr-2026 09:39:31 America/Santo_Domingo] PHP Notice:  session_start(): Ignoring session_start() because a session is already active (started from C:\wamp64\www\PLATAFORMA_INTEGRADA\backend\api\actividad.php on line 19) in C:\wamp64\www\PLATAFORMA_INTEGRADA\backend\Autenticacion.php on line 14
[28-Apr-2026 09:39:31 America/Santo_Domingo] PHP Stack trace:
[28-Apr-2026 09:39:31 America/Santo_Domingo] PHP   1. {main}() C:\wamp64\www\PLATAFORMA_INTEGRADA\backend\api\actividad.php:0
[28-Apr-2026 09:39:31 America/Santo_Domingo] PHP   2. Autenticacion->__construct() C:\wamp64\www\PLATAFORMA_INTEGRADA\backend\api\actividad.php:21
[28-Apr-2026 09:39:31 America/Santo_Domingo] PHP   3. session_start() C:\wamp64\www\PLATAFORMA_INTEGRADA\backend\Autenticacion.php:14
[28-Apr-2026 09:39:33 America/Santo_Domingo] PHP Notice:  session_start(): Ignoring session_start() because a session is already active (started from C:\wamp64\www\PLATAFORMA_INTEGRADA\backend\api\actividad.php on line 19) in C:\wamp64\www\PLATAFORMA_INTEGRADA\backend\Autenticacion.php on line 14
[28-Apr-2026 09:39:33 America/Santo_Domingo] PHP Stack trace:
[28-Apr-2026 09:39:33 America/Santo_Domingo] PHP   1. {main}() C:\wamp64\www\PLATAFORMA_INTEGRADA\backend\api\actividad.php:0
[28-Apr-2026 09:39:33 America/Santo_Domingo] PHP   2. Autenticacion->__construct() C:\wamp64\www\PLATAFORMA_INTEGRADA\backend\api\actividad.php:21
[28-Apr-2026 09:39:33 America/Santo_Domingo] PHP   3. session_start() C:\wamp64\www\PLATAFORMA_INTEGRADA\backend\Autenticacion.php:14
[28-Apr-2026 10:05:30 America/Santo_Domingo] PHP Notice:  session_start(): Ignoring session_start() because a session is already active (started from C:\wamp64\www\PLATAFORMA_INTEGRADA\backend\api\actividad.php on line 19) in C:\wamp64\www\PLATAFORMA_INTEGRADA\backend\Autenticacion.php on line 14
[28-Apr-2026 10:05:30 America/Santo_Domingo] PHP Stack trace:
[28-Apr-2026 10:05:30 America/Santo_Domingo] PHP   1. {main}() C:\wamp64\www\PLATAFORMA_INTEGRADA\backend\api\actividad.php:0
[28-Apr-2026 10:05:30 America/Santo_Domingo] PHP   2. Autenticacion->__construct() C:\wamp64\www\PLATAFORMA_INTEGRADA\backend\api\actividad.php:21
[28-Apr-2026 10:05:30 America/Santo_Domingo] PHP   3. session_start() C:\wamp64\www\PLATAFORMA_INTEGRADA\backend\Autenticacion.php:14
[28-Apr-2026 10:05:32 America/Santo_Domingo] PHP Notice:  session_start(): Ignoring session_start() because a session is already active (started from C:\wamp64\www\PLATAFORMA_INTEGRADA\backend\api\actividad.php on line 19) in C:\wamp64\www\PLATAFORMA_INTEGRADA\backend\Autenticacion.php on line 14
[28-Apr-2026 10:05:32 America/Santo_Domingo] PHP Stack trace:
[28-Apr-2026 10:05:32 America/Santo_Domingo] PHP   1. {main}() C:\wamp64\www\PLATAFORMA_INTEGRADA\backend\api\actividad.php:0
[28-Apr-2026 10:05:32 America/Santo_Domingo] PHP   2. Autenticacion->__construct() C:\wamp64\www\PLATAFORMA_INTEGRADA\backend\api\actividad.php:21
[28-Apr-2026 10:05:32 America/Santo_Domingo] PHP   3. session_start() C:\wamp64\www\PLATAFORMA_INTEGRADA\backend\Autenticacion.php:14
[28-Apr-2026 10:14:13 America/Santo_Domingo] PHP Notice:  session_start(): Ignoring session_start() because a session is already active (started from C:\wamp64\www\PLATAFORMA_INTEGRADA\backend\api\actividad.php on line 19) in C:\wamp64\www\PLATAFORMA_INTEGRADA\backend\Autenticacion.php on line 14
[28-Apr-2026 10:14:13 America/Santo_Domingo] PHP Stack trace:
[28-Apr-2026 10:14:13 America/Santo_Domingo] PHP   1. {main}() C:\wamp64\www\PLATAFORMA_INTEGRADA\backend\api\actividad.php:0
[28-Apr-2026 10:14:13 America/Santo_Domingo] PHP   2. Autenticacion->__construct() C:\wamp64\www\PLATAFORMA_INTEGRADA\backend\api\actividad.php:21
[28-Apr-2026 10:14:13 America/Santo_Domingo] PHP   3. session_start() C:\wamp64\www\PLATAFORMA_INTEGRADA\backend\Autenticacion.php:14
[28-Apr-2026 10:20:58 America/Santo_Domingo] PHP Notice:  session_start(): Ignoring session_start() because a session is already active (started from C:\wamp64\www\PLATAFORMA_INTEGRADA\backend\api\actividad.php on line 19) in C:\wamp64\www\PLATAFORMA_INTEGRADA\backend\Autenticacion.php on line 14
[28-Apr-2026 10:20:58 America/Santo_Domingo] PHP Stack trace:
[28-Apr-2026 10:20:58 America/Santo_Domingo] PHP   1. {main}() C:\wamp64\www\PLATAFORMA_INTEGRADA\backend\api\actividad.php:0
[28-Apr-2026 10:20:58 America/Santo_Domingo] PHP   2. Autenticacion->__construct() C:\wamp64\www\PLATAFORMA_INTEGRADA\backend\api\actividad.php:21
[28-Apr-2026 10:20:58 America/Santo_Domingo] PHP   3. session_start() C:\wamp64\www\PLATAFORMA_INTEGRADA\backend\Autenticacion.php:14
[28-Apr-2026 10:21:01 America/Santo_Domingo] PHP Notice:  session_start(): Ignoring session_start() because a session is already active (started from C:\wamp64\www\PLATAFORMA_INTEGRADA\backend\api\actividad.php on line 19) in C:\wamp64\www\PLATAFORMA_INTEGRADA\backend\Autenticacion.php on line 14
[28-Apr-2026 10:21:01 America/Santo_Domingo] PHP Stack trace:
[28-Apr-2026 10:21:01 America/Santo_Domingo] PHP   1. {main}() C:\wamp64\www\PLATAFORMA_INTEGRADA\backend\api\actividad.php:0
[28-Apr-2026 10:21:01 America/Santo_Domingo] PHP   2. Autenticacion->__construct() C:\wamp64\www\PLATAFORMA_INTEGRADA\backend\api\actividad.php:21
[28-Apr-2026 10:21:01 America/Santo_Domingo] PHP   3. session_start() C:\wamp64\www\PLATAFORMA_INTEGRADA\backend\Autenticacion.php:14
[28-Apr-2026 10:21:59 America/Santo_Domingo] PHP Notice:  session_start(): Ignoring session_start() because a session is already active (started from C:\wamp64\www\PLATAFORMA_INTEGRADA\backend\api\actividad.php on line 19) in C:\wamp64\www\PLATAFORMA_INTEGRADA\backend\Autenticacion.php on line 14
[28-Apr-2026 10:21:59 America/Santo_Domingo] PHP Stack trace:
[28-Apr-2026 10:21:59 America/Santo_Domingo] PHP   1. {main}() C:\wamp64\www\PLATAFORMA_INTEGRADA\backend\api\actividad.php:0
[28-Apr-2026 10:21:59 America/Santo_Domingo] PHP   2. Autenticacion->__construct() C:\wamp64\www\PLATAFORMA_INTEGRADA\backend\api\actividad.php:21
[28-Apr-2026 10:21:59 America/Santo_Domingo] PHP   3. session_start() C:\wamp64\www\PLATAFORMA_INTEGRADA\backend\Autenticacion.php:14
[28-Apr-2026 10:23:36 America/Santo_Domingo] PHP Notice:  session_start(): Ignoring session_start() because a session is already active (started from C:\wamp64\www\PLATAFORMA_INTEGRADA\backend\api\actividad.php on line 19) in C:\wamp64\www\PLATAFORMA_INTEGRADA\backend\Autenticacion.php on line 14
[28-Apr-2026 10:23:36 America/Santo_Domingo] PHP Stack trace:
[28-Apr-2026 10:23:36 America/Santo_Domingo] PHP   1. {main}() C:\wamp64\www\PLATAFORMA_INTEGRADA\backend\api\actividad.php:0
[28-Apr-2026 10:23:36 America/Santo_Domingo] PHP   2. Autenticacion->__construct() C:\wamp64\www\PLATAFORMA_INTEGRADA\backend\api\actividad.php:21
[28-Apr-2026 10:23:36 America/Santo_Domingo] PHP   3. session_start() C:\wamp64\www\PLATAFORMA_INTEGRADA\backend\Autenticacion.php:14
[28-Apr-2026 10:23:56 America/Santo_Domingo] PHP Notice:  session_start(): Ignoring session_start() because a session is already active (started from C:\wamp64\www\PLATAFORMA_INTEGRADA\backend\api\actividad.php on line 19) in C:\wamp64\www\PLATAFORMA_INTEGRADA\backend\Autenticacion.php on line 14
[28-Apr-2026 10:23:56 America/Santo_Domingo] PHP Stack trace:
[28-Apr-2026 10:23:56 America/Santo_Domingo] PHP   1. {main}() C:\wamp64\www\PLATAFORMA_INTEGRADA\backend\api\actividad.php:0
[28-Apr-2026 10:23:56 America/Santo_Domingo] PHP   2. Autenticacion->__construct() C:\wamp64\www\PLATAFORMA_INTEGRADA\backend\api\actividad.php:21
[28-Apr-2026 10:23:56 America/Santo_Domingo] PHP   3. session_start() C:\wamp64\www\PLATAFORMA_INTEGRADA\backend\Autenticacion.php:14
[28-Apr-2026 10:23:57 America/Santo_Domingo] PHP Notice:  session_start(): Ignoring session_start() because a session is already active (started from C:\wamp64\www\PLATAFORMA_INTEGRADA\backend\api\actividad.php on line 19) in C:\wamp64\www\PLATAFORMA_INTEGRADA\backend\Autenticacion.php on line 14
[28-Apr-2026 10:23:57 America/Santo_Domingo] PHP Stack trace:
[28-Apr-2026 10:23:57 America/Santo_Domingo] PHP   1. {main}() C:\wamp64\www\PLATAFORMA_INTEGRADA\backend\api\actividad.php:0
[28-Apr-2026 10:23:57 America/Santo_Domingo] PHP   2. Autenticacion->__construct() C:\wamp64\www\PLATAFORMA_INTEGRADA\backend\api\actividad.php:21
[28-Apr-2026 10:23:57 America/Santo_Domingo] PHP   3. session_start() C:\wamp64\www\PLATAFORMA_INTEGRADA\backend\Autenticacion.php:14
[28-Apr-2026 10:23:58 America/Santo_Domingo] PHP Notice:  session_start(): Ignoring session_start() because a session is already active (started from C:\wamp64\www\PLATAFORMA_INTEGRADA\backend\api\actividad.php on line 19) in C:\wamp64\www\PLATAFORMA_INTEGRADA\backend\Autenticacion.php on line 14
[28-Apr-2026 10:23:58 America/Santo_Domingo] PHP Stack trace:
[28-Apr-2026 10:23:58 America/Santo_Domingo] PHP   1. {main}() C:\wamp64\www\PLATAFORMA_INTEGRADA\backend\api\actividad.php:0
[28-Apr-2026 10:23:58 America/Santo_Domingo] PHP   2. Autenticacion->__construct() C:\wamp64\www\PLATAFORMA_INTEGRADA\backend\api\actividad.php:21
[28-Apr-2026 10:23:58 America/Santo_Domingo] PHP   3. session_start() C:\wamp64\www\PLATAFORMA_INTEGRADA\backend\Autenticacion.php:14
[28-Apr-2026 10:36:31 America/Santo_Domingo] PHP Notice:  session_start(): Ignoring session_start() because a session is already active (started from C:\wamp64\www\PLATAFORMA_INTEGRADA\backend\api\actividad.php on line 19) in C:\wamp64\www\PLATAFORMA_INTEGRADA\backend\Autenticacion.php on line 14
[28-Apr-2026 10:36:31 America/Santo_Domingo] PHP Stack trace:
[28-Apr-2026 10:36:31 America/Santo_Domingo] PHP   1. {main}() C:\wamp64\www\PLATAFORMA_INTEGRADA\backend\api\actividad.php:0
[28-Apr-2026 10:36:31 America/Santo_Domingo] PHP   2. Autenticacion->__construct() C:\wamp64\www\PLATAFORMA_INTEGRADA\backend\api\actividad.php:21
[28-Apr-2026 10:36:31 America/Santo_Domingo] PHP   3. session_start() C:\wamp64\www\PLATAFORMA_INTEGRADA\backend\Autenticacion.php:14
[28-Apr-2026 10:36:33 America/Santo_Domingo] PHP Notice:  session_start(): Ignoring session_start() because a session is already active (started from C:\wamp64\www\PLATAFORMA_INTEGRADA\backend\api\actividad.php on line 19) in C:\wamp64\www\PLATAFORMA_INTEGRADA\backend\Autenticacion.php on line 14
[28-Apr-2026 10:36:33 America/Santo_Domingo] PHP Stack trace:
[28-Apr-2026 10:36:33 America/Santo_Domingo] PHP   1. {main}() C:\wamp64\www\PLATAFORMA_INTEGRADA\backend\api\actividad.php:0
[28-Apr-2026 10:36:33 America/Santo_Domingo] PHP   2. Autenticacion->__construct() C:\wamp64\www\PLATAFORMA_INTEGRADA\backend\api\actividad.php:21
[28-Apr-2026 10:36:33 America/Santo_Domingo] PHP   3. session_start() C:\wamp64\www\PLATAFORMA_INTEGRADA\backend\Autenticacion.php:14
[28-Apr-2026 10:48:12 America/Santo_Domingo] PHP Notice:  session_start(): Ignoring session_start() because a session is already active (started from C:\wamp64\www\PLATAFORMA_INTEGRADA\backend\api\actividad.php on line 19) in C:\wamp64\www\PLATAFORMA_INTEGRADA\backend\Autenticacion.php on line 14
[28-Apr-2026 10:48:12 America/Santo_Domingo] PHP Stack trace:
[28-Apr-2026 10:48:12 America/Santo_Domingo] PHP   1. {main}() C:\wamp64\www\PLATAFORMA_INTEGRADA\backend\api\actividad.php:0
[28-Apr-2026 10:48:12 America/Santo_Domingo] PHP   2. Autenticacion->__construct() C:\wamp64\www\PLATAFORMA_INTEGRADA\backend\api\actividad.php:21
[28-Apr-2026 10:48:12 America/Santo_Domingo] PHP   3. session_start() C:\wamp64\www\PLATAFORMA_INTEGRADA\backend\Autenticacion.php:14
[28-Apr-2026 10:48:14 America/Santo_Domingo] PHP Notice:  session_start(): Ignoring session_start() because a session is already active (started from C:\wamp64\www\PLATAFORMA_INTEGRADA\backend\api\actividad.php on line 19) in C:\wamp64\www\PLATAFORMA_INTEGRADA\backend\Autenticacion.php on line 14
[28-Apr-2026 10:48:14 America/Santo_Domingo] PHP Stack trace:
[28-Apr-2026 10:48:14 America/Santo_Domingo] PHP   1. {main}() C:\wamp64\www\PLATAFORMA_INTEGRADA\backend\api\actividad.php:0
[28-Apr-2026 10:48:14 America/Santo_Domingo] PHP   2. Autenticacion->__construct() C:\wamp64\www\PLATAFORMA_INTEGRADA\backend\api\actividad.php:21
[28-Apr-2026 10:48:14 America/Santo_Domingo] PHP   3. session_start() C:\wamp64\www\PLATAFORMA_INTEGRADA\backend\Autenticacion.php:14
[28-Apr-2026 10:48:18 America/Santo_Domingo] PHP Notice:  session_start(): Ignoring session_start() because a session is already active (started from C:\wamp64\www\PLATAFORMA_INTEGRADA\backend\api\actividad.php on line 19) in C:\wamp64\www\PLATAFORMA_INTEGRADA\backend\Autenticacion.php on line 14
[28-Apr-2026 10:48:18 America/Santo_Domingo] PHP Stack trace:
[28-Apr-2026 10:48:18 America/Santo_Domingo] PHP   1. {main}() C:\wamp64\www\PLATAFORMA_INTEGRADA\backend\api\actividad.php:0
[28-Apr-2026 10:48:18 America/Santo_Domingo] PHP   2. Autenticacion->__construct() C:\wamp64\www\PLATAFORMA_INTEGRADA\backend\api\actividad.php:21
[28-Apr-2026 10:48:18 America/Santo_Domingo] PHP   3. session_start() C:\wamp64\www\PLATAFORMA_INTEGRADA\backend\Autenticacion.php:14
[28-Apr-2026 14:27:29 America/Santo_Domingo] PHP Notice:  session_start(): Ignoring session_start() because a session is already active (started from C:\wamp64\www\PLATAFORMA_INTEGRADA\backend\api\actividad.php on line 19) in C:\wamp64\www\PLATAFORMA_INTEGRADA\backend\Autenticacion.php on line 14
[28-Apr-2026 14:27:29 America/Santo_Domingo] PHP Stack trace:
[28-Apr-2026 14:27:29 America/Santo_Domingo] PHP   1. {main}() C:\wamp64\www\PLATAFORMA_INTEGRADA\backend\api\actividad.php:0
[28-Apr-2026 14:27:29 America/Santo_Domingo] PHP   2. Autenticacion->__construct() C:\wamp64\www\PLATAFORMA_INTEGRADA\backend\api\actividad.php:21
[28-Apr-2026 14:27:29 America/Santo_Domingo] PHP   3. session_start() C:\wamp64\www\PLATAFORMA_INTEGRADA\backend\Autenticacion.php:14
[28-Apr-2026 14:27:33 America/Santo_Domingo] PHP Notice:  session_start(): Ignoring session_start() because a session is already active (started from C:\wamp64\www\PLATAFORMA_INTEGRADA\backend\api\actividad.php on line 19) in C:\wamp64\www\PLATAFORMA_INTEGRADA\backend\Autenticacion.php on line 14
[28-Apr-2026 14:27:33 America/Santo_Domingo] PHP Stack trace:
[28-Apr-2026 14:27:33 America/Santo_Domingo] PHP   1. {main}() C:\wamp64\www\PLATAFORMA_INTEGRADA\backend\api\actividad.php:0
[28-Apr-2026 14:27:33 America/Santo_Domingo] PHP   2. Autenticacion->__construct() C:\wamp64\www\PLATAFORMA_INTEGRADA\backend\api\actividad.php:21
[28-Apr-2026 14:27:33 America/Santo_Domingo] PHP   3. session_start() C:\wamp64\www\PLATAFORMA_INTEGRADA\backend\Autenticacion.php:14
[28-Apr-2026 14:27:56 America/Santo_Domingo] PHP Notice:  session_start(): Ignoring session_start() because a session is already active (started from C:\wamp64\www\PLATAFORMA_INTEGRADA\backend\api\actividad.php on line 19) in C:\wamp64\www\PLATAFORMA_INTEGRADA\backend\Autenticacion.php on line 14
[28-Apr-2026 14:27:56 America/Santo_Domingo] PHP Stack trace:
[28-Apr-2026 14:27:56 America/Santo_Domingo] PHP   1. {main}() C:\wamp64\www\PLATAFORMA_INTEGRADA\backend\api\actividad.php:0
[28-Apr-2026 14:27:56 America/Santo_Domingo] PHP   2. Autenticacion->__construct() C:\wamp64\www\PLATAFORMA_INTEGRADA\backend\api\actividad.php:21
[28-Apr-2026 14:27:56 America/Santo_Domingo] PHP   3. session_start() C:\wamp64\www\PLATAFORMA_INTEGRADA\backend\Autenticacion.php:14
[28-Apr-2026 15:20:02 America/Santo_Domingo] PHP Notice:  session_start(): Ignoring session_start() because a session is already active (started from C:\wamp64\www\PLATAFORMA_INTEGRADA\backend\api\actividad.php on line 19) in C:\wamp64\www\PLATAFORMA_INTEGRADA\backend\Autenticacion.php on line 14
[28-Apr-2026 15:20:02 America/Santo_Domingo] PHP Stack trace:
[28-Apr-2026 15:20:02 America/Santo_Domingo] PHP   1. {main}() C:\wamp64\www\PLATAFORMA_INTEGRADA\backend\api\actividad.php:0
[28-Apr-2026 15:20:02 America/Santo_Domingo] PHP   2. Autenticacion->__construct() C:\wamp64\www\PLATAFORMA_INTEGRADA\backend\api\actividad.php:21
[28-Apr-2026 15:20:02 America/Santo_Domingo] PHP   3. session_start() C:\wamp64\www\PLATAFORMA_INTEGRADA\backend\Autenticacion.php:14
[28-Apr-2026 15:20:40 America/Santo_Domingo] PHP Notice:  session_start(): Ignoring session_start() because a session is already active (started from C:\wamp64\www\PLATAFORMA_INTEGRADA\backend\api\actividad.php on line 19) in C:\wamp64\www\PLATAFORMA_INTEGRADA\backend\Autenticacion.php on line 14
[28-Apr-2026 15:20:40 America/Santo_Domingo] PHP Stack trace:
[28-Apr-2026 15:20:40 America/Santo_Domingo] PHP   1. {main}() C:\wamp64\www\PLATAFORMA_INTEGRADA\backend\api\actividad.php:0
[28-Apr-2026 15:20:40 America/Santo_Domingo] PHP   2. Autenticacion->__construct() C:\wamp64\www\PLATAFORMA_INTEGRADA\backend\api\actividad.php:21
[28-Apr-2026 15:20:40 America/Santo_Domingo] PHP   3. session_start() C:\wamp64\www\PLATAFORMA_INTEGRADA\backend\Autenticacion.php:14
[28-Apr-2026 15:22:48 America/Santo_Domingo] PHP Notice:  session_start(): Ignoring session_start() because a session is already active (started from C:\wamp64\www\PLATAFORMA_INTEGRADA\backend\api\actividad.php on line 19) in C:\wamp64\www\PLATAFORMA_INTEGRADA\backend\Autenticacion.php on line 14
[28-Apr-2026 15:22:48 America/Santo_Domingo] PHP Stack trace:
[28-Apr-2026 15:22:48 America/Santo_Domingo] PHP   1. {main}() C:\wamp64\www\PLATAFORMA_INTEGRADA\backend\api\actividad.php:0
[28-Apr-2026 15:22:48 America/Santo_Domingo] PHP   2. Autenticacion->__construct() C:\wamp64\www\PLATAFORMA_INTEGRADA\backend\api\actividad.php:21
[28-Apr-2026 15:22:48 America/Santo_Domingo] PHP   3. session_start() C:\wamp64\www\PLATAFORMA_INTEGRADA\backend\Autenticacion.php:14
[28-Apr-2026 15:22:53 America/Santo_Domingo] PHP Notice:  session_start(): Ignoring session_start() because a session is already active (started from C:\wamp64\www\PLATAFORMA_INTEGRADA\backend\api\actividad.php on line 19) in C:\wamp64\www\PLATAFORMA_INTEGRADA\backend\Autenticacion.php on line 14
[28-Apr-2026 15:22:53 America/Santo_Domingo] PHP Stack trace:
[28-Apr-2026 15:22:53 America/Santo_Domingo] PHP   1. {main}() C:\wamp64\www\PLATAFORMA_INTEGRADA\backend\api\actividad.php:0
[28-Apr-2026 15:22:53 America/Santo_Domingo] PHP   2. Autenticacion->__construct() C:\wamp64\www\PLATAFORMA_INTEGRADA\backend\api\actividad.php:21
[28-Apr-2026 15:22:53 America/Santo_Domingo] PHP   3. session_start() C:\wamp64\www\PLATAFORMA_INTEGRADA\backend\Autenticacion.php:14
[28-Apr-2026 15:23:04 America/Santo_Domingo] PHP Notice:  session_start(): Ignoring session_start() because a session is already active (started from C:\wamp64\www\PLATAFORMA_INTEGRADA\backend\api\actividad.php on line 19) in C:\wamp64\www\PLATAFORMA_INTEGRADA\backend\Autenticacion.php on line 14
[28-Apr-2026 15:23:04 America/Santo_Domingo] PHP Stack trace:
[28-Apr-2026 15:23:04 America/Santo_Domingo] PHP   1. {main}() C:\wamp64\www\PLATAFORMA_INTEGRADA\backend\api\actividad.php:0
[28-Apr-2026 15:23:04 America/Santo_Domingo] PHP   2. Autenticacion->__construct() C:\wamp64\www\PLATAFORMA_INTEGRADA\backend\api\actividad.php:21
[28-Apr-2026 15:23:04 America/Santo_Domingo] PHP   3. session_start() C:\wamp64\www\PLATAFORMA_INTEGRADA\backend\Autenticacion.php:14
[28-Apr-2026 16:36:56 America/Santo_Domingo] PHP Notice:  session_start(): Ignoring session_start() because a session is already active (started from C:\wamp64\www\PLATAFORMA_INTEGRADA\backend\api\actividad.php on line 19) in C:\wamp64\www\PLATAFORMA_INTEGRADA\backend\Autenticacion.php on line 14
[28-Apr-2026 16:36:56 America/Santo_Domingo] PHP Stack trace:
[28-Apr-2026 16:36:56 America/Santo_Domingo] PHP   1. {main}() C:\wamp64\www\PLATAFORMA_INTEGRADA\backend\api\actividad.php:0
[28-Apr-2026 16:36:56 America/Santo_Domingo] PHP   2. Autenticacion->__construct() C:\wamp64\www\PLATAFORMA_INTEGRADA\backend\api\actividad.php:21
[28-Apr-2026 16:36:56 America/Santo_Domingo] PHP   3. session_start() C:\wamp64\www\PLATAFORMA_INTEGRADA\backend\Autenticacion.php:14
[28-Apr-2026 16:36:59 America/Santo_Domingo] PHP Notice:  session_start(): Ignoring session_start() because a session is already active (started from C:\wamp64\www\PLATAFORMA_INTEGRADA\backend\api\actividad.php on line 19) in C:\wamp64\www\PLATAFORMA_INTEGRADA\backend\Autenticacion.php on line 14
[28-Apr-2026 16:36:59 America/Santo_Domingo] PHP Stack trace:
[28-Apr-2026 16:36:59 America/Santo_Domingo] PHP   1. {main}() C:\wamp64\www\PLATAFORMA_INTEGRADA\backend\api\actividad.php:0
[28-Apr-2026 16:36:59 America/Santo_Domingo] PHP   2. Autenticacion->__construct() C:\wamp64\www\PLATAFORMA_INTEGRADA\backend\api\actividad.php:21
[28-Apr-2026 16:36:59 America/Santo_Domingo] PHP   3. session_start() C:\wamp64\www\PLATAFORMA_INTEGRADA\backend\Autenticacion.php:14
[28-Apr-2026 16:37:01 America/Santo_Domingo] PHP Notice:  session_start(): Ignoring session_start() because a session is already active (started from C:\wamp64\www\PLATAFORMA_INTEGRADA\backend\api\actividad.php on line 19) in C:\wamp64\www\PLATAFORMA_INTEGRADA\backend\Autenticacion.php on line 14
[28-Apr-2026 16:37:01 America/Santo_Domingo] PHP Stack trace:
[28-Apr-2026 16:37:01 America/Santo_Domingo] PHP   1. {main}() C:\wamp64\www\PLATAFORMA_INTEGRADA\backend\api\actividad.php:0
[28-Apr-2026 16:37:01 America/Santo_Domingo] PHP   2. Autenticacion->__construct() C:\wamp64\www\PLATAFORMA_INTEGRADA\backend\api\actividad.php:21
[28-Apr-2026 16:37:01 America/Santo_Domingo] PHP   3. session_start() C:\wamp64\www\PLATAFORMA_INTEGRADA\backend\Autenticacion.php:14
[28-Apr-2026 16:39:23 America/Santo_Domingo] PHP Notice:  session_start(): Ignoring session_start() because a session is already active (started from C:\wamp64\www\PLATAFORMA_INTEGRADA\backend\api\actividad.php on line 19) in C:\wamp64\www\PLATAFORMA_INTEGRADA\backend\Autenticacion.php on line 14
[28-Apr-2026 16:39:23 America/Santo_Domingo] PHP Stack trace:
[28-Apr-2026 16:39:23 America/Santo_Domingo] PHP   1. {main}() C:\wamp64\www\PLATAFORMA_INTEGRADA\backend\api\actividad.php:0
[28-Apr-2026 16:39:23 America/Santo_Domingo] PHP   2. Autenticacion->__construct() C:\wamp64\www\PLATAFORMA_INTEGRADA\backend\api\actividad.php:21
[28-Apr-2026 16:39:23 America/Santo_Domingo] PHP   3. session_start() C:\wamp64\www\PLATAFORMA_INTEGRADA\backend\Autenticacion.php:14
[28-Apr-2026 16:39:52 America/Santo_Domingo] PHP Notice:  session_start(): Ignoring session_start() because a session is already active (started from C:\wamp64\www\PLATAFORMA_INTEGRADA\backend\api\actividad.php on line 19) in C:\wamp64\www\PLATAFORMA_INTEGRADA\backend\Autenticacion.php on line 14
[28-Apr-2026 16:39:52 America/Santo_Domingo] PHP Stack trace:
[28-Apr-2026 16:39:52 America/Santo_Domingo] PHP   1. {main}() C:\wamp64\www\PLATAFORMA_INTEGRADA\backend\api\actividad.php:0
[28-Apr-2026 16:39:52 America/Santo_Domingo] PHP   2. Autenticacion->__construct() C:\wamp64\www\PLATAFORMA_INTEGRADA\backend\api\actividad.php:21
[28-Apr-2026 16:39:52 America/Santo_Domingo] PHP   3. session_start() C:\wamp64\www\PLATAFORMA_INTEGRADA\backend\Autenticacion.php:14
[28-Apr-2026 16:40:15 America/Santo_Domingo] PHP Notice:  session_start(): Ignoring session_start() because a session is already active (started from C:\wamp64\www\PLATAFORMA_INTEGRADA\backend\api\actividad.php on line 19) in C:\wamp64\www\PLATAFORMA_INTEGRADA\backend\Autenticacion.php on line 14
[28-Apr-2026 16:40:15 America/Santo_Domingo] PHP Stack trace:
[28-Apr-2026 16:40:15 America/Santo_Domingo] PHP   1. {main}() C:\wamp64\www\PLATAFORMA_INTEGRADA\backend\api\actividad.php:0
[28-Apr-2026 16:40:15 America/Santo_Domingo] PHP   2. Autenticacion->__construct() C:\wamp64\www\PLATAFORMA_INTEGRADA\backend\api\actividad.php:21
[28-Apr-2026 16:40:15 America/Santo_Domingo] PHP   3. session_start() C:\wamp64\www\PLATAFORMA_INTEGRADA\backend\Autenticacion.php:14
[28-Apr-2026 16:51:00 America/Santo_Domingo] PHP Notice:  session_start(): Ignoring session_start() because a session is already active (started from C:\wamp64\www\PLATAFORMA_INTEGRADA\backend\api\actividad.php on line 19) in C:\wamp64\www\PLATAFORMA_INTEGRADA\backend\Autenticacion.php on line 14
[28-Apr-2026 16:51:00 America/Santo_Domingo] PHP Stack trace:
[28-Apr-2026 16:51:00 America/Santo_Domingo] PHP   1. {main}() C:\wamp64\www\PLATAFORMA_INTEGRADA\backend\api\actividad.php:0
[28-Apr-2026 16:51:00 America/Santo_Domingo] PHP   2. Autenticacion->__construct() C:\wamp64\www\PLATAFORMA_INTEGRADA\backend\api\actividad.php:21
[28-Apr-2026 16:51:00 America/Santo_Domingo] PHP   3. session_start() C:\wamp64\www\PLATAFORMA_INTEGRADA\backend\Autenticacion.php:14
[28-Apr-2026 16:51:01 America/Santo_Domingo] PHP Notice:  session_start(): Ignoring session_start() because a session is already active (started from C:\wamp64\www\PLATAFORMA_INTEGRADA\backend\api\actividad.php on line 19) in C:\wamp64\www\PLATAFORMA_INTEGRADA\backend\Autenticacion.php on line 14
[28-Apr-2026 16:51:01 America/Santo_Domingo] PHP Stack trace:
[28-Apr-2026 16:51:01 America/Santo_Domingo] PHP   1. {main}() C:\wamp64\www\PLATAFORMA_INTEGRADA\backend\api\actividad.php:0
[28-Apr-2026 16:51:01 America/Santo_Domingo] PHP   2. Autenticacion->__construct() C:\wamp64\www\PLATAFORMA_INTEGRADA\backend\api\actividad.php:21
[28-Apr-2026 16:51:01 America/Santo_Domingo] PHP   3. session_start() C:\wamp64\www\PLATAFORMA_INTEGRADA\backend\Autenticacion.php:14
[28-Apr-2026 16:51:02 America/Santo_Domingo] PHP Notice:  session_start(): Ignoring session_start() because a session is already active (started from C:\wamp64\www\PLATAFORMA_INTEGRADA\backend\api\actividad.php on line 19) in C:\wamp64\www\PLATAFORMA_INTEGRADA\backend\Autenticacion.php on line 14
[28-Apr-2026 16:51:02 America/Santo_Domingo] PHP Stack trace:
[28-Apr-2026 16:51:02 America/Santo_Domingo] PHP   1. {main}() C:\wamp64\www\PLATAFORMA_INTEGRADA\backend\api\actividad.php:0
[28-Apr-2026 16:51:02 America/Santo_Domingo] PHP   2. Autenticacion->__construct() C:\wamp64\www\PLATAFORMA_INTEGRADA\backend\api\actividad.php:21
[28-Apr-2026 16:51:02 America/Santo_Domingo] PHP   3. session_start() C:\wamp64\www\PLATAFORMA_INTEGRADA\backend\Autenticacion.php:14
[28-Apr-2026 16:51:05 America/Santo_Domingo] PHP Notice:  session_start(): Ignoring session_start() because a session is already active (started from C:\wamp64\www\PLATAFORMA_INTEGRADA\backend\api\actividad.php on line 19) in C:\wamp64\www\PLATAFORMA_INTEGRADA\backend\Autenticacion.php on line 14
[28-Apr-2026 16:51:05 America/Santo_Domingo] PHP Stack trace:
[28-Apr-2026 16:51:05 America/Santo_Domingo] PHP   1. {main}() C:\wamp64\www\PLATAFORMA_INTEGRADA\backend\api\actividad.php:0
[28-Apr-2026 16:51:05 America/Santo_Domingo] PHP   2. Autenticacion->__construct() C:\wamp64\www\PLATAFORMA_INTEGRADA\backend\api\actividad.php:21
[28-Apr-2026 16:51:05 America/Santo_Domingo] PHP   3. session_start() C:\wamp64\www\PLATAFORMA_INTEGRADA\backend\Autenticacion.php:14
[28-Apr-2026 18:17:39 America/Santo_Domingo] PHP Notice:  session_start(): Ignoring session_start() because a session is already active (started from C:\wamp64\www\PLATAFORMA_INTEGRADA\backend\api\actividad.php on line 19) in C:\wamp64\www\PLATAFORMA_INTEGRADA\backend\Autenticacion.php on line 14
[28-Apr-2026 18:17:39 America/Santo_Domingo] PHP Stack trace:
[28-Apr-2026 18:17:39 America/Santo_Domingo] PHP   1. {main}() C:\wamp64\www\PLATAFORMA_INTEGRADA\backend\api\actividad.php:0
[28-Apr-2026 18:17:39 America/Santo_Domingo] PHP   2. Autenticacion->__construct() C:\wamp64\www\PLATAFORMA_INTEGRADA\backend\api\actividad.php:21
[28-Apr-2026 18:17:39 America/Santo_Domingo] PHP   3. session_start() C:\wamp64\www\PLATAFORMA_INTEGRADA\backend\Autenticacion.php:14
[28-Apr-2026 18:17:43 America/Santo_Domingo] PHP Notice:  session_start(): Ignoring session_start() because a session is already active (started from C:\wamp64\www\PLATAFORMA_INTEGRADA\backend\api\actividad.php on line 19) in C:\wamp64\www\PLATAFORMA_INTEGRADA\backend\Autenticacion.php on line 14
[28-Apr-2026 18:17:43 America/Santo_Domingo] PHP Stack trace:
[28-Apr-2026 18:17:43 America/Santo_Domingo] PHP   1. {main}() C:\wamp64\www\PLATAFORMA_INTEGRADA\backend\api\actividad.php:0
[28-Apr-2026 18:17:43 America/Santo_Domingo] PHP   2. Autenticacion->__construct() C:\wamp64\www\PLATAFORMA_INTEGRADA\backend\api\actividad.php:21
[28-Apr-2026 18:17:43 America/Santo_Domingo] PHP   3. session_start() C:\wamp64\www\PLATAFORMA_INTEGRADA\backend\Autenticacion.php:14
[28-Apr-2026 18:20:59 America/Santo_Domingo] PHP Notice:  session_start(): Ignoring session_start() because a session is already active (started from C:\wamp64\www\PLATAFORMA_INTEGRADA\backend\api\actividad.php on line 19) in C:\wamp64\www\PLATAFORMA_INTEGRADA\backend\Autenticacion.php on line 14
[28-Apr-2026 18:20:59 America/Santo_Domingo] PHP Stack trace:
[28-Apr-2026 18:20:59 America/Santo_Domingo] PHP   1. {main}() C:\wamp64\www\PLATAFORMA_INTEGRADA\backend\api\actividad.php:0
[28-Apr-2026 18:20:59 America/Santo_Domingo] PHP   2. Autenticacion->__construct() C:\wamp64\www\PLATAFORMA_INTEGRADA\backend\api\actividad.php:21
[28-Apr-2026 18:20:59 America/Santo_Domingo] PHP   3. session_start() C:\wamp64\www\PLATAFORMA_INTEGRADA\backend\Autenticacion.php:14
[28-Apr-2026 18:21:17 America/Santo_Domingo] PHP Notice:  session_start(): Ignoring session_start() because a session is already active (started from C:\wamp64\www\PLATAFORMA_INTEGRADA\backend\api\actividad.php on line 19) in C:\wamp64\www\PLATAFORMA_INTEGRADA\backend\Autenticacion.php on line 14
[28-Apr-2026 18:21:17 America/Santo_Domingo] PHP Stack trace:
[28-Apr-2026 18:21:17 America/Santo_Domingo] PHP   1. {main}() C:\wamp64\www\PLATAFORMA_INTEGRADA\backend\api\actividad.php:0
[28-Apr-2026 18:21:17 America/Santo_Domingo] PHP   2. Autenticacion->__construct() C:\wamp64\www\PLATAFORMA_INTEGRADA\backend\api\actividad.php:21
[28-Apr-2026 18:21:17 America/Santo_Domingo] PHP   3. session_start() C:\wamp64\www\PLATAFORMA_INTEGRADA\backend\Autenticacion.php:14
[28-Apr-2026 19:13:11 America/Santo_Domingo] PHP Notice:  session_start(): Ignoring session_start() because a session is already active (started from C:\wamp64\www\PLATAFORMA_INTEGRADA\backend\api\actividad.php on line 19) in C:\wamp64\www\PLATAFORMA_INTEGRADA\backend\Autenticacion.php on line 14
[28-Apr-2026 19:13:11 America/Santo_Domingo] PHP Stack trace:
[28-Apr-2026 19:13:11 America/Santo_Domingo] PHP   1. {main}() C:\wamp64\www\PLATAFORMA_INTEGRADA\backend\api\actividad.php:0
[28-Apr-2026 19:13:11 America/Santo_Domingo] PHP   2. Autenticacion->__construct() C:\wamp64\www\PLATAFORMA_INTEGRADA\backend\api\actividad.php:21
[28-Apr-2026 19:13:11 America/Santo_Domingo] PHP   3. session_start() C:\wamp64\www\PLATAFORMA_INTEGRADA\backend\Autenticacion.php:14
[28-Apr-2026 19:13:21 America/Santo_Domingo] PHP Notice:  session_start(): Ignoring session_start() because a session is already active (started from C:\wamp64\www\PLATAFORMA_INTEGRADA\backend\api\actividad.php on line 19) in C:\wamp64\www\PLATAFORMA_INTEGRADA\backend\Autenticacion.php on line 14
[28-Apr-2026 19:13:21 America/Santo_Domingo] PHP Stack trace:
[28-Apr-2026 19:13:21 America/Santo_Domingo] PHP   1. {main}() C:\wamp64\www\PLATAFORMA_INTEGRADA\backend\api\actividad.php:0
[28-Apr-2026 19:13:21 America/Santo_Domingo] PHP   2. Autenticacion->__construct() C:\wamp64\www\PLATAFORMA_INTEGRADA\backend\api\actividad.php:21
[28-Apr-2026 19:13:21 America/Santo_Domingo] PHP   3. session_start() C:\wamp64\www\PLATAFORMA_INTEGRADA\backend\Autenticacion.php:14
[28-Apr-2026 19:54:44 America/Santo_Domingo] PHP Notice:  session_start(): Ignoring session_start() because a session is already active (started from C:\wamp64\www\PLATAFORMA_INTEGRADA\backend\api\actividad.php on line 19) in C:\wamp64\www\PLATAFORMA_INTEGRADA\backend\Autenticacion.php on line 14
[28-Apr-2026 19:54:44 America/Santo_Domingo] PHP Stack trace:
[28-Apr-2026 19:54:44 America/Santo_Domingo] PHP   1. {main}() C:\wamp64\www\PLATAFORMA_INTEGRADA\backend\api\actividad.php:0
[28-Apr-2026 19:54:44 America/Santo_Domingo] PHP   2. Autenticacion->__construct() C:\wamp64\www\PLATAFORMA_INTEGRADA\backend\api\actividad.php:21
[28-Apr-2026 19:54:44 America/Santo_Domingo] PHP   3. session_start() C:\wamp64\www\PLATAFORMA_INTEGRADA\backend\Autenticacion.php:14
[28-Apr-2026 19:54:44 America/Santo_Domingo] PHP Notice:  session_start(): Ignoring session_start() because a session is already active (started from C:\wamp64\www\PLATAFORMA_INTEGRADA\backend\api\actividad.php on line 19) in C:\wamp64\www\PLATAFORMA_INTEGRADA\backend\Autenticacion.php on line 14
[28-Apr-2026 19:54:44 America/Santo_Domingo] PHP Stack trace:
[28-Apr-2026 19:54:44 America/Santo_Domingo] PHP   1. {main}() C:\wamp64\www\PLATAFORMA_INTEGRADA\backend\api\actividad.php:0
[28-Apr-2026 19:54:44 America/Santo_Domingo] PHP   2. Autenticacion->__construct() C:\wamp64\www\PLATAFORMA_INTEGRADA\backend\api\actividad.php:21
[28-Apr-2026 19:54:44 America/Santo_Domingo] PHP   3. session_start() C:\wamp64\www\PLATAFORMA_INTEGRADA\backend\Autenticacion.php:14
[28-Apr-2026 19:54:59 America/Santo_Domingo] PHP Notice:  session_start(): Ignoring session_start() because a session is already active (started from C:\wamp64\www\PLATAFORMA_INTEGRADA\backend\api\actividad.php on line 19) in C:\wamp64\www\PLATAFORMA_INTEGRADA\backend\Autenticacion.php on line 14
[28-Apr-2026 19:54:59 America/Santo_Domingo] PHP Stack trace:
[28-Apr-2026 19:54:59 America/Santo_Domingo] PHP   1. {main}() C:\wamp64\www\PLATAFORMA_INTEGRADA\backend\api\actividad.php:0
[28-Apr-2026 19:54:59 America/Santo_Domingo] PHP   2. Autenticacion->__construct() C:\wamp64\www\PLATAFORMA_INTEGRADA\backend\api\actividad.php:21
[28-Apr-2026 19:54:59 America/Santo_Domingo] PHP   3. session_start() C:\wamp64\www\PLATAFORMA_INTEGRADA\backend\Autenticacion.php:14
[28-Apr-2026 19:55:00 America/Santo_Domingo] PHP Notice:  session_start(): Ignoring session_start() because a session is already active (started from C:\wamp64\www\PLATAFORMA_INTEGRADA\backend\api\actividad.php on line 19) in C:\wamp64\www\PLATAFORMA_INTEGRADA\backend\Autenticacion.php on line 14
[28-Apr-2026 19:55:00 America/Santo_Domingo] PHP Stack trace:
[28-Apr-2026 19:55:00 America/Santo_Domingo] PHP   1. {main}() C:\wamp64\www\PLATAFORMA_INTEGRADA\backend\api\actividad.php:0
[28-Apr-2026 19:55:00 America/Santo_Domingo] PHP   2. Autenticacion->__construct() C:\wamp64\www\PLATAFORMA_INTEGRADA\backend\api\actividad.php:21
[28-Apr-2026 19:55:00 America/Santo_Domingo] PHP   3. session_start() C:\wamp64\www\PLATAFORMA_INTEGRADA\backend\Autenticacion.php:14
[28-Apr-2026 19:57:21 America/Santo_Domingo] PHP Notice:  session_start(): Ignoring session_start() because a session is already active (started from C:\wamp64\www\PLATAFORMA_INTEGRADA\backend\api\actividad.php on line 19) in C:\wamp64\www\PLATAFORMA_INTEGRADA\backend\Autenticacion.php on line 14
[28-Apr-2026 19:57:21 America/Santo_Domingo] PHP Stack trace:
[28-Apr-2026 19:57:21 America/Santo_Domingo] PHP   1. {main}() C:\wamp64\www\PLATAFORMA_INTEGRADA\backend\api\actividad.php:0
[28-Apr-2026 19:57:21 America/Santo_Domingo] PHP   2. Autenticacion->__construct() C:\wamp64\www\PLATAFORMA_INTEGRADA\backend\api\actividad.php:21
[28-Apr-2026 19:57:21 America/Santo_Domingo] PHP   3. session_start() C:\wamp64\www\PLATAFORMA_INTEGRADA\backend\Autenticacion.php:14
[28-Apr-2026 19:57:28 America/Santo_Domingo] PHP Notice:  session_start(): Ignoring session_start() because a session is already active (started from C:\wamp64\www\PLATAFORMA_INTEGRADA\backend\api\actividad.php on line 19) in C:\wamp64\www\PLATAFORMA_INTEGRADA\backend\Autenticacion.php on line 14
[28-Apr-2026 19:57:28 America/Santo_Domingo] PHP Stack trace:
[28-Apr-2026 19:57:28 America/Santo_Domingo] PHP   1. {main}() C:\wamp64\www\PLATAFORMA_INTEGRADA\backend\api\actividad.php:0
[28-Apr-2026 19:57:28 America/Santo_Domingo] PHP   2. Autenticacion->__construct() C:\wamp64\www\PLATAFORMA_INTEGRADA\backend\api\actividad.php:21
[28-Apr-2026 19:57:28 America/Santo_Domingo] PHP   3. session_start() C:\wamp64\www\PLATAFORMA_INTEGRADA\backend\Autenticacion.php:14
[28-Apr-2026 19:57:35 America/Santo_Domingo] PHP Notice:  session_start(): Ignoring session_start() because a session is already active (started from C:\wamp64\www\PLATAFORMA_INTEGRADA\backend\api\actividad.php on line 19) in C:\wamp64\www\PLATAFORMA_INTEGRADA\backend\Autenticacion.php on line 14
[28-Apr-2026 19:57:35 America/Santo_Domingo] PHP Stack trace:
[28-Apr-2026 19:57:35 America/Santo_Domingo] PHP   1. {main}() C:\wamp64\www\PLATAFORMA_INTEGRADA\backend\api\actividad.php:0
[28-Apr-2026 19:57:35 America/Santo_Domingo] PHP   2. Autenticacion->__construct() C:\wamp64\www\PLATAFORMA_INTEGRADA\backend\api\actividad.php:21
[28-Apr-2026 19:57:35 America/Santo_Domingo] PHP   3. session_start() C:\wamp64\www\PLATAFORMA_INTEGRADA\backend\Autenticacion.php:14
[28-Apr-2026 19:58:01 America/Santo_Domingo] PHP Notice:  session_start(): Ignoring session_start() because a session is already active (started from C:\wamp64\www\PLATAFORMA_INTEGRADA\backend\api\actividad.php on line 19) in C:\wamp64\www\PLATAFORMA_INTEGRADA\backend\Autenticacion.php on line 14
[28-Apr-2026 19:58:01 America/Santo_Domingo] PHP Stack trace:
[28-Apr-2026 19:58:01 America/Santo_Domingo] PHP   1. {main}() C:\wamp64\www\PLATAFORMA_INTEGRADA\backend\api\actividad.php:0
[28-Apr-2026 19:58:01 America/Santo_Domingo] PHP   2. Autenticacion->__construct() C:\wamp64\www\PLATAFORMA_INTEGRADA\backend\api\actividad.php:21
[28-Apr-2026 19:58:01 America/Santo_Domingo] PHP   3. session_start() C:\wamp64\www\PLATAFORMA_INTEGRADA\backend\Autenticacion.php:14
[28-Apr-2026 19:58:14 America/Santo_Domingo] PHP Notice:  session_start(): Ignoring session_start() because a session is already active (started from C:\wamp64\www\PLATAFORMA_INTEGRADA\backend\api\actividad.php on line 19) in C:\wamp64\www\PLATAFORMA_INTEGRADA\backend\Autenticacion.php on line 14
[28-Apr-2026 19:58:14 America/Santo_Domingo] PHP Stack trace:
[28-Apr-2026 19:58:14 America/Santo_Domingo] PHP   1. {main}() C:\wamp64\www\PLATAFORMA_INTEGRADA\backend\api\actividad.php:0
[28-Apr-2026 19:58:14 America/Santo_Domingo] PHP   2. Autenticacion->__construct() C:\wamp64\www\PLATAFORMA_INTEGRADA\backend\api\actividad.php:21
[28-Apr-2026 19:58:14 America/Santo_Domingo] PHP   3. session_start() C:\wamp64\www\PLATAFORMA_INTEGRADA\backend\Autenticacion.php:14
[28-Apr-2026 19:58:37 America/Santo_Domingo] PHP Notice:  session_start(): Ignoring session_start() because a session is already active (started from C:\wamp64\www\PLATAFORMA_INTEGRADA\backend\api\actividad.php on line 19) in C:\wamp64\www\PLATAFORMA_INTEGRADA\backend\Autenticacion.php on line 14
[28-Apr-2026 19:58:37 America/Santo_Domingo] PHP Stack trace:
[28-Apr-2026 19:58:37 America/Santo_Domingo] PHP   1. {main}() C:\wamp64\www\PLATAFORMA_INTEGRADA\backend\api\actividad.php:0
[28-Apr-2026 19:58:37 America/Santo_Domingo] PHP   2. Autenticacion->__construct() C:\wamp64\www\PLATAFORMA_INTEGRADA\backend\api\actividad.php:21
[28-Apr-2026 19:58:37 America/Santo_Domingo] PHP   3. session_start() C:\wamp64\www\PLATAFORMA_INTEGRADA\backend\Autenticacion.php:14
[28-Apr-2026 19:59:18 America/Santo_Domingo] PHP Notice:  session_start(): Ignoring session_start() because a session is already active (started from C:\wamp64\www\PLATAFORMA_INTEGRADA\backend\api\actividad.php on line 19) in C:\wamp64\www\PLATAFORMA_INTEGRADA\backend\Autenticacion.php on line 14
[28-Apr-2026 19:59:18 America/Santo_Domingo] PHP Stack trace:
[28-Apr-2026 19:59:18 America/Santo_Domingo] PHP   1. {main}() C:\wamp64\www\PLATAFORMA_INTEGRADA\backend\api\actividad.php:0
[28-Apr-2026 19:59:18 America/Santo_Domingo] PHP   2. Autenticacion->__construct() C:\wamp64\www\PLATAFORMA_INTEGRADA\backend\api\actividad.php:21
[28-Apr-2026 19:59:18 America/Santo_Domingo] PHP   3. session_start() C:\wamp64\www\PLATAFORMA_INTEGRADA\backend\Autenticacion.php:14
[28-Apr-2026 19:59:52 America/Santo_Domingo] PHP Notice:  session_start(): Ignoring session_start() because a session is already active (started from C:\wamp64\www\PLATAFORMA_INTEGRADA\backend\api\actividad.php on line 19) in C:\wamp64\www\PLATAFORMA_INTEGRADA\backend\Autenticacion.php on line 14
[28-Apr-2026 19:59:52 America/Santo_Domingo] PHP Stack trace:
[28-Apr-2026 19:59:52 America/Santo_Domingo] PHP   1. {main}() C:\wamp64\www\PLATAFORMA_INTEGRADA\backend\api\actividad.php:0
[28-Apr-2026 19:59:52 America/Santo_Domingo] PHP   2. Autenticacion->__construct() C:\wamp64\www\PLATAFORMA_INTEGRADA\backend\api\actividad.php:21
[28-Apr-2026 19:59:52 America/Santo_Domingo] PHP   3. session_start() C:\wamp64\www\PLATAFORMA_INTEGRADA\backend\Autenticacion.php:14
[28-Apr-2026 19:59:53 America/Santo_Domingo] PHP Notice:  session_start(): Ignoring session_start() because a session is already active (started from C:\wamp64\www\PLATAFORMA_INTEGRADA\backend\api\actividad.php on line 19) in C:\wamp64\www\PLATAFORMA_INTEGRADA\backend\Autenticacion.php on line 14
[28-Apr-2026 19:59:53 America/Santo_Domingo] PHP Stack trace:
[28-Apr-2026 19:59:53 America/Santo_Domingo] PHP   1. {main}() C:\wamp64\www\PLATAFORMA_INTEGRADA\backend\api\actividad.php:0
[28-Apr-2026 19:59:53 America/Santo_Domingo] PHP   2. Autenticacion->__construct() C:\wamp64\www\PLATAFORMA_INTEGRADA\backend\api\actividad.php:21
[28-Apr-2026 19:59:53 America/Santo_Domingo] PHP   3. session_start() C:\wamp64\www\PLATAFORMA_INTEGRADA\backend\Autenticacion.php:14
[28-Apr-2026 19:59:54 America/Santo_Domingo] PHP Notice:  session_start(): Ignoring session_start() because a session is already active (started from C:\wamp64\www\PLATAFORMA_INTEGRADA\backend\api\actividad.php on line 19) in C:\wamp64\www\PLATAFORMA_INTEGRADA\backend\Autenticacion.php on line 14
[28-Apr-2026 19:59:54 America/Santo_Domingo] PHP Stack trace:
[28-Apr-2026 19:59:54 America/Santo_Domingo] PHP   1. {main}() C:\wamp64\www\PLATAFORMA_INTEGRADA\backend\api\actividad.php:0
[28-Apr-2026 19:59:54 America/Santo_Domingo] PHP   2. Autenticacion->__construct() C:\wamp64\www\PLATAFORMA_INTEGRADA\backend\api\actividad.php:21
[28-Apr-2026 19:59:54 America/Santo_Domingo] PHP   3. session_start() C:\wamp64\www\PLATAFORMA_INTEGRADA\backend\Autenticacion.php:14
[28-Apr-2026 19:59:55 America/Santo_Domingo] PHP Notice:  session_start(): Ignoring session_start() because a session is already active (started from C:\wamp64\www\PLATAFORMA_INTEGRADA\backend\api\actividad.php on line 19) in C:\wamp64\www\PLATAFORMA_INTEGRADA\backend\Autenticacion.php on line 14
[28-Apr-2026 19:59:55 America/Santo_Domingo] PHP Stack trace:
[28-Apr-2026 19:59:55 America/Santo_Domingo] PHP   1. {main}() C:\wamp64\www\PLATAFORMA_INTEGRADA\backend\api\actividad.php:0
[28-Apr-2026 19:59:55 America/Santo_Domingo] PHP   2. Autenticacion->__construct() C:\wamp64\www\PLATAFORMA_INTEGRADA\backend\api\actividad.php:21
[28-Apr-2026 19:59:55 America/Santo_Domingo] PHP   3. session_start() C:\wamp64\www\PLATAFORMA_INTEGRADA\backend\Autenticacion.php:14
[28-Apr-2026 19:59:58 America/Santo_Domingo] PHP Notice:  session_start(): Ignoring session_start() because a session is already active (started from C:\wamp64\www\PLATAFORMA_INTEGRADA\backend\api\actividad.php on line 19) in C:\wamp64\www\PLATAFORMA_INTEGRADA\backend\Autenticacion.php on line 14
[28-Apr-2026 19:59:58 America/Santo_Domingo] PHP Stack trace:
[28-Apr-2026 19:59:58 America/Santo_Domingo] PHP   1. {main}() C:\wamp64\www\PLATAFORMA_INTEGRADA\backend\api\actividad.php:0
[28-Apr-2026 19:59:58 America/Santo_Domingo] PHP   2. Autenticacion->__construct() C:\wamp64\www\PLATAFORMA_INTEGRADA\backend\api\actividad.php:21
[28-Apr-2026 19:59:58 America/Santo_Domingo] PHP   3. session_start() C:\wamp64\www\PLATAFORMA_INTEGRADA\backend\Autenticacion.php:14
[28-Apr-2026 20:00:01 America/Santo_Domingo] PHP Notice:  session_start(): Ignoring session_start() because a session is already active (started from C:\wamp64\www\PLATAFORMA_INTEGRADA\backend\api\actividad.php on line 19) in C:\wamp64\www\PLATAFORMA_INTEGRADA\backend\Autenticacion.php on line 14
[28-Apr-2026 20:00:01 America/Santo_Domingo] PHP Stack trace:
[28-Apr-2026 20:00:01 America/Santo_Domingo] PHP   1. {main}() C:\wamp64\www\PLATAFORMA_INTEGRADA\backend\api\actividad.php:0
[28-Apr-2026 20:00:01 America/Santo_Domingo] PHP   2. Autenticacion->__construct() C:\wamp64\www\PLATAFORMA_INTEGRADA\backend\api\actividad.php:21
[28-Apr-2026 20:00:01 America/Santo_Domingo] PHP   3. session_start() C:\wamp64\www\PLATAFORMA_INTEGRADA\backend\Autenticacion.php:14
[28-Apr-2026 20:00:18 America/Santo_Domingo] PHP Notice:  session_start(): Ignoring session_start() because a session is already active (started from C:\wamp64\www\PLATAFORMA_INTEGRADA\backend\api\actividad.php on line 19) in C:\wamp64\www\PLATAFORMA_INTEGRADA\backend\Autenticacion.php on line 14
[28-Apr-2026 20:00:18 America/Santo_Domingo] PHP Stack trace:
[28-Apr-2026 20:00:18 America/Santo_Domingo] PHP   1. {main}() C:\wamp64\www\PLATAFORMA_INTEGRADA\backend\api\actividad.php:0
[28-Apr-2026 20:00:18 America/Santo_Domingo] PHP   2. Autenticacion->__construct() C:\wamp64\www\PLATAFORMA_INTEGRADA\backend\api\actividad.php:21
[28-Apr-2026 20:00:18 America/Santo_Domingo] PHP   3. session_start() C:\wamp64\www\PLATAFORMA_INTEGRADA\backend\Autenticacion.php:14
[28-Apr-2026 20:00:31 America/Santo_Domingo] PHP Notice:  session_start(): Ignoring session_start() because a session is already active (started from C:\wamp64\www\PLATAFORMA_INTEGRADA\backend\api\actividad.php on line 19) in C:\wamp64\www\PLATAFORMA_INTEGRADA\backend\Autenticacion.php on line 14
[28-Apr-2026 20:00:31 America/Santo_Domingo] PHP Stack trace:
[28-Apr-2026 20:00:32 America/Santo_Domingo] PHP   1. {main}() C:\wamp64\www\PLATAFORMA_INTEGRADA\backend\api\actividad.php:0
[28-Apr-2026 20:00:32 America/Santo_Domingo] PHP   2. Autenticacion->__construct() C:\wamp64\www\PLATAFORMA_INTEGRADA\backend\api\actividad.php:21
[28-Apr-2026 20:00:32 America/Santo_Domingo] PHP   3. session_start() C:\wamp64\www\PLATAFORMA_INTEGRADA\backend\Autenticacion.php:14
[28-Apr-2026 20:01:04 America/Santo_Domingo] PHP Notice:  session_start(): Ignoring session_start() because a session is already active (started from C:\wamp64\www\PLATAFORMA_INTEGRADA\backend\api\actividad.php on line 19) in C:\wamp64\www\PLATAFORMA_INTEGRADA\backend\Autenticacion.php on line 14
[28-Apr-2026 20:01:04 America/Santo_Domingo] PHP Stack trace:
[28-Apr-2026 20:01:04 America/Santo_Domingo] PHP   1. {main}() C:\wamp64\www\PLATAFORMA_INTEGRADA\backend\api\actividad.php:0
[28-Apr-2026 20:01:04 America/Santo_Domingo] PHP   2. Autenticacion->__construct() C:\wamp64\www\PLATAFORMA_INTEGRADA\backend\api\actividad.php:21
[28-Apr-2026 20:01:04 America/Santo_Domingo] PHP   3. session_start() C:\wamp64\www\PLATAFORMA_INTEGRADA\backend\Autenticacion.php:14
[28-Apr-2026 20:01:26 America/Santo_Domingo] PHP Notice:  session_start(): Ignoring session_start() because a session is already active (started from C:\wamp64\www\PLATAFORMA_INTEGRADA\backend\api\actividad.php on line 19) in C:\wamp64\www\PLATAFORMA_INTEGRADA\backend\Autenticacion.php on line 14
[28-Apr-2026 20:01:26 America/Santo_Domingo] PHP Stack trace:
[28-Apr-2026 20:01:26 America/Santo_Domingo] PHP   1. {main}() C:\wamp64\www\PLATAFORMA_INTEGRADA\backend\api\actividad.php:0
[28-Apr-2026 20:01:26 America/Santo_Domingo] PHP   2. Autenticacion->__construct() C:\wamp64\www\PLATAFORMA_INTEGRADA\backend\api\actividad.php:21
[28-Apr-2026 20:01:26 America/Santo_Domingo] PHP   3. session_start() C:\wamp64\www\PLATAFORMA_INTEGRADA\backend\Autenticacion.php:14
[28-Apr-2026 20:01:35 America/Santo_Domingo] PHP Notice:  session_start(): Ignoring session_start() because a session is already active (started from C:\wamp64\www\PLATAFORMA_INTEGRADA\backend\api\actividad.php on line 19) in C:\wamp64\www\PLATAFORMA_INTEGRADA\backend\Autenticacion.php on line 14
[28-Apr-2026 20:01:35 America/Santo_Domingo] PHP Stack trace:
[28-Apr-2026 20:01:35 America/Santo_Domingo] PHP   1. {main}() C:\wamp64\www\PLATAFORMA_INTEGRADA\backend\api\actividad.php:0
[28-Apr-2026 20:01:35 America/Santo_Domingo] PHP   2. Autenticacion->__construct() C:\wamp64\www\PLATAFORMA_INTEGRADA\backend\api\actividad.php:21
[28-Apr-2026 20:01:35 America/Santo_Domingo] PHP   3. session_start() C:\wamp64\www\PLATAFORMA_INTEGRADA\backend\Autenticacion.php:14
[28-Apr-2026 20:02:07 America/Santo_Domingo] PHP Notice:  session_start(): Ignoring session_start() because a session is already active (started from C:\wamp64\www\PLATAFORMA_INTEGRADA\backend\api\actividad.php on line 19) in C:\wamp64\www\PLATAFORMA_INTEGRADA\backend\Autenticacion.php on line 14
[28-Apr-2026 20:02:07 America/Santo_Domingo] PHP Stack trace:
[28-Apr-2026 20:02:07 America/Santo_Domingo] PHP   1. {main}() C:\wamp64\www\PLATAFORMA_INTEGRADA\backend\api\actividad.php:0
[28-Apr-2026 20:02:07 America/Santo_Domingo] PHP   2. Autenticacion->__construct() C:\wamp64\www\PLATAFORMA_INTEGRADA\backend\api\actividad.php:21
[28-Apr-2026 20:02:07 America/Santo_Domingo] PHP   3. session_start() C:\wamp64\www\PLATAFORMA_INTEGRADA\backend\Autenticacion.php:14
[01-May-2026 00:27:24 America/Santo_Domingo] PHP Notice:  session_start(): Ignoring session_start() because a session is already active (started from C:\wamp64\www\PLATAFORMA_INTEGRADA\backend\api\actividad.php on line 19) in C:\wamp64\www\PLATAFORMA_INTEGRADA\backend\Autenticacion.php on line 14
[01-May-2026 00:27:24 America/Santo_Domingo] PHP Stack trace:
[01-May-2026 00:27:24 America/Santo_Domingo] PHP   1. {main}() C:\wamp64\www\PLATAFORMA_INTEGRADA\backend\api\actividad.php:0
[01-May-2026 00:27:24 America/Santo_Domingo] PHP   2. Autenticacion->__construct() C:\wamp64\www\PLATAFORMA_INTEGRADA\backend\api\actividad.php:21
[01-May-2026 00:27:24 America/Santo_Domingo] PHP   3. session_start() C:\wamp64\www\PLATAFORMA_INTEGRADA\backend\Autenticacion.php:14
[01-May-2026 00:27:54 America/Santo_Domingo] PHP Notice:  session_start(): Ignoring session_start() because a session is already active (started from C:\wamp64\www\PLATAFORMA_INTEGRADA\backend\api\actividad.php on line 19) in C:\wamp64\www\PLATAFORMA_INTEGRADA\backend\Autenticacion.php on line 14
[01-May-2026 00:27:54 America/Santo_Domingo] PHP Stack trace:
[01-May-2026 00:27:54 America/Santo_Domingo] PHP   1. {main}() C:\wamp64\www\PLATAFORMA_INTEGRADA\backend\api\actividad.php:0
[01-May-2026 00:27:54 America/Santo_Domingo] PHP   2. Autenticacion->__construct() C:\wamp64\www\PLATAFORMA_INTEGRADA\backend\api\actividad.php:21
[01-May-2026 00:27:54 America/Santo_Domingo] PHP   3. session_start() C:\wamp64\www\PLATAFORMA_INTEGRADA\backend\Autenticacion.php:14
[01-May-2026 00:28:01 America/Santo_Domingo] PHP Notice:  session_start(): Ignoring session_start() because a session is already active (started from C:\wamp64\www\PLATAFORMA_INTEGRADA\backend\api\actividad.php on line 19) in C:\wamp64\www\PLATAFORMA_INTEGRADA\backend\Autenticacion.php on line 14
[01-May-2026 00:28:01 America/Santo_Domingo] PHP Stack trace:
[01-May-2026 00:28:01 America/Santo_Domingo] PHP   1. {main}() C:\wamp64\www\PLATAFORMA_INTEGRADA\backend\api\actividad.php:0
[01-May-2026 00:28:01 America/Santo_Domingo] PHP   2. Autenticacion->__construct() C:\wamp64\www\PLATAFORMA_INTEGRADA\backend\api\actividad.php:21
[01-May-2026 00:28:01 America/Santo_Domingo] PHP   3. session_start() C:\wamp64\www\PLATAFORMA_INTEGRADA\backend\Autenticacion.php:14
[01-May-2026 00:28:39 America/Santo_Domingo] PHP Notice:  session_start(): Ignoring session_start() because a session is already active (started from C:\wamp64\www\PLATAFORMA_INTEGRADA\backend\api\actividad.php on line 19) in C:\wamp64\www\PLATAFORMA_INTEGRADA\backend\Autenticacion.php on line 14
[01-May-2026 00:28:39 America/Santo_Domingo] PHP Stack trace:
[01-May-2026 00:28:39 America/Santo_Domingo] PHP   1. {main}() C:\wamp64\www\PLATAFORMA_INTEGRADA\backend\api\actividad.php:0
[01-May-2026 00:28:39 America/Santo_Domingo] PHP   2. Autenticacion->__construct() C:\wamp64\www\PLATAFORMA_INTEGRADA\backend\api\actividad.php:21
[01-May-2026 00:28:39 America/Santo_Domingo] PHP   3. session_start() C:\wamp64\www\PLATAFORMA_INTEGRADA\backend\Autenticacion.php:14
[01-May-2026 00:29:02 America/Santo_Domingo] PHP Notice:  session_start(): Ignoring session_start() because a session is already active (started from C:\wamp64\www\PLATAFORMA_INTEGRADA\backend\api\actividad.php on line 19) in C:\wamp64\www\PLATAFORMA_INTEGRADA\backend\Autenticacion.php on line 14
[01-May-2026 00:29:02 America/Santo_Domingo] PHP Stack trace:
[01-May-2026 00:29:02 America/Santo_Domingo] PHP   1. {main}() C:\wamp64\www\PLATAFORMA_INTEGRADA\backend\api\actividad.php:0
[01-May-2026 00:29:02 America/Santo_Domingo] PHP   2. Autenticacion->__construct() C:\wamp64\www\PLATAFORMA_INTEGRADA\backend\api\actividad.php:21
[01-May-2026 00:29:02 America/Santo_Domingo] PHP   3. session_start() C:\wamp64\www\PLATAFORMA_INTEGRADA\backend\Autenticacion.php:14
[02-May-2026 15:51:30 America/Santo_Domingo] PHP Notice:  session_start(): Ignoring session_start() because a session is already active (started from C:\wamp64\www\PLATAFORMA_INTEGRADA\backend\api\actividad.php on line 19) in C:\wamp64\www\PLATAFORMA_INTEGRADA\backend\Autenticacion.php on line 14
[02-May-2026 15:51:30 America/Santo_Domingo] PHP Stack trace:
[02-May-2026 15:51:30 America/Santo_Domingo] PHP   1. {main}() C:\wamp64\www\PLATAFORMA_INTEGRADA\backend\api\actividad.php:0
[02-May-2026 15:51:30 America/Santo_Domingo] PHP   2. Autenticacion->__construct() C:\wamp64\www\PLATAFORMA_INTEGRADA\backend\api\actividad.php:21
[02-May-2026 15:51:30 America/Santo_Domingo] PHP   3. session_start() C:\wamp64\www\PLATAFORMA_INTEGRADA\backend\Autenticacion.php:14
[02-May-2026 15:51:30 America/Santo_Domingo] PHP Notice:  session_start(): Ignoring session_start() because a session is already active (started from C:\wamp64\www\PLATAFORMA_INTEGRADA\backend\api\actividad.php on line 19) in C:\wamp64\www\PLATAFORMA_INTEGRADA\backend\Autenticacion.php on line 14
[02-May-2026 15:51:30 America/Santo_Domingo] PHP Stack trace:
[02-May-2026 15:51:30 America/Santo_Domingo] PHP   1. {main}() C:\wamp64\www\PLATAFORMA_INTEGRADA\backend\api\actividad.php:0
[02-May-2026 15:51:30 America/Santo_Domingo] PHP   2. Autenticacion->__construct() C:\wamp64\www\PLATAFORMA_INTEGRADA\backend\api\actividad.php:21
[02-May-2026 15:51:30 America/Santo_Domingo] PHP   3. session_start() C:\wamp64\www\PLATAFORMA_INTEGRADA\backend\Autenticacion.php:14
[02-May-2026 16:52:33 America/Santo_Domingo] PHP Notice:  session_start(): Ignoring session_start() because a session is already active (started from C:\wamp64\www\PLATAFORMA_INTEGRADA\backend\api\actividad.php on line 19) in C:\wamp64\www\PLATAFORMA_INTEGRADA\backend\Autenticacion.php on line 14
[02-May-2026 16:52:34 America/Santo_Domingo] PHP Stack trace:
[02-May-2026 16:52:34 America/Santo_Domingo] PHP   1. {main}() C:\wamp64\www\PLATAFORMA_INTEGRADA\backend\api\actividad.php:0
[02-May-2026 16:52:34 America/Santo_Domingo] PHP   2. Autenticacion->__construct() C:\wamp64\www\PLATAFORMA_INTEGRADA\backend\api\actividad.php:21
[02-May-2026 16:52:34 America/Santo_Domingo] PHP   3. session_start() C:\wamp64\www\PLATAFORMA_INTEGRADA\backend\Autenticacion.php:14
[02-May-2026 17:01:23 America/Santo_Domingo] PHP Notice:  session_start(): Ignoring session_start() because a session is already active (started from C:\wamp64\www\PLATAFORMA_INTEGRADA\backend\api\actividad.php on line 19) in C:\wamp64\www\PLATAFORMA_INTEGRADA\backend\Autenticacion.php on line 14
[02-May-2026 17:01:23 America/Santo_Domingo] PHP Stack trace:
[02-May-2026 17:01:23 America/Santo_Domingo] PHP   1. {main}() C:\wamp64\www\PLATAFORMA_INTEGRADA\backend\api\actividad.php:0
[02-May-2026 17:01:23 America/Santo_Domingo] PHP   2. Autenticacion->__construct() C:\wamp64\www\PLATAFORMA_INTEGRADA\backend\api\actividad.php:21
[02-May-2026 17:01:23 America/Santo_Domingo] PHP   3. session_start() C:\wamp64\www\PLATAFORMA_INTEGRADA\backend\Autenticacion.php:14
[02-May-2026 17:01:26 America/Santo_Domingo] PHP Notice:  session_start(): Ignoring session_start() because a session is already active (started from C:\wamp64\www\PLATAFORMA_INTEGRADA\backend\api\actividad.php on line 19) in C:\wamp64\www\PLATAFORMA_INTEGRADA\backend\Autenticacion.php on line 14
[02-May-2026 17:01:26 America/Santo_Domingo] PHP Stack trace:
[02-May-2026 17:01:26 America/Santo_Domingo] PHP   1. {main}() C:\wamp64\www\PLATAFORMA_INTEGRADA\backend\api\actividad.php:0
[02-May-2026 17:01:26 America/Santo_Domingo] PHP   2. Autenticacion->__construct() C:\wamp64\www\PLATAFORMA_INTEGRADA\backend\api\actividad.php:21
[02-May-2026 17:01:26 America/Santo_Domingo] PHP   3. session_start() C:\wamp64\www\PLATAFORMA_INTEGRADA\backend\Autenticacion.php:14
[02-May-2026 19:00:54 America/Santo_Domingo] PHP Notice:  session_start(): Ignoring session_start() because a session is already active (started from C:\wamp64\www\PLATAFORMA_INTEGRADA\backend\api\actividad.php on line 19) in C:\wamp64\www\PLATAFORMA_INTEGRADA\backend\Autenticacion.php on line 14
[02-May-2026 19:00:54 America/Santo_Domingo] PHP Stack trace:
[02-May-2026 19:00:54 America/Santo_Domingo] PHP   1. {main}() C:\wamp64\www\PLATAFORMA_INTEGRADA\backend\api\actividad.php:0
[02-May-2026 19:00:54 America/Santo_Domingo] PHP   2. Autenticacion->__construct() C:\wamp64\www\PLATAFORMA_INTEGRADA\backend\api\actividad.php:21
[02-May-2026 19:00:54 America/Santo_Domingo] PHP   3. session_start() C:\wamp64\www\PLATAFORMA_INTEGRADA\backend\Autenticacion.php:14
[02-May-2026 19:01:07 America/Santo_Domingo] PHP Notice:  session_start(): Ignoring session_start() because a session is already active (started from C:\wamp64\www\PLATAFORMA_INTEGRADA\backend\api\actividad.php on line 19) in C:\wamp64\www\PLATAFORMA_INTEGRADA\backend\Autenticacion.php on line 14
[02-May-2026 19:01:07 America/Santo_Domingo] PHP Stack trace:
[02-May-2026 19:01:07 America/Santo_Domingo] PHP   1. {main}() C:\wamp64\www\PLATAFORMA_INTEGRADA\backend\api\actividad.php:0
[02-May-2026 19:01:07 America/Santo_Domingo] PHP   2. Autenticacion->__construct() C:\wamp64\www\PLATAFORMA_INTEGRADA\backend\api\actividad.php:21
[02-May-2026 19:01:07 America/Santo_Domingo] PHP   3. session_start() C:\wamp64\www\PLATAFORMA_INTEGRADA\backend\Autenticacion.php:14
[02-May-2026 19:06:42 America/Santo_Domingo] PHP Notice:  session_start(): Ignoring session_start() because a session is already active (started from C:\wamp64\www\PLATAFORMA_INTEGRADA\backend\api\actividad.php on line 19) in C:\wamp64\www\PLATAFORMA_INTEGRADA\backend\Autenticacion.php on line 14
[02-May-2026 19:06:42 America/Santo_Domingo] PHP Stack trace:
[02-May-2026 19:06:42 America/Santo_Domingo] PHP   1. {main}() C:\wamp64\www\PLATAFORMA_INTEGRADA\backend\api\actividad.php:0
[02-May-2026 19:06:42 America/Santo_Domingo] PHP   2. Autenticacion->__construct() C:\wamp64\www\PLATAFORMA_INTEGRADA\backend\api\actividad.php:21
[02-May-2026 19:06:42 America/Santo_Domingo] PHP   3. session_start() C:\wamp64\www\PLATAFORMA_INTEGRADA\backend\Autenticacion.php:14
[02-May-2026 22:42:39 America/Santo_Domingo] PHP Notice:  session_start(): Ignoring session_start() because a session is already active (started from C:\wamp64\www\PLATAFORMA_INTEGRADA\backend\api\actividad.php on line 19) in C:\wamp64\www\PLATAFORMA_INTEGRADA\backend\Autenticacion.php on line 14
[02-May-2026 22:42:39 America/Santo_Domingo] PHP Stack trace:
[02-May-2026 22:42:39 America/Santo_Domingo] PHP   1. {main}() C:\wamp64\www\PLATAFORMA_INTEGRADA\backend\api\actividad.php:0
[02-May-2026 22:42:39 America/Santo_Domingo] PHP   2. Autenticacion->__construct() C:\wamp64\www\PLATAFORMA_INTEGRADA\backend\api\actividad.php:21
[02-May-2026 22:42:39 America/Santo_Domingo] PHP   3. session_start() C:\wamp64\www\PLATAFORMA_INTEGRADA\backend\Autenticacion.php:14
[02-May-2026 22:42:42 America/Santo_Domingo] PHP Notice:  session_start(): Ignoring session_start() because a session is already active (started from C:\wamp64\www\PLATAFORMA_INTEGRADA\backend\api\actividad.php on line 19) in C:\wamp64\www\PLATAFORMA_INTEGRADA\backend\Autenticacion.php on line 14
[02-May-2026 22:42:42 America/Santo_Domingo] PHP Stack trace:
[02-May-2026 22:42:42 America/Santo_Domingo] PHP   1. {main}() C:\wamp64\www\PLATAFORMA_INTEGRADA\backend\api\actividad.php:0
[02-May-2026 22:42:42 America/Santo_Domingo] PHP   2. Autenticacion->__construct() C:\wamp64\www\PLATAFORMA_INTEGRADA\backend\api\actividad.php:21
[02-May-2026 22:42:42 America/Santo_Domingo] PHP   3. session_start() C:\wamp64\www\PLATAFORMA_INTEGRADA\backend\Autenticacion.php:14
[06-May-2026 16:15:43 America/Santo_Domingo] PHP Notice:  session_start(): Ignoring session_start() because a session is already active (started from C:\wamp64\www\PLATAFORMA_INTEGRADA\backend\api\actividad.php on line 19) in C:\wamp64\www\PLATAFORMA_INTEGRADA\backend\Autenticacion.php on line 14
[06-May-2026 16:15:43 America/Santo_Domingo] PHP Stack trace:
[06-May-2026 16:15:43 America/Santo_Domingo] PHP   1. {main}() C:\wamp64\www\PLATAFORMA_INTEGRADA\backend\api\actividad.php:0
[06-May-2026 16:15:43 America/Santo_Domingo] PHP   2. Autenticacion->__construct() C:\wamp64\www\PLATAFORMA_INTEGRADA\backend\api\actividad.php:21
[06-May-2026 16:15:43 America/Santo_Domingo] PHP   3. session_start() C:\wamp64\www\PLATAFORMA_INTEGRADA\backend\Autenticacion.php:14
[06-May-2026 16:15:44 America/Santo_Domingo] PHP Notice:  session_start(): Ignoring session_start() because a session is already active (started from C:\wamp64\www\PLATAFORMA_INTEGRADA\backend\api\actividad.php on line 19) in C:\wamp64\www\PLATAFORMA_INTEGRADA\backend\Autenticacion.php on line 14
[06-May-2026 16:15:44 America/Santo_Domingo] PHP Stack trace:
[06-May-2026 16:15:44 America/Santo_Domingo] PHP   1. {main}() C:\wamp64\www\PLATAFORMA_INTEGRADA\backend\api\actividad.php:0
[06-May-2026 16:15:44 America/Santo_Domingo] PHP   2. Autenticacion->__construct() C:\wamp64\www\PLATAFORMA_INTEGRADA\backend\api\actividad.php:21
[06-May-2026 16:15:44 America/Santo_Domingo] PHP   3. session_start() C:\wamp64\www\PLATAFORMA_INTEGRADA\backend\Autenticacion.php:14
[06-May-2026 18:12:29 America/Santo_Domingo] PHP Notice:  session_start(): Ignoring session_start() because a session is already active (started from C:\wamp64\www\PLATAFORMA_INTEGRADA\backend\api\actividad.php on line 19) in C:\wamp64\www\PLATAFORMA_INTEGRADA\backend\Autenticacion.php on line 14
[06-May-2026 18:12:29 America/Santo_Domingo] PHP Stack trace:
[06-May-2026 18:12:29 America/Santo_Domingo] PHP   1. {main}() C:\wamp64\www\PLATAFORMA_INTEGRADA\backend\api\actividad.php:0
[06-May-2026 18:12:29 America/Santo_Domingo] PHP   2. Autenticacion->__construct() C:\wamp64\www\PLATAFORMA_INTEGRADA\backend\api\actividad.php:21
[06-May-2026 18:12:29 America/Santo_Domingo] PHP   3. session_start() C:\wamp64\www\PLATAFORMA_INTEGRADA\backend\Autenticacion.php:14
[07-May-2026 17:14:15 America/Santo_Domingo] PHP Notice:  session_start(): Ignoring session_start() because a session is already active (started from C:\wamp64\www\PLATAFORMA_INTEGRADA\backend\api\actividad.php on line 19) in C:\wamp64\www\PLATAFORMA_INTEGRADA\backend\Autenticacion.php on line 14
[07-May-2026 17:14:15 America/Santo_Domingo] PHP Stack trace:
[07-May-2026 17:14:15 America/Santo_Domingo] PHP   1. {main}() C:\wamp64\www\PLATAFORMA_INTEGRADA\backend\api\actividad.php:0
[07-May-2026 17:14:15 America/Santo_Domingo] PHP   2. Autenticacion->__construct() C:\wamp64\www\PLATAFORMA_INTEGRADA\backend\api\actividad.php:21
[07-May-2026 17:14:15 America/Santo_Domingo] PHP   3. session_start() C:\wamp64\www\PLATAFORMA_INTEGRADA\backend\Autenticacion.php:14
[07-May-2026 18:25:38 America/Santo_Domingo] PHP Notice:  session_start(): Ignoring session_start() because a session is already active (started from C:\wamp64\www\PLATAFORMA_INTEGRADA\backend\api\actividad.php on line 19) in C:\wamp64\www\PLATAFORMA_INTEGRADA\backend\Autenticacion.php on line 14
[07-May-2026 18:25:38 America/Santo_Domingo] PHP Stack trace:
[07-May-2026 18:25:38 America/Santo_Domingo] PHP   1. {main}() C:\wamp64\www\PLATAFORMA_INTEGRADA\backend\api\actividad.php:0
[07-May-2026 18:25:38 America/Santo_Domingo] PHP   2. Autenticacion->__construct() C:\wamp64\www\PLATAFORMA_INTEGRADA\backend\api\actividad.php:21
[07-May-2026 18:25:38 America/Santo_Domingo] PHP   3. session_start() C:\wamp64\www\PLATAFORMA_INTEGRADA\backend\Autenticacion.php:14
[07-May-2026 18:25:39 America/Santo_Domingo] PHP Notice:  session_start(): Ignoring session_start() because a session is already active (started from C:\wamp64\www\PLATAFORMA_INTEGRADA\backend\api\actividad.php on line 19) in C:\wamp64\www\PLATAFORMA_INTEGRADA\backend\Autenticacion.php on line 14
[07-May-2026 18:25:39 America/Santo_Domingo] PHP Stack trace:
[07-May-2026 18:25:39 America/Santo_Domingo] PHP   1. {main}() C:\wamp64\www\PLATAFORMA_INTEGRADA\backend\api\actividad.php:0
[07-May-2026 18:25:39 America/Santo_Domingo] PHP   2. Autenticacion->__construct() C:\wamp64\www\PLATAFORMA_INTEGRADA\backend\api\actividad.php:21
[07-May-2026 18:25:39 America/Santo_Domingo] PHP   3. session_start() C:\wamp64\www\PLATAFORMA_INTEGRADA\backend\Autenticacion.php:14
[08-May-2026 02:32:10 America/Santo_Domingo] PHP Notice:  session_start(): Ignoring session_start() because a session is already active (started from C:\wamp64\www\PLATAFORMA_INTEGRADA\backend\api\actividad.php on line 19) in C:\wamp64\www\PLATAFORMA_INTEGRADA\backend\Autenticacion.php on line 14
[08-May-2026 02:32:10 America/Santo_Domingo] PHP Stack trace:
[08-May-2026 02:32:10 America/Santo_Domingo] PHP   1. {main}() C:\wamp64\www\PLATAFORMA_INTEGRADA\backend\api\actividad.php:0
[08-May-2026 02:32:10 America/Santo_Domingo] PHP   2. Autenticacion->__construct() C:\wamp64\www\PLATAFORMA_INTEGRADA\backend\api\actividad.php:21
[08-May-2026 02:32:10 America/Santo_Domingo] PHP   3. session_start() C:\wamp64\www\PLATAFORMA_INTEGRADA\backend\Autenticacion.php:14
[08-May-2026 02:34:43 America/Santo_Domingo] PHP Notice:  session_start(): Ignoring session_start() because a session is already active (started from C:\wamp64\www\PLATAFORMA_INTEGRADA\backend\api\actividad.php on line 19) in C:\wamp64\www\PLATAFORMA_INTEGRADA\backend\Autenticacion.php on line 14
[08-May-2026 02:34:43 America/Santo_Domingo] PHP Stack trace:
[08-May-2026 02:34:43 America/Santo_Domingo] PHP   1. {main}() C:\wamp64\www\PLATAFORMA_INTEGRADA\backend\api\actividad.php:0
[08-May-2026 02:34:43 America/Santo_Domingo] PHP   2. Autenticacion->__construct() C:\wamp64\www\PLATAFORMA_INTEGRADA\backend\api\actividad.php:21
[08-May-2026 02:34:43 America/Santo_Domingo] PHP   3. session_start() C:\wamp64\www\PLATAFORMA_INTEGRADA\backend\Autenticacion.php:14
[08-May-2026 02:34:45 America/Santo_Domingo] PHP Notice:  session_start(): Ignoring session_start() because a session is already active (started from C:\wamp64\www\PLATAFORMA_INTEGRADA\backend\api\actividad.php on line 19) in C:\wamp64\www\PLATAFORMA_INTEGRADA\backend\Autenticacion.php on line 14
[08-May-2026 02:34:45 America/Santo_Domingo] PHP Stack trace:
[08-May-2026 02:34:45 America/Santo_Domingo] PHP   1. {main}() C:\wamp64\www\PLATAFORMA_INTEGRADA\backend\api\actividad.php:0
[08-May-2026 02:34:45 America/Santo_Domingo] PHP   2. Autenticacion->__construct() C:\wamp64\www\PLATAFORMA_INTEGRADA\backend\api\actividad.php:21
[08-May-2026 02:34:45 America/Santo_Domingo] PHP   3. session_start() C:\wamp64\www\PLATAFORMA_INTEGRADA\backend\Autenticacion.php:14
[08-May-2026 02:35:18 America/Santo_Domingo] PHP Notice:  session_start(): Ignoring session_start() because a session is already active (started from C:\wamp64\www\PLATAFORMA_INTEGRADA\backend\api\actividad.php on line 19) in C:\wamp64\www\PLATAFORMA_INTEGRADA\backend\Autenticacion.php on line 14
[08-May-2026 02:35:18 America/Santo_Domingo] PHP Stack trace:
[08-May-2026 02:35:18 America/Santo_Domingo] PHP   1. {main}() C:\wamp64\www\PLATAFORMA_INTEGRADA\backend\api\actividad.php:0
[08-May-2026 02:35:18 America/Santo_Domingo] PHP   2. Autenticacion->__construct() C:\wamp64\www\PLATAFORMA_INTEGRADA\backend\api\actividad.php:21
[08-May-2026 02:35:18 America/Santo_Domingo] PHP   3. session_start() C:\wamp64\www\PLATAFORMA_INTEGRADA\backend\Autenticacion.php:14
[08-May-2026 02:35:21 America/Santo_Domingo] PHP Notice:  session_start(): Ignoring session_start() because a session is already active (started from C:\wamp64\www\PLATAFORMA_INTEGRADA\backend\api\actividad.php on line 19) in C:\wamp64\www\PLATAFORMA_INTEGRADA\backend\Autenticacion.php on line 14
[08-May-2026 02:35:21 America/Santo_Domingo] PHP Stack trace:
[08-May-2026 02:35:21 America/Santo_Domingo] PHP   1. {main}() C:\wamp64\www\PLATAFORMA_INTEGRADA\backend\api\actividad.php:0
[08-May-2026 02:35:21 America/Santo_Domingo] PHP   2. Autenticacion->__construct() C:\wamp64\www\PLATAFORMA_INTEGRADA\backend\api\actividad.php:21
[08-May-2026 02:35:21 America/Santo_Domingo] PHP   3. session_start() C:\wamp64\www\PLATAFORMA_INTEGRADA\backend\Autenticacion.php:14
[08-May-2026 02:53:29 America/Santo_Domingo] PHP Notice:  session_start(): Ignoring session_start() because a session is already active (started from C:\wamp64\www\PLATAFORMA_INTEGRADA\backend\api\actividad.php on line 19) in C:\wamp64\www\PLATAFORMA_INTEGRADA\backend\Autenticacion.php on line 14
[08-May-2026 02:53:29 America/Santo_Domingo] PHP Stack trace:
[08-May-2026 02:53:29 America/Santo_Domingo] PHP   1. {main}() C:\wamp64\www\PLATAFORMA_INTEGRADA\backend\api\actividad.php:0
[08-May-2026 02:53:29 America/Santo_Domingo] PHP   2. Autenticacion->__construct() C:\wamp64\www\PLATAFORMA_INTEGRADA\backend\api\actividad.php:21
[08-May-2026 02:53:29 America/Santo_Domingo] PHP   3. session_start() C:\wamp64\www\PLATAFORMA_INTEGRADA\backend\Autenticacion.php:14
[08-May-2026 02:58:37 America/Santo_Domingo] PHP Notice:  session_start(): Ignoring session_start() because a session is already active (started from C:\wamp64\www\PLATAFORMA_INTEGRADA\backend\api\actividad.php on line 19) in C:\wamp64\www\PLATAFORMA_INTEGRADA\backend\Autenticacion.php on line 14
[08-May-2026 02:58:37 America/Santo_Domingo] PHP Stack trace:
[08-May-2026 02:58:37 America/Santo_Domingo] PHP   1. {main}() C:\wamp64\www\PLATAFORMA_INTEGRADA\backend\api\actividad.php:0
[08-May-2026 02:58:37 America/Santo_Domingo] PHP   2. Autenticacion->__construct() C:\wamp64\www\PLATAFORMA_INTEGRADA\backend\api\actividad.php:21
[08-May-2026 02:58:37 America/Santo_Domingo] PHP   3. session_start() C:\wamp64\www\PLATAFORMA_INTEGRADA\backend\Autenticacion.php:14
[08-May-2026 02:58:40 America/Santo_Domingo] PHP Notice:  session_start(): Ignoring session_start() because a session is already active (started from C:\wamp64\www\PLATAFORMA_INTEGRADA\backend\api\actividad.php on line 19) in C:\wamp64\www\PLATAFORMA_INTEGRADA\backend\Autenticacion.php on line 14
[08-May-2026 02:58:40 America/Santo_Domingo] PHP Stack trace:
[08-May-2026 02:58:40 America/Santo_Domingo] PHP   1. {main}() C:\wamp64\www\PLATAFORMA_INTEGRADA\backend\api\actividad.php:0
[08-May-2026 02:58:40 America/Santo_Domingo] PHP   2. Autenticacion->__construct() C:\wamp64\www\PLATAFORMA_INTEGRADA\backend\api\actividad.php:21
[08-May-2026 02:58:40 America/Santo_Domingo] PHP   3. session_start() C:\wamp64\www\PLATAFORMA_INTEGRADA\backend\Autenticacion.php:14
[08-May-2026 02:58:41 America/Santo_Domingo] PHP Notice:  session_start(): Ignoring session_start() because a session is already active (started from C:\wamp64\www\PLATAFORMA_INTEGRADA\backend\api\actividad.php on line 19) in C:\wamp64\www\PLATAFORMA_INTEGRADA\backend\Autenticacion.php on line 14
[08-May-2026 02:58:41 America/Santo_Domingo] PHP Stack trace:
[08-May-2026 02:58:41 America/Santo_Domingo] PHP   1. {main}() C:\wamp64\www\PLATAFORMA_INTEGRADA\backend\api\actividad.php:0
[08-May-2026 02:58:41 America/Santo_Domingo] PHP   2. Autenticacion->__construct() C:\wamp64\www\PLATAFORMA_INTEGRADA\backend\api\actividad.php:21
[08-May-2026 02:58:41 America/Santo_Domingo] PHP   3. session_start() C:\wamp64\www\PLATAFORMA_INTEGRADA\backend\Autenticacion.php:14
[08-May-2026 02:58:44 America/Santo_Domingo] PHP Notice:  session_start(): Ignoring session_start() because a session is already active (started from C:\wamp64\www\PLATAFORMA_INTEGRADA\backend\api\actividad.php on line 19) in C:\wamp64\www\PLATAFORMA_INTEGRADA\backend\Autenticacion.php on line 14
[08-May-2026 02:58:44 America/Santo_Domingo] PHP Stack trace:
[08-May-2026 02:58:44 America/Santo_Domingo] PHP   1. {main}() C:\wamp64\www\PLATAFORMA_INTEGRADA\backend\api\actividad.php:0
[08-May-2026 02:58:44 America/Santo_Domingo] PHP   2. Autenticacion->__construct() C:\wamp64\www\PLATAFORMA_INTEGRADA\backend\api\actividad.php:21
[08-May-2026 02:58:44 America/Santo_Domingo] PHP   3. session_start() C:\wamp64\www\PLATAFORMA_INTEGRADA\backend\Autenticacion.php:14
[08-May-2026 02:58:45 America/Santo_Domingo] PHP Notice:  session_start(): Ignoring session_start() because a session is already active (started from C:\wamp64\www\PLATAFORMA_INTEGRADA\backend\api\actividad.php on line 19) in C:\wamp64\www\PLATAFORMA_INTEGRADA\backend\Autenticacion.php on line 14
[08-May-2026 02:58:45 America/Santo_Domingo] PHP Stack trace:
[08-May-2026 02:58:45 America/Santo_Domingo] PHP   1. {main}() C:\wamp64\www\PLATAFORMA_INTEGRADA\backend\api\actividad.php:0
[08-May-2026 02:58:45 America/Santo_Domingo] PHP   2. Autenticacion->__construct() C:\wamp64\www\PLATAFORMA_INTEGRADA\backend\api\actividad.php:21
[08-May-2026 02:58:45 America/Santo_Domingo] PHP   3. session_start() C:\wamp64\www\PLATAFORMA_INTEGRADA\backend\Autenticacion.php:14
[08-May-2026 02:58:47 America/Santo_Domingo] PHP Notice:  session_start(): Ignoring session_start() because a session is already active (started from C:\wamp64\www\PLATAFORMA_INTEGRADA\backend\api\actividad.php on line 19) in C:\wamp64\www\PLATAFORMA_INTEGRADA\backend\Autenticacion.php on line 14
[08-May-2026 02:58:47 America/Santo_Domingo] PHP Stack trace:
[08-May-2026 02:58:47 America/Santo_Domingo] PHP   1. {main}() C:\wamp64\www\PLATAFORMA_INTEGRADA\backend\api\actividad.php:0
[08-May-2026 02:58:47 America/Santo_Domingo] PHP   2. Autenticacion->__construct() C:\wamp64\www\PLATAFORMA_INTEGRADA\backend\api\actividad.php:21
[08-May-2026 02:58:47 America/Santo_Domingo] PHP   3. session_start() C:\wamp64\www\PLATAFORMA_INTEGRADA\backend\Autenticacion.php:14
[08-May-2026 02:58:51 America/Santo_Domingo] PHP Notice:  session_start(): Ignoring session_start() because a session is already active (started from C:\wamp64\www\PLATAFORMA_INTEGRADA\backend\api\actividad.php on line 19) in C:\wamp64\www\PLATAFORMA_INTEGRADA\backend\Autenticacion.php on line 14
[08-May-2026 02:58:51 America/Santo_Domingo] PHP Stack trace:
[08-May-2026 02:58:51 America/Santo_Domingo] PHP   1. {main}() C:\wamp64\www\PLATAFORMA_INTEGRADA\backend\api\actividad.php:0
[08-May-2026 02:58:51 America/Santo_Domingo] PHP   2. Autenticacion->__construct() C:\wamp64\www\PLATAFORMA_INTEGRADA\backend\api\actividad.php:21
[08-May-2026 02:58:51 America/Santo_Domingo] PHP   3. session_start() C:\wamp64\www\PLATAFORMA_INTEGRADA\backend\Autenticacion.php:14
[08-May-2026 02:58:52 America/Santo_Domingo] PHP Notice:  session_start(): Ignoring session_start() because a session is already active (started from C:\wamp64\www\PLATAFORMA_INTEGRADA\backend\api\actividad.php on line 19) in C:\wamp64\www\PLATAFORMA_INTEGRADA\backend\Autenticacion.php on line 14
[08-May-2026 02:58:52 America/Santo_Domingo] PHP Stack trace:
[08-May-2026 02:58:52 America/Santo_Domingo] PHP   1. {main}() C:\wamp64\www\PLATAFORMA_INTEGRADA\backend\api\actividad.php:0
[08-May-2026 02:58:52 America/Santo_Domingo] PHP   2. Autenticacion->__construct() C:\wamp64\www\PLATAFORMA_INTEGRADA\backend\api\actividad.php:21
[08-May-2026 02:58:52 America/Santo_Domingo] PHP   3. session_start() C:\wamp64\www\PLATAFORMA_INTEGRADA\backend\Autenticacion.php:14
[08-May-2026 02:58:53 America/Santo_Domingo] PHP Notice:  session_start(): Ignoring session_start() because a session is already active (started from C:\wamp64\www\PLATAFORMA_INTEGRADA\backend\api\actividad.php on line 19) in C:\wamp64\www\PLATAFORMA_INTEGRADA\backend\Autenticacion.php on line 14
[08-May-2026 02:58:53 America/Santo_Domingo] PHP Stack trace:
[08-May-2026 02:58:53 America/Santo_Domingo] PHP   1. {main}() C:\wamp64\www\PLATAFORMA_INTEGRADA\backend\api\actividad.php:0
[08-May-2026 02:58:53 America/Santo_Domingo] PHP   2. Autenticacion->__construct() C:\wamp64\www\PLATAFORMA_INTEGRADA\backend\api\actividad.php:21
[08-May-2026 02:58:53 America/Santo_Domingo] PHP   3. session_start() C:\wamp64\www\PLATAFORMA_INTEGRADA\backend\Autenticacion.php:14
[08-May-2026 02:58:54 America/Santo_Domingo] PHP Notice:  session_start(): Ignoring session_start() because a session is already active (started from C:\wamp64\www\PLATAFORMA_INTEGRADA\backend\api\actividad.php on line 19) in C:\wamp64\www\PLATAFORMA_INTEGRADA\backend\Autenticacion.php on line 14
[08-May-2026 02:58:54 America/Santo_Domingo] PHP Stack trace:
[08-May-2026 02:58:54 America/Santo_Domingo] PHP   1. {main}() C:\wamp64\www\PLATAFORMA_INTEGRADA\backend\api\actividad.php:0
[08-May-2026 02:58:54 America/Santo_Domingo] PHP   2. Autenticacion->__construct() C:\wamp64\www\PLATAFORMA_INTEGRADA\backend\api\actividad.php:21
[08-May-2026 02:58:54 America/Santo_Domingo] PHP   3. session_start() C:\wamp64\www\PLATAFORMA_INTEGRADA\backend\Autenticacion.php:14
[08-May-2026 02:58:57 America/Santo_Domingo] PHP Notice:  session_start(): Ignoring session_start() because a session is already active (started from C:\wamp64\www\PLATAFORMA_INTEGRADA\backend\api\actividad.php on line 19) in C:\wamp64\www\PLATAFORMA_INTEGRADA\backend\Autenticacion.php on line 14
[08-May-2026 02:58:57 America/Santo_Domingo] PHP Stack trace:
[08-May-2026 02:58:57 America/Santo_Domingo] PHP   1. {main}() C:\wamp64\www\PLATAFORMA_INTEGRADA\backend\api\actividad.php:0
[08-May-2026 02:58:57 America/Santo_Domingo] PHP   2. Autenticacion->__construct() C:\wamp64\www\PLATAFORMA_INTEGRADA\backend\api\actividad.php:21
[08-May-2026 02:58:57 America/Santo_Domingo] PHP   3. session_start() C:\wamp64\www\PLATAFORMA_INTEGRADA\backend\Autenticacion.php:14
[08-May-2026 02:58:59 America/Santo_Domingo] PHP Notice:  session_start(): Ignoring session_start() because a session is already active (started from C:\wamp64\www\PLATAFORMA_INTEGRADA\backend\api\actividad.php on line 19) in C:\wamp64\www\PLATAFORMA_INTEGRADA\backend\Autenticacion.php on line 14
[08-May-2026 02:58:59 America/Santo_Domingo] PHP Stack trace:
[08-May-2026 02:58:59 America/Santo_Domingo] PHP   1. {main}() C:\wamp64\www\PLATAFORMA_INTEGRADA\backend\api\actividad.php:0
[08-May-2026 02:58:59 America/Santo_Domingo] PHP   2. Autenticacion->__construct() C:\wamp64\www\PLATAFORMA_INTEGRADA\backend\api\actividad.php:21
[08-May-2026 02:58:59 America/Santo_Domingo] PHP   3. session_start() C:\wamp64\www\PLATAFORMA_INTEGRADA\backend\Autenticacion.php:14
[08-May-2026 03:13:40 America/Santo_Domingo] PHP Notice:  session_start(): Ignoring session_start() because a session is already active (started from C:\wamp64\www\PLATAFORMA_INTEGRADA\backend\api\actividad.php on line 19) in C:\wamp64\www\PLATAFORMA_INTEGRADA\backend\Autenticacion.php on line 14
[08-May-2026 03:13:40 America/Santo_Domingo] PHP Stack trace:
[08-May-2026 03:13:40 America/Santo_Domingo] PHP   1. {main}() C:\wamp64\www\PLATAFORMA_INTEGRADA\backend\api\actividad.php:0
[08-May-2026 03:13:40 America/Santo_Domingo] PHP   2. Autenticacion->__construct() C:\wamp64\www\PLATAFORMA_INTEGRADA\backend\api\actividad.php:21
[08-May-2026 03:13:40 America/Santo_Domingo] PHP   3. session_start() C:\wamp64\www\PLATAFORMA_INTEGRADA\backend\Autenticacion.php:14
[08-May-2026 03:13:42 America/Santo_Domingo] PHP Notice:  session_start(): Ignoring session_start() because a session is already active (started from C:\wamp64\www\PLATAFORMA_INTEGRADA\backend\api\actividad.php on line 19) in C:\wamp64\www\PLATAFORMA_INTEGRADA\backend\Autenticacion.php on line 14
[08-May-2026 03:13:42 America/Santo_Domingo] PHP Stack trace:
[08-May-2026 03:13:42 America/Santo_Domingo] PHP   1. {main}() C:\wamp64\www\PLATAFORMA_INTEGRADA\backend\api\actividad.php:0
[08-May-2026 03:13:42 America/Santo_Domingo] PHP   2. Autenticacion->__construct() C:\wamp64\www\PLATAFORMA_INTEGRADA\backend\api\actividad.php:21
[08-May-2026 03:13:42 America/Santo_Domingo] PHP   3. session_start() C:\wamp64\www\PLATAFORMA_INTEGRADA\backend\Autenticacion.php:14
[08-May-2026 03:13:43 America/Santo_Domingo] PHP Notice:  session_start(): Ignoring session_start() because a session is already active (started from C:\wamp64\www\PLATAFORMA_INTEGRADA\backend\api\actividad.php on line 19) in C:\wamp64\www\PLATAFORMA_INTEGRADA\backend\Autenticacion.php on line 14
[08-May-2026 03:13:43 America/Santo_Domingo] PHP Stack trace:
[08-May-2026 03:13:43 America/Santo_Domingo] PHP   1. {main}() C:\wamp64\www\PLATAFORMA_INTEGRADA\backend\api\actividad.php:0
[08-May-2026 03:13:43 America/Santo_Domingo] PHP   2. Autenticacion->__construct() C:\wamp64\www\PLATAFORMA_INTEGRADA\backend\api\actividad.php:21
[08-May-2026 03:13:43 America/Santo_Domingo] PHP   3. session_start() C:\wamp64\www\PLATAFORMA_INTEGRADA\backend\Autenticacion.php:14
[08-May-2026 03:13:49 America/Santo_Domingo] PHP Notice:  session_start(): Ignoring session_start() because a session is already active (started from C:\wamp64\www\PLATAFORMA_INTEGRADA\backend\api\actividad.php on line 19) in C:\wamp64\www\PLATAFORMA_INTEGRADA\backend\Autenticacion.php on line 14
[08-May-2026 03:13:49 America/Santo_Domingo] PHP Stack trace:
[08-May-2026 03:13:49 America/Santo_Domingo] PHP   1. {main}() C:\wamp64\www\PLATAFORMA_INTEGRADA\backend\api\actividad.php:0
[08-May-2026 03:13:49 America/Santo_Domingo] PHP   2. Autenticacion->__construct() C:\wamp64\www\PLATAFORMA_INTEGRADA\backend\api\actividad.php:21
[08-May-2026 03:13:50 America/Santo_Domingo] PHP   3. session_start() C:\wamp64\www\PLATAFORMA_INTEGRADA\backend\Autenticacion.php:14
[08-May-2026 03:58:42 America/Santo_Domingo] PHP Notice:  session_start(): Ignoring session_start() because a session is already active (started from C:\wamp64\www\PLATAFORMA_INTEGRADA\backend\api\actividad.php on line 19) in C:\wamp64\www\PLATAFORMA_INTEGRADA\backend\Autenticacion.php on line 14
[08-May-2026 03:58:42 America/Santo_Domingo] PHP Stack trace:
[08-May-2026 03:58:42 America/Santo_Domingo] PHP   1. {main}() C:\wamp64\www\PLATAFORMA_INTEGRADA\backend\api\actividad.php:0
[08-May-2026 03:58:42 America/Santo_Domingo] PHP   2. Autenticacion->__construct() C:\wamp64\www\PLATAFORMA_INTEGRADA\backend\api\actividad.php:21
[08-May-2026 03:58:42 America/Santo_Domingo] PHP   3. session_start() C:\wamp64\www\PLATAFORMA_INTEGRADA\backend\Autenticacion.php:14
[08-May-2026 04:10:06 America/Santo_Domingo] PHP Notice:  session_start(): Ignoring session_start() because a session is already active (started from C:\wamp64\www\PLATAFORMA_INTEGRADA\backend\api\actividad.php on line 19) in C:\wamp64\www\PLATAFORMA_INTEGRADA\backend\Autenticacion.php on line 14
[08-May-2026 04:10:06 America/Santo_Domingo] PHP Stack trace:
[08-May-2026 04:10:06 America/Santo_Domingo] PHP   1. {main}() C:\wamp64\www\PLATAFORMA_INTEGRADA\backend\api\actividad.php:0
[08-May-2026 04:10:07 America/Santo_Domingo] PHP   2. Autenticacion->__construct() C:\wamp64\www\PLATAFORMA_INTEGRADA\backend\api\actividad.php:21
[08-May-2026 04:10:07 America/Santo_Domingo] PHP   3. session_start() C:\wamp64\www\PLATAFORMA_INTEGRADA\backend\Autenticacion.php:14
[08-May-2026 04:22:35 America/Santo_Domingo] PHP Notice:  session_start(): Ignoring session_start() because a session is already active (started from C:\wamp64\www\PLATAFORMA_INTEGRADA\backend\api\actividad.php on line 19) in C:\wamp64\www\PLATAFORMA_INTEGRADA\backend\Autenticacion.php on line 14
[08-May-2026 04:22:35 America/Santo_Domingo] PHP Stack trace:
[08-May-2026 04:22:35 America/Santo_Domingo] PHP   1. {main}() C:\wamp64\www\PLATAFORMA_INTEGRADA\backend\api\actividad.php:0
[08-May-2026 04:22:35 America/Santo_Domingo] PHP   2. Autenticacion->__construct() C:\wamp64\www\PLATAFORMA_INTEGRADA\backend\api\actividad.php:21
[08-May-2026 04:22:35 America/Santo_Domingo] PHP   3. session_start() C:\wamp64\www\PLATAFORMA_INTEGRADA\backend\Autenticacion.php:14
[08-May-2026 04:28:31 America/Santo_Domingo] PHP Notice:  session_start(): Ignoring session_start() because a session is already active (started from C:\wamp64\www\PLATAFORMA_INTEGRADA\backend\api\actividad.php on line 19) in C:\wamp64\www\PLATAFORMA_INTEGRADA\backend\Autenticacion.php on line 14
[08-May-2026 04:28:31 America/Santo_Domingo] PHP Stack trace:
[08-May-2026 04:28:31 America/Santo_Domingo] PHP   1. {main}() C:\wamp64\www\PLATAFORMA_INTEGRADA\backend\api\actividad.php:0
[08-May-2026 04:28:31 America/Santo_Domingo] PHP   2. Autenticacion->__construct() C:\wamp64\www\PLATAFORMA_INTEGRADA\backend\api\actividad.php:21
[08-May-2026 04:28:31 America/Santo_Domingo] PHP   3. session_start() C:\wamp64\www\PLATAFORMA_INTEGRADA\backend\Autenticacion.php:14
[08-May-2026 04:28:36 America/Santo_Domingo] PHP Notice:  session_start(): Ignoring session_start() because a session is already active (started from C:\wamp64\www\PLATAFORMA_INTEGRADA\backend\api\actividad.php on line 19) in C:\wamp64\www\PLATAFORMA_INTEGRADA\backend\Autenticacion.php on line 14
[08-May-2026 04:28:36 America/Santo_Domingo] PHP Stack trace:
[08-May-2026 04:28:36 America/Santo_Domingo] PHP   1. {main}() C:\wamp64\www\PLATAFORMA_INTEGRADA\backend\api\actividad.php:0
[08-May-2026 04:28:36 America/Santo_Domingo] PHP   2. Autenticacion->__construct() C:\wamp64\www\PLATAFORMA_INTEGRADA\backend\api\actividad.php:21
[08-May-2026 04:28:36 America/Santo_Domingo] PHP   3. session_start() C:\wamp64\www\PLATAFORMA_INTEGRADA\backend\Autenticacion.php:14
[08-May-2026 04:28:38 America/Santo_Domingo] PHP Notice:  session_start(): Ignoring session_start() because a session is already active (started from C:\wamp64\www\PLATAFORMA_INTEGRADA\backend\api\actividad.php on line 19) in C:\wamp64\www\PLATAFORMA_INTEGRADA\backend\Autenticacion.php on line 14
[08-May-2026 04:28:38 America/Santo_Domingo] PHP Stack trace:
[08-May-2026 04:28:38 America/Santo_Domingo] PHP   1. {main}() C:\wamp64\www\PLATAFORMA_INTEGRADA\backend\api\actividad.php:0
[08-May-2026 04:28:38 America/Santo_Domingo] PHP   2. Autenticacion->__construct() C:\wamp64\www\PLATAFORMA_INTEGRADA\backend\api\actividad.php:21
[08-May-2026 04:28:38 America/Santo_Domingo] PHP   3. session_start() C:\wamp64\www\PLATAFORMA_INTEGRADA\backend\Autenticacion.php:14
[08-May-2026 04:28:43 America/Santo_Domingo] PHP Notice:  session_start(): Ignoring session_start() because a session is already active (started from C:\wamp64\www\PLATAFORMA_INTEGRADA\backend\api\actividad.php on line 19) in C:\wamp64\www\PLATAFORMA_INTEGRADA\backend\Autenticacion.php on line 14
[08-May-2026 04:28:43 America/Santo_Domingo] PHP Stack trace:
[08-May-2026 04:28:43 America/Santo_Domingo] PHP   1. {main}() C:\wamp64\www\PLATAFORMA_INTEGRADA\backend\api\actividad.php:0
[08-May-2026 04:28:43 America/Santo_Domingo] PHP   2. Autenticacion->__construct() C:\wamp64\www\PLATAFORMA_INTEGRADA\backend\api\actividad.php:21
[08-May-2026 04:28:43 America/Santo_Domingo] PHP   3. session_start() C:\wamp64\www\PLATAFORMA_INTEGRADA\backend\Autenticacion.php:14
[08-May-2026 04:28:45 America/Santo_Domingo] PHP Notice:  session_start(): Ignoring session_start() because a session is already active (started from C:\wamp64\www\PLATAFORMA_INTEGRADA\backend\api\actividad.php on line 19) in C:\wamp64\www\PLATAFORMA_INTEGRADA\backend\Autenticacion.php on line 14
[08-May-2026 04:28:45 America/Santo_Domingo] PHP Stack trace:
[08-May-2026 04:28:45 America/Santo_Domingo] PHP   1. {main}() C:\wamp64\www\PLATAFORMA_INTEGRADA\backend\api\actividad.php:0
[08-May-2026 04:28:45 America/Santo_Domingo] PHP   2. Autenticacion->__construct() C:\wamp64\www\PLATAFORMA_INTEGRADA\backend\api\actividad.php:21
[08-May-2026 04:28:45 America/Santo_Domingo] PHP   3. session_start() C:\wamp64\www\PLATAFORMA_INTEGRADA\backend\Autenticacion.php:14
[08-May-2026 04:28:45 America/Santo_Domingo] PHP Notice:  session_start(): Ignoring session_start() because a session is already active (started from C:\wamp64\www\PLATAFORMA_INTEGRADA\backend\api\actividad.php on line 19) in C:\wamp64\www\PLATAFORMA_INTEGRADA\backend\Autenticacion.php on line 14
[08-May-2026 04:28:45 America/Santo_Domingo] PHP Stack trace:
[08-May-2026 04:28:45 America/Santo_Domingo] PHP   1. {main}() C:\wamp64\www\PLATAFORMA_INTEGRADA\backend\api\actividad.php:0
[08-May-2026 04:28:45 America/Santo_Domingo] PHP   2. Autenticacion->__construct() C:\wamp64\www\PLATAFORMA_INTEGRADA\backend\api\actividad.php:21
[08-May-2026 04:28:45 America/Santo_Domingo] PHP   3. session_start() C:\wamp64\www\PLATAFORMA_INTEGRADA\backend\Autenticacion.php:14
[08-May-2026 04:28:46 America/Santo_Domingo] PHP Notice:  session_start(): Ignoring session_start() because a session is already active (started from C:\wamp64\www\PLATAFORMA_INTEGRADA\backend\api\actividad.php on line 19) in C:\wamp64\www\PLATAFORMA_INTEGRADA\backend\Autenticacion.php on line 14
[08-May-2026 04:28:46 America/Santo_Domingo] PHP Stack trace:
[08-May-2026 04:28:46 America/Santo_Domingo] PHP   1. {main}() C:\wamp64\www\PLATAFORMA_INTEGRADA\backend\api\actividad.php:0
[08-May-2026 04:28:46 America/Santo_Domingo] PHP   2. Autenticacion->__construct() C:\wamp64\www\PLATAFORMA_INTEGRADA\backend\api\actividad.php:21
[08-May-2026 04:28:46 America/Santo_Domingo] PHP   3. session_start() C:\wamp64\www\PLATAFORMA_INTEGRADA\backend\Autenticacion.php:14
[08-May-2026 04:28:47 America/Santo_Domingo] PHP Notice:  session_start(): Ignoring session_start() because a session is already active (started from C:\wamp64\www\PLATAFORMA_INTEGRADA\backend\api\actividad.php on line 19) in C:\wamp64\www\PLATAFORMA_INTEGRADA\backend\Autenticacion.php on line 14
[08-May-2026 04:28:47 America/Santo_Domingo] PHP Stack trace:
[08-May-2026 04:28:47 America/Santo_Domingo] PHP   1. {main}() C:\wamp64\www\PLATAFORMA_INTEGRADA\backend\api\actividad.php:0
[08-May-2026 04:28:47 America/Santo_Domingo] PHP   2. Autenticacion->__construct() C:\wamp64\www\PLATAFORMA_INTEGRADA\backend\api\actividad.php:21
[08-May-2026 04:28:47 America/Santo_Domingo] PHP   3. session_start() C:\wamp64\www\PLATAFORMA_INTEGRADA\backend\Autenticacion.php:14
[08-May-2026 04:28:56 America/Santo_Domingo] PHP Notice:  session_start(): Ignoring session_start() because a session is already active (started from C:\wamp64\www\PLATAFORMA_INTEGRADA\backend\api\actividad.php on line 19) in C:\wamp64\www\PLATAFORMA_INTEGRADA\backend\Autenticacion.php on line 14
[08-May-2026 04:28:56 America/Santo_Domingo] PHP Stack trace:
[08-May-2026 04:28:56 America/Santo_Domingo] PHP   1. {main}() C:\wamp64\www\PLATAFORMA_INTEGRADA\backend\api\actividad.php:0
[08-May-2026 04:28:56 America/Santo_Domingo] PHP   2. Autenticacion->__construct() C:\wamp64\www\PLATAFORMA_INTEGRADA\backend\api\actividad.php:21
[08-May-2026 04:28:56 America/Santo_Domingo] PHP   3. session_start() C:\wamp64\www\PLATAFORMA_INTEGRADA\backend\Autenticacion.php:14
[08-May-2026 04:28:58 America/Santo_Domingo] PHP Notice:  session_start(): Ignoring session_start() because a session is already active (started from C:\wamp64\www\PLATAFORMA_INTEGRADA\backend\api\actividad.php on line 19) in C:\wamp64\www\PLATAFORMA_INTEGRADA\backend\Autenticacion.php on line 14
[08-May-2026 04:28:58 America/Santo_Domingo] PHP Stack trace:
[08-May-2026 04:28:58 America/Santo_Domingo] PHP   1. {main}() C:\wamp64\www\PLATAFORMA_INTEGRADA\backend\api\actividad.php:0
[08-May-2026 04:28:58 America/Santo_Domingo] PHP   2. Autenticacion->__construct() C:\wamp64\www\PLATAFORMA_INTEGRADA\backend\api\actividad.php:21
[08-May-2026 04:28:58 America/Santo_Domingo] PHP   3. session_start() C:\wamp64\www\PLATAFORMA_INTEGRADA\backend\Autenticacion.php:14
[08-May-2026 04:29:00 America/Santo_Domingo] PHP Notice:  session_start(): Ignoring session_start() because a session is already active (started from C:\wamp64\www\PLATAFORMA_INTEGRADA\backend\api\actividad.php on line 19) in C:\wamp64\www\PLATAFORMA_INTEGRADA\backend\Autenticacion.php on line 14
[08-May-2026 04:29:00 America/Santo_Domingo] PHP Stack trace:
[08-May-2026 04:29:00 America/Santo_Domingo] PHP   1. {main}() C:\wamp64\www\PLATAFORMA_INTEGRADA\backend\api\actividad.php:0
[08-May-2026 04:29:00 America/Santo_Domingo] PHP   2. Autenticacion->__construct() C:\wamp64\www\PLATAFORMA_INTEGRADA\backend\api\actividad.php:21
[08-May-2026 04:29:00 America/Santo_Domingo] PHP   3. session_start() C:\wamp64\www\PLATAFORMA_INTEGRADA\backend\Autenticacion.php:14
[08-May-2026 04:29:01 America/Santo_Domingo] PHP Notice:  session_start(): Ignoring session_start() because a session is already active (started from C:\wamp64\www\PLATAFORMA_INTEGRADA\backend\api\actividad.php on line 19) in C:\wamp64\www\PLATAFORMA_INTEGRADA\backend\Autenticacion.php on line 14
[08-May-2026 04:29:01 America/Santo_Domingo] PHP Stack trace:
[08-May-2026 04:29:01 America/Santo_Domingo] PHP   1. {main}() C:\wamp64\www\PLATAFORMA_INTEGRADA\backend\api\actividad.php:0
[08-May-2026 04:29:01 America/Santo_Domingo] PHP   2. Autenticacion->__construct() C:\wamp64\www\PLATAFORMA_INTEGRADA\backend\api\actividad.php:21
[08-May-2026 04:29:01 America/Santo_Domingo] PHP   3. session_start() C:\wamp64\www\PLATAFORMA_INTEGRADA\backend\Autenticacion.php:14
[08-May-2026 04:29:02 America/Santo_Domingo] PHP Notice:  session_start(): Ignoring session_start() because a session is already active (started from C:\wamp64\www\PLATAFORMA_INTEGRADA\backend\api\actividad.php on line 19) in C:\wamp64\www\PLATAFORMA_INTEGRADA\backend\Autenticacion.php on line 14
[08-May-2026 04:29:02 America/Santo_Domingo] PHP Stack trace:
[08-May-2026 04:29:02 America/Santo_Domingo] PHP   1. {main}() C:\wamp64\www\PLATAFORMA_INTEGRADA\backend\api\actividad.php:0
[08-May-2026 04:29:02 America/Santo_Domingo] PHP   2. Autenticacion->__construct() C:\wamp64\www\PLATAFORMA_INTEGRADA\backend\api\actividad.php:21
[08-May-2026 04:29:02 America/Santo_Domingo] PHP   3. session_start() C:\wamp64\www\PLATAFORMA_INTEGRADA\backend\Autenticacion.php:14
[08-May-2026 04:29:04 America/Santo_Domingo] PHP Notice:  session_start(): Ignoring session_start() because a session is already active (started from C:\wamp64\www\PLATAFORMA_INTEGRADA\backend\api\actividad.php on line 19) in C:\wamp64\www\PLATAFORMA_INTEGRADA\backend\Autenticacion.php on line 14
[08-May-2026 04:29:04 America/Santo_Domingo] PHP Stack trace:
[08-May-2026 04:29:04 America/Santo_Domingo] PHP   1. {main}() C:\wamp64\www\PLATAFORMA_INTEGRADA\backend\api\actividad.php:0
[08-May-2026 04:29:04 America/Santo_Domingo] PHP   2. Autenticacion->__construct() C:\wamp64\www\PLATAFORMA_INTEGRADA\backend\api\actividad.php:21
[08-May-2026 04:29:04 America/Santo_Domingo] PHP   3. session_start() C:\wamp64\www\PLATAFORMA_INTEGRADA\backend\Autenticacion.php:14
[08-May-2026 04:29:17 America/Santo_Domingo] PHP Notice:  session_start(): Ignoring session_start() because a session is already active (started from C:\wamp64\www\PLATAFORMA_INTEGRADA\backend\api\actividad.php on line 19) in C:\wamp64\www\PLATAFORMA_INTEGRADA\backend\Autenticacion.php on line 14
[08-May-2026 04:29:17 America/Santo_Domingo] PHP Stack trace:
[08-May-2026 04:29:17 America/Santo_Domingo] PHP   1. {main}() C:\wamp64\www\PLATAFORMA_INTEGRADA\backend\api\actividad.php:0
[08-May-2026 04:29:17 America/Santo_Domingo] PHP   2. Autenticacion->__construct() C:\wamp64\www\PLATAFORMA_INTEGRADA\backend\api\actividad.php:21
[08-May-2026 04:29:17 America/Santo_Domingo] PHP   3. session_start() C:\wamp64\www\PLATAFORMA_INTEGRADA\backend\Autenticacion.php:14
[08-May-2026 04:29:24 America/Santo_Domingo] PHP Notice:  session_start(): Ignoring session_start() because a session is already active (started from C:\wamp64\www\PLATAFORMA_INTEGRADA\backend\api\actividad.php on line 19) in C:\wamp64\www\PLATAFORMA_INTEGRADA\backend\Autenticacion.php on line 14
[08-May-2026 04:29:24 America/Santo_Domingo] PHP Stack trace:
[08-May-2026 04:29:24 America/Santo_Domingo] PHP   1. {main}() C:\wamp64\www\PLATAFORMA_INTEGRADA\backend\api\actividad.php:0
[08-May-2026 04:29:24 America/Santo_Domingo] PHP   2. Autenticacion->__construct() C:\wamp64\www\PLATAFORMA_INTEGRADA\backend\api\actividad.php:21
[08-May-2026 04:29:24 America/Santo_Domingo] PHP   3. session_start() C:\wamp64\www\PLATAFORMA_INTEGRADA\backend\Autenticacion.php:14
[08-May-2026 04:29:41 America/Santo_Domingo] PHP Notice:  session_start(): Ignoring session_start() because a session is already active (started from C:\wamp64\www\PLATAFORMA_INTEGRADA\backend\api\actividad.php on line 19) in C:\wamp64\www\PLATAFORMA_INTEGRADA\backend\Autenticacion.php on line 14
[08-May-2026 04:29:41 America/Santo_Domingo] PHP Stack trace:
[08-May-2026 04:29:41 America/Santo_Domingo] PHP   1. {main}() C:\wamp64\www\PLATAFORMA_INTEGRADA\backend\api\actividad.php:0
[08-May-2026 04:29:41 America/Santo_Domingo] PHP   2. Autenticacion->__construct() C:\wamp64\www\PLATAFORMA_INTEGRADA\backend\api\actividad.php:21
[08-May-2026 04:29:41 America/Santo_Domingo] PHP   3. session_start() C:\wamp64\www\PLATAFORMA_INTEGRADA\backend\Autenticacion.php:14
[08-May-2026 04:29:42 America/Santo_Domingo] PHP Notice:  session_start(): Ignoring session_start() because a session is already active (started from C:\wamp64\www\PLATAFORMA_INTEGRADA\backend\api\actividad.php on line 19) in C:\wamp64\www\PLATAFORMA_INTEGRADA\backend\Autenticacion.php on line 14
[08-May-2026 04:29:42 America/Santo_Domingo] PHP Stack trace:
[08-May-2026 04:29:42 America/Santo_Domingo] PHP   1. {main}() C:\wamp64\www\PLATAFORMA_INTEGRADA\backend\api\actividad.php:0
[08-May-2026 04:29:42 America/Santo_Domingo] PHP   2. Autenticacion->__construct() C:\wamp64\www\PLATAFORMA_INTEGRADA\backend\api\actividad.php:21
[08-May-2026 04:29:42 America/Santo_Domingo] PHP   3. session_start() C:\wamp64\www\PLATAFORMA_INTEGRADA\backend\Autenticacion.php:14
[08-May-2026 04:31:42 America/Santo_Domingo] PHP Notice:  session_start(): Ignoring session_start() because a session is already active (started from C:\wamp64\www\PLATAFORMA_INTEGRADA\backend\api\actividad.php on line 19) in C:\wamp64\www\PLATAFORMA_INTEGRADA\backend\Autenticacion.php on line 14
[08-May-2026 04:31:42 America/Santo_Domingo] PHP Stack trace:
[08-May-2026 04:31:42 America/Santo_Domingo] PHP   1. {main}() C:\wamp64\www\PLATAFORMA_INTEGRADA\backend\api\actividad.php:0
[08-May-2026 04:31:42 America/Santo_Domingo] PHP   2. Autenticacion->__construct() C:\wamp64\www\PLATAFORMA_INTEGRADA\backend\api\actividad.php:21
[08-May-2026 04:31:42 America/Santo_Domingo] PHP   3. session_start() C:\wamp64\www\PLATAFORMA_INTEGRADA\backend\Autenticacion.php:14
[08-May-2026 04:32:09 America/Santo_Domingo] PHP Notice:  session_start(): Ignoring session_start() because a session is already active (started from C:\wamp64\www\PLATAFORMA_INTEGRADA\backend\api\actividad.php on line 19) in C:\wamp64\www\PLATAFORMA_INTEGRADA\backend\Autenticacion.php on line 14
[08-May-2026 04:32:09 America/Santo_Domingo] PHP Stack trace:
[08-May-2026 04:32:09 America/Santo_Domingo] PHP   1. {main}() C:\wamp64\www\PLATAFORMA_INTEGRADA\backend\api\actividad.php:0
[08-May-2026 04:32:09 America/Santo_Domingo] PHP   2. Autenticacion->__construct() C:\wamp64\www\PLATAFORMA_INTEGRADA\backend\api\actividad.php:21
[08-May-2026 04:32:09 America/Santo_Domingo] PHP   3. session_start() C:\wamp64\www\PLATAFORMA_INTEGRADA\backend\Autenticacion.php:14
[08-May-2026 04:32:41 America/Santo_Domingo] PHP Notice:  session_start(): Ignoring session_start() because a session is already active (started from C:\wamp64\www\PLATAFORMA_INTEGRADA\backend\api\actividad.php on line 19) in C:\wamp64\www\PLATAFORMA_INTEGRADA\backend\Autenticacion.php on line 14
[08-May-2026 04:32:41 America/Santo_Domingo] PHP Stack trace:
[08-May-2026 04:32:41 America/Santo_Domingo] PHP   1. {main}() C:\wamp64\www\PLATAFORMA_INTEGRADA\backend\api\actividad.php:0
[08-May-2026 04:32:41 America/Santo_Domingo] PHP   2. Autenticacion->__construct() C:\wamp64\www\PLATAFORMA_INTEGRADA\backend\api\actividad.php:21
[08-May-2026 04:32:41 America/Santo_Domingo] PHP   3. session_start() C:\wamp64\www\PLATAFORMA_INTEGRADA\backend\Autenticacion.php:14
[08-May-2026 04:34:24 America/Santo_Domingo] PHP Notice:  session_start(): Ignoring session_start() because a session is already active (started from C:\wamp64\www\PLATAFORMA_INTEGRADA\backend\api\actividad.php on line 19) in C:\wamp64\www\PLATAFORMA_INTEGRADA\backend\Autenticacion.php on line 14
[08-May-2026 04:34:24 America/Santo_Domingo] PHP Stack trace:
[08-May-2026 04:34:24 America/Santo_Domingo] PHP   1. {main}() C:\wamp64\www\PLATAFORMA_INTEGRADA\backend\api\actividad.php:0
[08-May-2026 04:34:24 America/Santo_Domingo] PHP   2. Autenticacion->__construct() C:\wamp64\www\PLATAFORMA_INTEGRADA\backend\api\actividad.php:21
[08-May-2026 04:34:24 America/Santo_Domingo] PHP   3. session_start() C:\wamp64\www\PLATAFORMA_INTEGRADA\backend\Autenticacion.php:14
[08-May-2026 04:34:32 America/Santo_Domingo] PHP Notice:  session_start(): Ignoring session_start() because a session is already active (started from C:\wamp64\www\PLATAFORMA_INTEGRADA\backend\api\actividad.php on line 19) in C:\wamp64\www\PLATAFORMA_INTEGRADA\backend\Autenticacion.php on line 14
[08-May-2026 04:34:32 America/Santo_Domingo] PHP Stack trace:
[08-May-2026 04:34:32 America/Santo_Domingo] PHP   1. {main}() C:\wamp64\www\PLATAFORMA_INTEGRADA\backend\api\actividad.php:0
[08-May-2026 04:34:32 America/Santo_Domingo] PHP   2. Autenticacion->__construct() C:\wamp64\www\PLATAFORMA_INTEGRADA\backend\api\actividad.php:21
[08-May-2026 04:34:32 America/Santo_Domingo] PHP   3. session_start() C:\wamp64\www\PLATAFORMA_INTEGRADA\backend\Autenticacion.php:14
[08-May-2026 04:34:52 America/Santo_Domingo] PHP Notice:  session_start(): Ignoring session_start() because a session is already active (started from C:\wamp64\www\PLATAFORMA_INTEGRADA\backend\api\actividad.php on line 19) in C:\wamp64\www\PLATAFORMA_INTEGRADA\backend\Autenticacion.php on line 14
[08-May-2026 04:34:52 America/Santo_Domingo] PHP Stack trace:
[08-May-2026 04:34:52 America/Santo_Domingo] PHP   1. {main}() C:\wamp64\www\PLATAFORMA_INTEGRADA\backend\api\actividad.php:0
[08-May-2026 04:34:52 America/Santo_Domingo] PHP   2. Autenticacion->__construct() C:\wamp64\www\PLATAFORMA_INTEGRADA\backend\api\actividad.php:21
[08-May-2026 04:34:52 America/Santo_Domingo] PHP   3. session_start() C:\wamp64\www\PLATAFORMA_INTEGRADA\backend\Autenticacion.php:14
[08-May-2026 04:34:57 America/Santo_Domingo] PHP Notice:  session_start(): Ignoring session_start() because a session is already active (started from C:\wamp64\www\PLATAFORMA_INTEGRADA\backend\api\actividad.php on line 19) in C:\wamp64\www\PLATAFORMA_INTEGRADA\backend\Autenticacion.php on line 14
[08-May-2026 04:34:57 America/Santo_Domingo] PHP Stack trace:
[08-May-2026 04:34:57 America/Santo_Domingo] PHP   1. {main}() C:\wamp64\www\PLATAFORMA_INTEGRADA\backend\api\actividad.php:0
[08-May-2026 04:34:57 America/Santo_Domingo] PHP   2. Autenticacion->__construct() C:\wamp64\www\PLATAFORMA_INTEGRADA\backend\api\actividad.php:21
[08-May-2026 04:34:57 America/Santo_Domingo] PHP   3. session_start() C:\wamp64\www\PLATAFORMA_INTEGRADA\backend\Autenticacion.php:14
[08-May-2026 04:35:00 America/Santo_Domingo] PHP Notice:  session_start(): Ignoring session_start() because a session is already active (started from C:\wamp64\www\PLATAFORMA_INTEGRADA\backend\api\actividad.php on line 19) in C:\wamp64\www\PLATAFORMA_INTEGRADA\backend\Autenticacion.php on line 14
[08-May-2026 04:35:00 America/Santo_Domingo] PHP Stack trace:
[08-May-2026 04:35:00 America/Santo_Domingo] PHP   1. {main}() C:\wamp64\www\PLATAFORMA_INTEGRADA\backend\api\actividad.php:0
[08-May-2026 04:35:00 America/Santo_Domingo] PHP   2. Autenticacion->__construct() C:\wamp64\www\PLATAFORMA_INTEGRADA\backend\api\actividad.php:21
[08-May-2026 04:35:00 America/Santo_Domingo] PHP   3. session_start() C:\wamp64\www\PLATAFORMA_INTEGRADA\backend\Autenticacion.php:14
[08-May-2026 04:35:02 America/Santo_Domingo] PHP Notice:  session_start(): Ignoring session_start() because a session is already active (started from C:\wamp64\www\PLATAFORMA_INTEGRADA\backend\api\actividad.php on line 19) in C:\wamp64\www\PLATAFORMA_INTEGRADA\backend\Autenticacion.php on line 14
[08-May-2026 04:35:02 America/Santo_Domingo] PHP Stack trace:
[08-May-2026 04:35:02 America/Santo_Domingo] PHP   1. {main}() C:\wamp64\www\PLATAFORMA_INTEGRADA\backend\api\actividad.php:0
[08-May-2026 04:35:02 America/Santo_Domingo] PHP   2. Autenticacion->__construct() C:\wamp64\www\PLATAFORMA_INTEGRADA\backend\api\actividad.php:21
[08-May-2026 04:35:02 America/Santo_Domingo] PHP   3. session_start() C:\wamp64\www\PLATAFORMA_INTEGRADA\backend\Autenticacion.php:14
[08-May-2026 04:35:02 America/Santo_Domingo] PHP Notice:  session_start(): Ignoring session_start() because a session is already active (started from C:\wamp64\www\PLATAFORMA_INTEGRADA\backend\api\actividad.php on line 19) in C:\wamp64\www\PLATAFORMA_INTEGRADA\backend\Autenticacion.php on line 14
[08-May-2026 04:35:02 America/Santo_Domingo] PHP Stack trace:
[08-May-2026 04:35:02 America/Santo_Domingo] PHP   1. {main}() C:\wamp64\www\PLATAFORMA_INTEGRADA\backend\api\actividad.php:0
[08-May-2026 04:35:02 America/Santo_Domingo] PHP   2. Autenticacion->__construct() C:\wamp64\www\PLATAFORMA_INTEGRADA\backend\api\actividad.php:21
[08-May-2026 04:35:02 America/Santo_Domingo] PHP   3. session_start() C:\wamp64\www\PLATAFORMA_INTEGRADA\backend\Autenticacion.php:14
[08-May-2026 04:35:03 America/Santo_Domingo] PHP Notice:  session_start(): Ignoring session_start() because a session is already active (started from C:\wamp64\www\PLATAFORMA_INTEGRADA\backend\api\actividad.php on line 19) in C:\wamp64\www\PLATAFORMA_INTEGRADA\backend\Autenticacion.php on line 14
[08-May-2026 04:35:03 America/Santo_Domingo] PHP Stack trace:
[08-May-2026 04:35:03 America/Santo_Domingo] PHP   1. {main}() C:\wamp64\www\PLATAFORMA_INTEGRADA\backend\api\actividad.php:0
[08-May-2026 04:35:03 America/Santo_Domingo] PHP   2. Autenticacion->__construct() C:\wamp64\www\PLATAFORMA_INTEGRADA\backend\api\actividad.php:21
[08-May-2026 04:35:03 America/Santo_Domingo] PHP   3. session_start() C:\wamp64\www\PLATAFORMA_INTEGRADA\backend\Autenticacion.php:14
[08-May-2026 04:35:04 America/Santo_Domingo] PHP Notice:  session_start(): Ignoring session_start() because a session is already active (started from C:\wamp64\www\PLATAFORMA_INTEGRADA\backend\api\actividad.php on line 19) in C:\wamp64\www\PLATAFORMA_INTEGRADA\backend\Autenticacion.php on line 14
[08-May-2026 04:35:04 America/Santo_Domingo] PHP Stack trace:
[08-May-2026 04:35:04 America/Santo_Domingo] PHP   1. {main}() C:\wamp64\www\PLATAFORMA_INTEGRADA\backend\api\actividad.php:0
[08-May-2026 04:35:04 America/Santo_Domingo] PHP   2. Autenticacion->__construct() C:\wamp64\www\PLATAFORMA_INTEGRADA\backend\api\actividad.php:21
[08-May-2026 04:35:04 America/Santo_Domingo] PHP   3. session_start() C:\wamp64\www\PLATAFORMA_INTEGRADA\backend\Autenticacion.php:14
[08-May-2026 04:35:09 America/Santo_Domingo] PHP Notice:  session_start(): Ignoring session_start() because a session is already active (started from C:\wamp64\www\PLATAFORMA_INTEGRADA\backend\api\actividad.php on line 19) in C:\wamp64\www\PLATAFORMA_INTEGRADA\backend\Autenticacion.php on line 14
[08-May-2026 04:35:09 America/Santo_Domingo] PHP Stack trace:
[08-May-2026 04:35:09 America/Santo_Domingo] PHP   1. {main}() C:\wamp64\www\PLATAFORMA_INTEGRADA\backend\api\actividad.php:0
[08-May-2026 04:35:09 America/Santo_Domingo] PHP   2. Autenticacion->__construct() C:\wamp64\www\PLATAFORMA_INTEGRADA\backend\api\actividad.php:21
[08-May-2026 04:35:09 America/Santo_Domingo] PHP   3. session_start() C:\wamp64\www\PLATAFORMA_INTEGRADA\backend\Autenticacion.php:14
[08-May-2026 04:35:12 America/Santo_Domingo] PHP Notice:  session_start(): Ignoring session_start() because a session is already active (started from C:\wamp64\www\PLATAFORMA_INTEGRADA\backend\api\actividad.php on line 19) in C:\wamp64\www\PLATAFORMA_INTEGRADA\backend\Autenticacion.php on line 14
[08-May-2026 04:35:12 America/Santo_Domingo] PHP Stack trace:
[08-May-2026 04:35:12 America/Santo_Domingo] PHP   1. {main}() C:\wamp64\www\PLATAFORMA_INTEGRADA\backend\api\actividad.php:0
[08-May-2026 04:35:12 America/Santo_Domingo] PHP   2. Autenticacion->__construct() C:\wamp64\www\PLATAFORMA_INTEGRADA\backend\api\actividad.php:21
[08-May-2026 04:35:12 America/Santo_Domingo] PHP   3. session_start() C:\wamp64\www\PLATAFORMA_INTEGRADA\backend\Autenticacion.php:14
[08-May-2026 04:35:17 America/Santo_Domingo] PHP Notice:  session_start(): Ignoring session_start() because a session is already active (started from C:\wamp64\www\PLATAFORMA_INTEGRADA\backend\api\actividad.php on line 19) in C:\wamp64\www\PLATAFORMA_INTEGRADA\backend\Autenticacion.php on line 14
[08-May-2026 04:35:17 America/Santo_Domingo] PHP Stack trace:
[08-May-2026 04:35:17 America/Santo_Domingo] PHP   1. {main}() C:\wamp64\www\PLATAFORMA_INTEGRADA\backend\api\actividad.php:0
[08-May-2026 04:35:17 America/Santo_Domingo] PHP   2. Autenticacion->__construct() C:\wamp64\www\PLATAFORMA_INTEGRADA\backend\api\actividad.php:21
[08-May-2026 04:35:17 America/Santo_Domingo] PHP   3. session_start() C:\wamp64\www\PLATAFORMA_INTEGRADA\backend\Autenticacion.php:14
[08-May-2026 04:35:20 America/Santo_Domingo] PHP Notice:  session_start(): Ignoring session_start() because a session is already active (started from C:\wamp64\www\PLATAFORMA_INTEGRADA\backend\api\actividad.php on line 19) in C:\wamp64\www\PLATAFORMA_INTEGRADA\backend\Autenticacion.php on line 14
[08-May-2026 04:35:20 America/Santo_Domingo] PHP Stack trace:
[08-May-2026 04:35:20 America/Santo_Domingo] PHP   1. {main}() C:\wamp64\www\PLATAFORMA_INTEGRADA\backend\api\actividad.php:0
[08-May-2026 04:35:20 America/Santo_Domingo] PHP   2. Autenticacion->__construct() C:\wamp64\www\PLATAFORMA_INTEGRADA\backend\api\actividad.php:21
[08-May-2026 04:35:20 America/Santo_Domingo] PHP   3. session_start() C:\wamp64\www\PLATAFORMA_INTEGRADA\backend\Autenticacion.php:14
[08-May-2026 04:35:23 America/Santo_Domingo] PHP Notice:  session_start(): Ignoring session_start() because a session is already active (started from C:\wamp64\www\PLATAFORMA_INTEGRADA\backend\api\actividad.php on line 19) in C:\wamp64\www\PLATAFORMA_INTEGRADA\backend\Autenticacion.php on line 14
[08-May-2026 04:35:23 America/Santo_Domingo] PHP Stack trace:
[08-May-2026 04:35:23 America/Santo_Domingo] PHP   1. {main}() C:\wamp64\www\PLATAFORMA_INTEGRADA\backend\api\actividad.php:0
[08-May-2026 04:35:23 America/Santo_Domingo] PHP   2. Autenticacion->__construct() C:\wamp64\www\PLATAFORMA_INTEGRADA\backend\api\actividad.php:21
[08-May-2026 04:35:23 America/Santo_Domingo] PHP   3. session_start() C:\wamp64\www\PLATAFORMA_INTEGRADA\backend\Autenticacion.php:14
[08-May-2026 04:38:32 America/Santo_Domingo] PHP Notice:  session_start(): Ignoring session_start() because a session is already active (started from C:\wamp64\www\PLATAFORMA_INTEGRADA\backend\api\actividad.php on line 19) in C:\wamp64\www\PLATAFORMA_INTEGRADA\backend\Autenticacion.php on line 14
[08-May-2026 04:38:32 America/Santo_Domingo] PHP Stack trace:
[08-May-2026 04:38:32 America/Santo_Domingo] PHP   1. {main}() C:\wamp64\www\PLATAFORMA_INTEGRADA\backend\api\actividad.php:0
[08-May-2026 04:38:32 America/Santo_Domingo] PHP   2. Autenticacion->__construct() C:\wamp64\www\PLATAFORMA_INTEGRADA\backend\api\actividad.php:21
[08-May-2026 04:38:32 America/Santo_Domingo] PHP   3. session_start() C:\wamp64\www\PLATAFORMA_INTEGRADA\backend\Autenticacion.php:14
[08-May-2026 04:40:04 America/Santo_Domingo] PHP Notice:  session_start(): Ignoring session_start() because a session is already active (started from C:\wamp64\www\PLATAFORMA_INTEGRADA\backend\api\actividad.php on line 19) in C:\wamp64\www\PLATAFORMA_INTEGRADA\backend\Autenticacion.php on line 14
[08-May-2026 04:40:04 America/Santo_Domingo] PHP Stack trace:
[08-May-2026 04:40:04 America/Santo_Domingo] PHP   1. {main}() C:\wamp64\www\PLATAFORMA_INTEGRADA\backend\api\actividad.php:0
[08-May-2026 04:40:04 America/Santo_Domingo] PHP   2. Autenticacion->__construct() C:\wamp64\www\PLATAFORMA_INTEGRADA\backend\api\actividad.php:21
[08-May-2026 04:40:04 America/Santo_Domingo] PHP   3. session_start() C:\wamp64\www\PLATAFORMA_INTEGRADA\backend\Autenticacion.php:14
[08-May-2026 04:40:05 America/Santo_Domingo] PHP Notice:  session_start(): Ignoring session_start() because a session is already active (started from C:\wamp64\www\PLATAFORMA_INTEGRADA\backend\api\actividad.php on line 19) in C:\wamp64\www\PLATAFORMA_INTEGRADA\backend\Autenticacion.php on line 14
[08-May-2026 04:40:05 America/Santo_Domingo] PHP Stack trace:
[08-May-2026 04:40:05 America/Santo_Domingo] PHP   1. {main}() C:\wamp64\www\PLATAFORMA_INTEGRADA\backend\api\actividad.php:0
[08-May-2026 04:40:05 America/Santo_Domingo] PHP   2. Autenticacion->__construct() C:\wamp64\www\PLATAFORMA_INTEGRADA\backend\api\actividad.php:21
[08-May-2026 04:40:05 America/Santo_Domingo] PHP   3. session_start() C:\wamp64\www\PLATAFORMA_INTEGRADA\backend\Autenticacion.php:14
[08-May-2026 04:40:07 America/Santo_Domingo] PHP Notice:  session_start(): Ignoring session_start() because a session is already active (started from C:\wamp64\www\PLATAFORMA_INTEGRADA\backend\api\actividad.php on line 19) in C:\wamp64\www\PLATAFORMA_INTEGRADA\backend\Autenticacion.php on line 14
[08-May-2026 04:40:07 America/Santo_Domingo] PHP Stack trace:
[08-May-2026 04:40:07 America/Santo_Domingo] PHP   1. {main}() C:\wamp64\www\PLATAFORMA_INTEGRADA\backend\api\actividad.php:0
[08-May-2026 04:40:07 America/Santo_Domingo] PHP   2. Autenticacion->__construct() C:\wamp64\www\PLATAFORMA_INTEGRADA\backend\api\actividad.php:21
[08-May-2026 04:40:07 America/Santo_Domingo] PHP   3. session_start() C:\wamp64\www\PLATAFORMA_INTEGRADA\backend\Autenticacion.php:14
[08-May-2026 04:41:20 America/Santo_Domingo] PHP Notice:  session_start(): Ignoring session_start() because a session is already active (started from C:\wamp64\www\PLATAFORMA_INTEGRADA\backend\api\actividad.php on line 19) in C:\wamp64\www\PLATAFORMA_INTEGRADA\backend\Autenticacion.php on line 14
[08-May-2026 04:41:20 America/Santo_Domingo] PHP Stack trace:
[08-May-2026 04:41:20 America/Santo_Domingo] PHP   1. {main}() C:\wamp64\www\PLATAFORMA_INTEGRADA\backend\api\actividad.php:0
[08-May-2026 04:41:20 America/Santo_Domingo] PHP   2. Autenticacion->__construct() C:\wamp64\www\PLATAFORMA_INTEGRADA\backend\api\actividad.php:21
[08-May-2026 04:41:20 America/Santo_Domingo] PHP   3. session_start() C:\wamp64\www\PLATAFORMA_INTEGRADA\backend\Autenticacion.php:14
[08-May-2026 04:41:20 America/Santo_Domingo] PHP Notice:  session_start(): Ignoring session_start() because a session is already active (started from C:\wamp64\www\PLATAFORMA_INTEGRADA\backend\api\actividad.php on line 19) in C:\wamp64\www\PLATAFORMA_INTEGRADA\backend\Autenticacion.php on line 14
[08-May-2026 04:41:20 America/Santo_Domingo] PHP Stack trace:
[08-May-2026 04:41:20 America/Santo_Domingo] PHP   1. {main}() C:\wamp64\www\PLATAFORMA_INTEGRADA\backend\api\actividad.php:0
[08-May-2026 04:41:20 America/Santo_Domingo] PHP   2. Autenticacion->__construct() C:\wamp64\www\PLATAFORMA_INTEGRADA\backend\api\actividad.php:21
[08-May-2026 04:41:20 America/Santo_Domingo] PHP   3. session_start() C:\wamp64\www\PLATAFORMA_INTEGRADA\backend\Autenticacion.php:14
[08-May-2026 04:41:22 America/Santo_Domingo] PHP Notice:  session_start(): Ignoring session_start() because a session is already active (started from C:\wamp64\www\PLATAFORMA_INTEGRADA\backend\api\actividad.php on line 19) in C:\wamp64\www\PLATAFORMA_INTEGRADA\backend\Autenticacion.php on line 14
[08-May-2026 04:41:22 America/Santo_Domingo] PHP Stack trace:
[08-May-2026 04:41:22 America/Santo_Domingo] PHP   1. {main}() C:\wamp64\www\PLATAFORMA_INTEGRADA\backend\api\actividad.php:0
[08-May-2026 04:41:22 America/Santo_Domingo] PHP   2. Autenticacion->__construct() C:\wamp64\www\PLATAFORMA_INTEGRADA\backend\api\actividad.php:21
[08-May-2026 04:41:22 America/Santo_Domingo] PHP   3. session_start() C:\wamp64\www\PLATAFORMA_INTEGRADA\backend\Autenticacion.php:14
[08-May-2026 04:41:26 America/Santo_Domingo] PHP Notice:  session_start(): Ignoring session_start() because a session is already active (started from C:\wamp64\www\PLATAFORMA_INTEGRADA\backend\api\actividad.php on line 19) in C:\wamp64\www\PLATAFORMA_INTEGRADA\backend\Autenticacion.php on line 14
[08-May-2026 04:41:26 America/Santo_Domingo] PHP Stack trace:
[08-May-2026 04:41:26 America/Santo_Domingo] PHP   1. {main}() C:\wamp64\www\PLATAFORMA_INTEGRADA\backend\api\actividad.php:0
[08-May-2026 04:41:26 America/Santo_Domingo] PHP   2. Autenticacion->__construct() C:\wamp64\www\PLATAFORMA_INTEGRADA\backend\api\actividad.php:21
[08-May-2026 04:41:26 America/Santo_Domingo] PHP   3. session_start() C:\wamp64\www\PLATAFORMA_INTEGRADA\backend\Autenticacion.php:14
[08-May-2026 04:41:28 America/Santo_Domingo] PHP Notice:  session_start(): Ignoring session_start() because a session is already active (started from C:\wamp64\www\PLATAFORMA_INTEGRADA\backend\api\actividad.php on line 19) in C:\wamp64\www\PLATAFORMA_INTEGRADA\backend\Autenticacion.php on line 14
[08-May-2026 04:41:28 America/Santo_Domingo] PHP Stack trace:
[08-May-2026 04:41:28 America/Santo_Domingo] PHP   1. {main}() C:\wamp64\www\PLATAFORMA_INTEGRADA\backend\api\actividad.php:0
[08-May-2026 04:41:28 America/Santo_Domingo] PHP   2. Autenticacion->__construct() C:\wamp64\www\PLATAFORMA_INTEGRADA\backend\api\actividad.php:21
[08-May-2026 04:41:28 America/Santo_Domingo] PHP   3. session_start() C:\wamp64\www\PLATAFORMA_INTEGRADA\backend\Autenticacion.php:14
[08-May-2026 04:41:30 America/Santo_Domingo] PHP Notice:  session_start(): Ignoring session_start() because a session is already active (started from C:\wamp64\www\PLATAFORMA_INTEGRADA\backend\api\actividad.php on line 19) in C:\wamp64\www\PLATAFORMA_INTEGRADA\backend\Autenticacion.php on line 14
[08-May-2026 04:41:30 America/Santo_Domingo] PHP Stack trace:
[08-May-2026 04:41:30 America/Santo_Domingo] PHP   1. {main}() C:\wamp64\www\PLATAFORMA_INTEGRADA\backend\api\actividad.php:0
[08-May-2026 04:41:30 America/Santo_Domingo] PHP   2. Autenticacion->__construct() C:\wamp64\www\PLATAFORMA_INTEGRADA\backend\api\actividad.php:21
[08-May-2026 04:41:30 America/Santo_Domingo] PHP   3. session_start() C:\wamp64\www\PLATAFORMA_INTEGRADA\backend\Autenticacion.php:14
[08-May-2026 04:41:32 America/Santo_Domingo] PHP Notice:  session_start(): Ignoring session_start() because a session is already active (started from C:\wamp64\www\PLATAFORMA_INTEGRADA\backend\api\actividad.php on line 19) in C:\wamp64\www\PLATAFORMA_INTEGRADA\backend\Autenticacion.php on line 14
[08-May-2026 04:41:32 America/Santo_Domingo] PHP Stack trace:
[08-May-2026 04:41:32 America/Santo_Domingo] PHP   1. {main}() C:\wamp64\www\PLATAFORMA_INTEGRADA\backend\api\actividad.php:0
[08-May-2026 04:41:32 America/Santo_Domingo] PHP   2. Autenticacion->__construct() C:\wamp64\www\PLATAFORMA_INTEGRADA\backend\api\actividad.php:21
[08-May-2026 04:41:32 America/Santo_Domingo] PHP   3. session_start() C:\wamp64\www\PLATAFORMA_INTEGRADA\backend\Autenticacion.php:14
[08-May-2026 04:41:34 America/Santo_Domingo] PHP Notice:  session_start(): Ignoring session_start() because a session is already active (started from C:\wamp64\www\PLATAFORMA_INTEGRADA\backend\api\actividad.php on line 19) in C:\wamp64\www\PLATAFORMA_INTEGRADA\backend\Autenticacion.php on line 14
[08-May-2026 04:41:34 America/Santo_Domingo] PHP Stack trace:
[08-May-2026 04:41:34 America/Santo_Domingo] PHP   1. {main}() C:\wamp64\www\PLATAFORMA_INTEGRADA\backend\api\actividad.php:0
[08-May-2026 04:41:34 America/Santo_Domingo] PHP   2. Autenticacion->__construct() C:\wamp64\www\PLATAFORMA_INTEGRADA\backend\api\actividad.php:21
[08-May-2026 04:41:34 America/Santo_Domingo] PHP   3. session_start() C:\wamp64\www\PLATAFORMA_INTEGRADA\backend\Autenticacion.php:14
[08-May-2026 04:41:37 America/Santo_Domingo] PHP Notice:  session_start(): Ignoring session_start() because a session is already active (started from C:\wamp64\www\PLATAFORMA_INTEGRADA\backend\api\actividad.php on line 19) in C:\wamp64\www\PLATAFORMA_INTEGRADA\backend\Autenticacion.php on line 14
[08-May-2026 04:41:37 America/Santo_Domingo] PHP Stack trace:
[08-May-2026 04:41:37 America/Santo_Domingo] PHP   1. {main}() C:\wamp64\www\PLATAFORMA_INTEGRADA\backend\api\actividad.php:0
[08-May-2026 04:41:37 America/Santo_Domingo] PHP   2. Autenticacion->__construct() C:\wamp64\www\PLATAFORMA_INTEGRADA\backend\api\actividad.php:21
[08-May-2026 04:41:37 America/Santo_Domingo] PHP   3. session_start() C:\wamp64\www\PLATAFORMA_INTEGRADA\backend\Autenticacion.php:14
[08-May-2026 04:41:39 America/Santo_Domingo] PHP Notice:  session_start(): Ignoring session_start() because a session is already active (started from C:\wamp64\www\PLATAFORMA_INTEGRADA\backend\api\actividad.php on line 19) in C:\wamp64\www\PLATAFORMA_INTEGRADA\backend\Autenticacion.php on line 14
[08-May-2026 04:41:39 America/Santo_Domingo] PHP Stack trace:
[08-May-2026 04:41:39 America/Santo_Domingo] PHP   1. {main}() C:\wamp64\www\PLATAFORMA_INTEGRADA\backend\api\actividad.php:0
[08-May-2026 04:41:39 America/Santo_Domingo] PHP   2. Autenticacion->__construct() C:\wamp64\www\PLATAFORMA_INTEGRADA\backend\api\actividad.php:21
[08-May-2026 04:41:39 America/Santo_Domingo] PHP   3. session_start() C:\wamp64\www\PLATAFORMA_INTEGRADA\backend\Autenticacion.php:14
[08-May-2026 04:41:44 America/Santo_Domingo] PHP Notice:  session_start(): Ignoring session_start() because a session is already active (started from C:\wamp64\www\PLATAFORMA_INTEGRADA\backend\api\actividad.php on line 19) in C:\wamp64\www\PLATAFORMA_INTEGRADA\backend\Autenticacion.php on line 14
[08-May-2026 04:41:44 America/Santo_Domingo] PHP Stack trace:
[08-May-2026 04:41:44 America/Santo_Domingo] PHP   1. {main}() C:\wamp64\www\PLATAFORMA_INTEGRADA\backend\api\actividad.php:0
[08-May-2026 04:41:44 America/Santo_Domingo] PHP   2. Autenticacion->__construct() C:\wamp64\www\PLATAFORMA_INTEGRADA\backend\api\actividad.php:21
[08-May-2026 04:41:44 America/Santo_Domingo] PHP   3. session_start() C:\wamp64\www\PLATAFORMA_INTEGRADA\backend\Autenticacion.php:14
[08-May-2026 04:41:49 America/Santo_Domingo] PHP Notice:  session_start(): Ignoring session_start() because a session is already active (started from C:\wamp64\www\PLATAFORMA_INTEGRADA\backend\api\actividad.php on line 19) in C:\wamp64\www\PLATAFORMA_INTEGRADA\backend\Autenticacion.php on line 14
[08-May-2026 04:41:49 America/Santo_Domingo] PHP Stack trace:
[08-May-2026 04:41:49 America/Santo_Domingo] PHP   1. {main}() C:\wamp64\www\PLATAFORMA_INTEGRADA\backend\api\actividad.php:0
[08-May-2026 04:41:49 America/Santo_Domingo] PHP   2. Autenticacion->__construct() C:\wamp64\www\PLATAFORMA_INTEGRADA\backend\api\actividad.php:21
[08-May-2026 04:41:49 America/Santo_Domingo] PHP   3. session_start() C:\wamp64\www\PLATAFORMA_INTEGRADA\backend\Autenticacion.php:14
[08-May-2026 04:41:52 America/Santo_Domingo] PHP Notice:  session_start(): Ignoring session_start() because a session is already active (started from C:\wamp64\www\PLATAFORMA_INTEGRADA\backend\api\actividad.php on line 19) in C:\wamp64\www\PLATAFORMA_INTEGRADA\backend\Autenticacion.php on line 14
[08-May-2026 04:41:52 America/Santo_Domingo] PHP Stack trace:
[08-May-2026 04:41:52 America/Santo_Domingo] PHP   1. {main}() C:\wamp64\www\PLATAFORMA_INTEGRADA\backend\api\actividad.php:0
[08-May-2026 04:41:52 America/Santo_Domingo] PHP   2. Autenticacion->__construct() C:\wamp64\www\PLATAFORMA_INTEGRADA\backend\api\actividad.php:21
[08-May-2026 04:41:52 America/Santo_Domingo] PHP   3. session_start() C:\wamp64\www\PLATAFORMA_INTEGRADA\backend\Autenticacion.php:14
[08-May-2026 04:41:53 America/Santo_Domingo] PHP Notice:  session_start(): Ignoring session_start() because a session is already active (started from C:\wamp64\www\PLATAFORMA_INTEGRADA\backend\api\actividad.php on line 19) in C:\wamp64\www\PLATAFORMA_INTEGRADA\backend\Autenticacion.php on line 14
[08-May-2026 04:41:53 America/Santo_Domingo] PHP Stack trace:
[08-May-2026 04:41:53 America/Santo_Domingo] PHP   1. {main}() C:\wamp64\www\PLATAFORMA_INTEGRADA\backend\api\actividad.php:0
[08-May-2026 04:41:53 America/Santo_Domingo] PHP   2. Autenticacion->__construct() C:\wamp64\www\PLATAFORMA_INTEGRADA\backend\api\actividad.php:21
[08-May-2026 04:41:53 America/Santo_Domingo] PHP   3. session_start() C:\wamp64\www\PLATAFORMA_INTEGRADA\backend\Autenticacion.php:14
[08-May-2026 04:41:56 America/Santo_Domingo] PHP Notice:  session_start(): Ignoring session_start() because a session is already active (started from C:\wamp64\www\PLATAFORMA_INTEGRADA\backend\api\actividad.php on line 19) in C:\wamp64\www\PLATAFORMA_INTEGRADA\backend\Autenticacion.php on line 14
[08-May-2026 04:41:56 America/Santo_Domingo] PHP Stack trace:
[08-May-2026 04:41:56 America/Santo_Domingo] PHP   1. {main}() C:\wamp64\www\PLATAFORMA_INTEGRADA\backend\api\actividad.php:0
[08-May-2026 04:41:56 America/Santo_Domingo] PHP   2. Autenticacion->__construct() C:\wamp64\www\PLATAFORMA_INTEGRADA\backend\api\actividad.php:21
[08-May-2026 04:41:56 America/Santo_Domingo] PHP   3. session_start() C:\wamp64\www\PLATAFORMA_INTEGRADA\backend\Autenticacion.php:14
[08-May-2026 04:44:09 America/Santo_Domingo] PHP Notice:  session_start(): Ignoring session_start() because a session is already active (started from C:\wamp64\www\PLATAFORMA_INTEGRADA\backend\api\actividad.php on line 19) in C:\wamp64\www\PLATAFORMA_INTEGRADA\backend\Autenticacion.php on line 14
[08-May-2026 04:44:09 America/Santo_Domingo] PHP Stack trace:
[08-May-2026 04:44:09 America/Santo_Domingo] PHP   1. {main}() C:\wamp64\www\PLATAFORMA_INTEGRADA\backend\api\actividad.php:0
[08-May-2026 04:44:09 America/Santo_Domingo] PHP   2. Autenticacion->__construct() C:\wamp64\www\PLATAFORMA_INTEGRADA\backend\api\actividad.php:21
[08-May-2026 04:44:09 America/Santo_Domingo] PHP   3. session_start() C:\wamp64\www\PLATAFORMA_INTEGRADA\backend\Autenticacion.php:14
[08-May-2026 08:00:03 America/Santo_Domingo] PHP Notice:  session_start(): Ignoring session_start() because a session is already active (started from C:\wamp64\www\PLATAFORMA_INTEGRADA\backend\api\actividad.php on line 19) in C:\wamp64\www\PLATAFORMA_INTEGRADA\backend\Autenticacion.php on line 14
[08-May-2026 08:00:03 America/Santo_Domingo] PHP Stack trace:
[08-May-2026 08:00:03 America/Santo_Domingo] PHP   1. {main}() C:\wamp64\www\PLATAFORMA_INTEGRADA\backend\api\actividad.php:0
[08-May-2026 08:00:03 America/Santo_Domingo] PHP   2. Autenticacion->__construct() C:\wamp64\www\PLATAFORMA_INTEGRADA\backend\api\actividad.php:21
[08-May-2026 08:00:03 America/Santo_Domingo] PHP   3. session_start() C:\wamp64\www\PLATAFORMA_INTEGRADA\backend\Autenticacion.php:14
[08-May-2026 08:00:06 America/Santo_Domingo] PHP Notice:  session_start(): Ignoring session_start() because a session is already active (started from C:\wamp64\www\PLATAFORMA_INTEGRADA\backend\api\actividad.php on line 19) in C:\wamp64\www\PLATAFORMA_INTEGRADA\backend\Autenticacion.php on line 14
[08-May-2026 08:00:06 America/Santo_Domingo] PHP Stack trace:
[08-May-2026 08:00:06 America/Santo_Domingo] PHP   1. {main}() C:\wamp64\www\PLATAFORMA_INTEGRADA\backend\api\actividad.php:0
[08-May-2026 08:00:06 America/Santo_Domingo] PHP   2. Autenticacion->__construct() C:\wamp64\www\PLATAFORMA_INTEGRADA\backend\api\actividad.php:21
[08-May-2026 08:00:06 America/Santo_Domingo] PHP   3. session_start() C:\wamp64\www\PLATAFORMA_INTEGRADA\backend\Autenticacion.php:14
[08-May-2026 08:00:07 America/Santo_Domingo] PHP Notice:  session_start(): Ignoring session_start() because a session is already active (started from C:\wamp64\www\PLATAFORMA_INTEGRADA\backend\api\actividad.php on line 19) in C:\wamp64\www\PLATAFORMA_INTEGRADA\backend\Autenticacion.php on line 14
[08-May-2026 08:00:07 America/Santo_Domingo] PHP Stack trace:
[08-May-2026 08:00:07 America/Santo_Domingo] PHP   1. {main}() C:\wamp64\www\PLATAFORMA_INTEGRADA\backend\api\actividad.php:0
[08-May-2026 08:00:07 America/Santo_Domingo] PHP   2. Autenticacion->__construct() C:\wamp64\www\PLATAFORMA_INTEGRADA\backend\api\actividad.php:21
[08-May-2026 08:00:07 America/Santo_Domingo] PHP   3. session_start() C:\wamp64\www\PLATAFORMA_INTEGRADA\backend\Autenticacion.php:14
[08-May-2026 08:00:17 America/Santo_Domingo] PHP Notice:  session_start(): Ignoring session_start() because a session is already active (started from C:\wamp64\www\PLATAFORMA_INTEGRADA\backend\api\actividad.php on line 19) in C:\wamp64\www\PLATAFORMA_INTEGRADA\backend\Autenticacion.php on line 14
[08-May-2026 08:00:17 America/Santo_Domingo] PHP Stack trace:
[08-May-2026 08:00:17 America/Santo_Domingo] PHP   1. {main}() C:\wamp64\www\PLATAFORMA_INTEGRADA\backend\api\actividad.php:0
[08-May-2026 08:00:17 America/Santo_Domingo] PHP   2. Autenticacion->__construct() C:\wamp64\www\PLATAFORMA_INTEGRADA\backend\api\actividad.php:21
[08-May-2026 08:00:17 America/Santo_Domingo] PHP   3. session_start() C:\wamp64\www\PLATAFORMA_INTEGRADA\backend\Autenticacion.php:14
[08-May-2026 08:00:19 America/Santo_Domingo] PHP Notice:  session_start(): Ignoring session_start() because a session is already active (started from C:\wamp64\www\PLATAFORMA_INTEGRADA\backend\api\actividad.php on line 19) in C:\wamp64\www\PLATAFORMA_INTEGRADA\backend\Autenticacion.php on line 14
[08-May-2026 08:00:19 America/Santo_Domingo] PHP Stack trace:
[08-May-2026 08:00:19 America/Santo_Domingo] PHP   1. {main}() C:\wamp64\www\PLATAFORMA_INTEGRADA\backend\api\actividad.php:0
[08-May-2026 08:00:19 America/Santo_Domingo] PHP   2. Autenticacion->__construct() C:\wamp64\www\PLATAFORMA_INTEGRADA\backend\api\actividad.php:21
[08-May-2026 08:00:19 America/Santo_Domingo] PHP   3. session_start() C:\wamp64\www\PLATAFORMA_INTEGRADA\backend\Autenticacion.php:14
[08-May-2026 08:00:20 America/Santo_Domingo] PHP Notice:  session_start(): Ignoring session_start() because a session is already active (started from C:\wamp64\www\PLATAFORMA_INTEGRADA\backend\api\actividad.php on line 19) in C:\wamp64\www\PLATAFORMA_INTEGRADA\backend\Autenticacion.php on line 14
[08-May-2026 08:00:20 America/Santo_Domingo] PHP Stack trace:
[08-May-2026 08:00:20 America/Santo_Domingo] PHP   1. {main}() C:\wamp64\www\PLATAFORMA_INTEGRADA\backend\api\actividad.php:0
[08-May-2026 08:00:20 America/Santo_Domingo] PHP   2. Autenticacion->__construct() C:\wamp64\www\PLATAFORMA_INTEGRADA\backend\api\actividad.php:21
[08-May-2026 08:00:20 America/Santo_Domingo] PHP   3. session_start() C:\wamp64\www\PLATAFORMA_INTEGRADA\backend\Autenticacion.php:14
[08-May-2026 08:00:21 America/Santo_Domingo] PHP Notice:  session_start(): Ignoring session_start() because a session is already active (started from C:\wamp64\www\PLATAFORMA_INTEGRADA\backend\api\actividad.php on line 19) in C:\wamp64\www\PLATAFORMA_INTEGRADA\backend\Autenticacion.php on line 14
[08-May-2026 08:00:21 America/Santo_Domingo] PHP Stack trace:
[08-May-2026 08:00:21 America/Santo_Domingo] PHP   1. {main}() C:\wamp64\www\PLATAFORMA_INTEGRADA\backend\api\actividad.php:0
[08-May-2026 08:00:21 America/Santo_Domingo] PHP   2. Autenticacion->__construct() C:\wamp64\www\PLATAFORMA_INTEGRADA\backend\api\actividad.php:21
[08-May-2026 08:00:21 America/Santo_Domingo] PHP   3. session_start() C:\wamp64\www\PLATAFORMA_INTEGRADA\backend\Autenticacion.php:14
[08-May-2026 08:00:22 America/Santo_Domingo] PHP Notice:  session_start(): Ignoring session_start() because a session is already active (started from C:\wamp64\www\PLATAFORMA_INTEGRADA\backend\api\actividad.php on line 19) in C:\wamp64\www\PLATAFORMA_INTEGRADA\backend\Autenticacion.php on line 14
[08-May-2026 08:00:22 America/Santo_Domingo] PHP Stack trace:
[08-May-2026 08:00:22 America/Santo_Domingo] PHP   1. {main}() C:\wamp64\www\PLATAFORMA_INTEGRADA\backend\api\actividad.php:0
[08-May-2026 08:00:22 America/Santo_Domingo] PHP   2. Autenticacion->__construct() C:\wamp64\www\PLATAFORMA_INTEGRADA\backend\api\actividad.php:21
[08-May-2026 08:00:22 America/Santo_Domingo] PHP   3. session_start() C:\wamp64\www\PLATAFORMA_INTEGRADA\backend\Autenticacion.php:14
[08-May-2026 08:00:23 America/Santo_Domingo] PHP Notice:  session_start(): Ignoring session_start() because a session is already active (started from C:\wamp64\www\PLATAFORMA_INTEGRADA\backend\api\actividad.php on line 19) in C:\wamp64\www\PLATAFORMA_INTEGRADA\backend\Autenticacion.php on line 14
[08-May-2026 08:00:23 America/Santo_Domingo] PHP Stack trace:
[08-May-2026 08:00:23 America/Santo_Domingo] PHP   1. {main}() C:\wamp64\www\PLATAFORMA_INTEGRADA\backend\api\actividad.php:0
[08-May-2026 08:00:23 America/Santo_Domingo] PHP   2. Autenticacion->__construct() C:\wamp64\www\PLATAFORMA_INTEGRADA\backend\api\actividad.php:21
[08-May-2026 08:00:23 America/Santo_Domingo] PHP   3. session_start() C:\wamp64\www\PLATAFORMA_INTEGRADA\backend\Autenticacion.php:14
[08-May-2026 08:00:25 America/Santo_Domingo] PHP Notice:  session_start(): Ignoring session_start() because a session is already active (started from C:\wamp64\www\PLATAFORMA_INTEGRADA\backend\api\actividad.php on line 19) in C:\wamp64\www\PLATAFORMA_INTEGRADA\backend\Autenticacion.php on line 14
[08-May-2026 08:00:25 America/Santo_Domingo] PHP Stack trace:
[08-May-2026 08:00:25 America/Santo_Domingo] PHP   1. {main}() C:\wamp64\www\PLATAFORMA_INTEGRADA\backend\api\actividad.php:0
[08-May-2026 08:00:25 America/Santo_Domingo] PHP   2. Autenticacion->__construct() C:\wamp64\www\PLATAFORMA_INTEGRADA\backend\api\actividad.php:21
[08-May-2026 08:00:25 America/Santo_Domingo] PHP   3. session_start() C:\wamp64\www\PLATAFORMA_INTEGRADA\backend\Autenticacion.php:14
[08-May-2026 08:00:26 America/Santo_Domingo] PHP Notice:  session_start(): Ignoring session_start() because a session is already active (started from C:\wamp64\www\PLATAFORMA_INTEGRADA\backend\api\actividad.php on line 19) in C:\wamp64\www\PLATAFORMA_INTEGRADA\backend\Autenticacion.php on line 14
[08-May-2026 08:00:26 America/Santo_Domingo] PHP Stack trace:
[08-May-2026 08:00:26 America/Santo_Domingo] PHP   1. {main}() C:\wamp64\www\PLATAFORMA_INTEGRADA\backend\api\actividad.php:0
[08-May-2026 08:00:26 America/Santo_Domingo] PHP   2. Autenticacion->__construct() C:\wamp64\www\PLATAFORMA_INTEGRADA\backend\api\actividad.php:21
[08-May-2026 08:00:26 America/Santo_Domingo] PHP   3. session_start() C:\wamp64\www\PLATAFORMA_INTEGRADA\backend\Autenticacion.php:14
[08-May-2026 08:00:27 America/Santo_Domingo] PHP Notice:  session_start(): Ignoring session_start() because a session is already active (started from C:\wamp64\www\PLATAFORMA_INTEGRADA\backend\api\actividad.php on line 19) in C:\wamp64\www\PLATAFORMA_INTEGRADA\backend\Autenticacion.php on line 14
[08-May-2026 08:00:27 America/Santo_Domingo] PHP Stack trace:
[08-May-2026 08:00:27 America/Santo_Domingo] PHP   1. {main}() C:\wamp64\www\PLATAFORMA_INTEGRADA\backend\api\actividad.php:0
[08-May-2026 08:00:27 America/Santo_Domingo] PHP   2. Autenticacion->__construct() C:\wamp64\www\PLATAFORMA_INTEGRADA\backend\api\actividad.php:21
[08-May-2026 08:00:27 America/Santo_Domingo] PHP   3. session_start() C:\wamp64\www\PLATAFORMA_INTEGRADA\backend\Autenticacion.php:14
[08-May-2026 08:00:29 America/Santo_Domingo] PHP Notice:  session_start(): Ignoring session_start() because a session is already active (started from C:\wamp64\www\PLATAFORMA_INTEGRADA\backend\api\actividad.php on line 19) in C:\wamp64\www\PLATAFORMA_INTEGRADA\backend\Autenticacion.php on line 14
[08-May-2026 08:00:29 America/Santo_Domingo] PHP Stack trace:
[08-May-2026 08:00:29 America/Santo_Domingo] PHP   1. {main}() C:\wamp64\www\PLATAFORMA_INTEGRADA\backend\api\actividad.php:0
[08-May-2026 08:00:29 America/Santo_Domingo] PHP   2. Autenticacion->__construct() C:\wamp64\www\PLATAFORMA_INTEGRADA\backend\api\actividad.php:21
[08-May-2026 08:00:29 America/Santo_Domingo] PHP   3. session_start() C:\wamp64\www\PLATAFORMA_INTEGRADA\backend\Autenticacion.php:14
[08-May-2026 08:00:31 America/Santo_Domingo] PHP Notice:  session_start(): Ignoring session_start() because a session is already active (started from C:\wamp64\www\PLATAFORMA_INTEGRADA\backend\api\actividad.php on line 19) in C:\wamp64\www\PLATAFORMA_INTEGRADA\backend\Autenticacion.php on line 14
[08-May-2026 08:00:31 America/Santo_Domingo] PHP Stack trace:
[08-May-2026 08:00:31 America/Santo_Domingo] PHP   1. {main}() C:\wamp64\www\PLATAFORMA_INTEGRADA\backend\api\actividad.php:0
[08-May-2026 08:00:31 America/Santo_Domingo] PHP   2. Autenticacion->__construct() C:\wamp64\www\PLATAFORMA_INTEGRADA\backend\api\actividad.php:21
[08-May-2026 08:00:31 America/Santo_Domingo] PHP   3. session_start() C:\wamp64\www\PLATAFORMA_INTEGRADA\backend\Autenticacion.php:14
[08-May-2026 08:00:33 America/Santo_Domingo] PHP Notice:  session_start(): Ignoring session_start() because a session is already active (started from C:\wamp64\www\PLATAFORMA_INTEGRADA\backend\api\actividad.php on line 19) in C:\wamp64\www\PLATAFORMA_INTEGRADA\backend\Autenticacion.php on line 14
[08-May-2026 08:00:33 America/Santo_Domingo] PHP Stack trace:
[08-May-2026 08:00:33 America/Santo_Domingo] PHP   1. {main}() C:\wamp64\www\PLATAFORMA_INTEGRADA\backend\api\actividad.php:0
[08-May-2026 08:00:33 America/Santo_Domingo] PHP   2. Autenticacion->__construct() C:\wamp64\www\PLATAFORMA_INTEGRADA\backend\api\actividad.php:21
[08-May-2026 08:00:33 America/Santo_Domingo] PHP   3. session_start() C:\wamp64\www\PLATAFORMA_INTEGRADA\backend\Autenticacion.php:14
[08-May-2026 08:00:37 America/Santo_Domingo] PHP Notice:  session_start(): Ignoring session_start() because a session is already active (started from C:\wamp64\www\PLATAFORMA_INTEGRADA\backend\api\actividad.php on line 19) in C:\wamp64\www\PLATAFORMA_INTEGRADA\backend\Autenticacion.php on line 14
[08-May-2026 08:00:37 America/Santo_Domingo] PHP Stack trace:
[08-May-2026 08:00:37 America/Santo_Domingo] PHP   1. {main}() C:\wamp64\www\PLATAFORMA_INTEGRADA\backend\api\actividad.php:0
[08-May-2026 08:00:37 America/Santo_Domingo] PHP   2. Autenticacion->__construct() C:\wamp64\www\PLATAFORMA_INTEGRADA\backend\api\actividad.php:21
[08-May-2026 08:00:37 America/Santo_Domingo] PHP   3. session_start() C:\wamp64\www\PLATAFORMA_INTEGRADA\backend\Autenticacion.php:14
[08-May-2026 08:00:46 America/Santo_Domingo] PHP Notice:  session_start(): Ignoring session_start() because a session is already active (started from C:\wamp64\www\PLATAFORMA_INTEGRADA\backend\api\actividad.php on line 19) in C:\wamp64\www\PLATAFORMA_INTEGRADA\backend\Autenticacion.php on line 14
[08-May-2026 08:00:46 America/Santo_Domingo] PHP Stack trace:
[08-May-2026 08:00:46 America/Santo_Domingo] PHP   1. {main}() C:\wamp64\www\PLATAFORMA_INTEGRADA\backend\api\actividad.php:0
[08-May-2026 08:00:46 America/Santo_Domingo] PHP   2. Autenticacion->__construct() C:\wamp64\www\PLATAFORMA_INTEGRADA\backend\api\actividad.php:21
[08-May-2026 08:00:46 America/Santo_Domingo] PHP   3. session_start() C:\wamp64\www\PLATAFORMA_INTEGRADA\backend\Autenticacion.php:14
[08-May-2026 08:00:47 America/Santo_Domingo] PHP Notice:  session_start(): Ignoring session_start() because a session is already active (started from C:\wamp64\www\PLATAFORMA_INTEGRADA\backend\api\actividad.php on line 19) in C:\wamp64\www\PLATAFORMA_INTEGRADA\backend\Autenticacion.php on line 14
[08-May-2026 08:00:47 America/Santo_Domingo] PHP Stack trace:
[08-May-2026 08:00:47 America/Santo_Domingo] PHP   1. {main}() C:\wamp64\www\PLATAFORMA_INTEGRADA\backend\api\actividad.php:0
[08-May-2026 08:00:47 America/Santo_Domingo] PHP   2. Autenticacion->__construct() C:\wamp64\www\PLATAFORMA_INTEGRADA\backend\api\actividad.php:21
[08-May-2026 08:00:47 America/Santo_Domingo] PHP   3. session_start() C:\wamp64\www\PLATAFORMA_INTEGRADA\backend\Autenticacion.php:14
[08-May-2026 08:00:48 America/Santo_Domingo] PHP Notice:  session_start(): Ignoring session_start() because a session is already active (started from C:\wamp64\www\PLATAFORMA_INTEGRADA\backend\api\actividad.php on line 19) in C:\wamp64\www\PLATAFORMA_INTEGRADA\backend\Autenticacion.php on line 14
[08-May-2026 08:00:48 America/Santo_Domingo] PHP Stack trace:
[08-May-2026 08:00:48 America/Santo_Domingo] PHP   1. {main}() C:\wamp64\www\PLATAFORMA_INTEGRADA\backend\api\actividad.php:0
[08-May-2026 08:00:48 America/Santo_Domingo] PHP   2. Autenticacion->__construct() C:\wamp64\www\PLATAFORMA_INTEGRADA\backend\api\actividad.php:21
[08-May-2026 08:00:48 America/Santo_Domingo] PHP   3. session_start() C:\wamp64\www\PLATAFORMA_INTEGRADA\backend\Autenticacion.php:14
[08-May-2026 08:05:20 America/Santo_Domingo] PHP Notice:  session_start(): Ignoring session_start() because a session is already active (started from C:\wamp64\www\PLATAFORMA_INTEGRADA\backend\api\actividad.php on line 19) in C:\wamp64\www\PLATAFORMA_INTEGRADA\backend\Autenticacion.php on line 14
[08-May-2026 08:05:20 America/Santo_Domingo] PHP Stack trace:
[08-May-2026 08:05:20 America/Santo_Domingo] PHP   1. {main}() C:\wamp64\www\PLATAFORMA_INTEGRADA\backend\api\actividad.php:0
[08-May-2026 08:05:20 America/Santo_Domingo] PHP   2. Autenticacion->__construct() C:\wamp64\www\PLATAFORMA_INTEGRADA\backend\api\actividad.php:21
[08-May-2026 08:05:20 America/Santo_Domingo] PHP   3. session_start() C:\wamp64\www\PLATAFORMA_INTEGRADA\backend\Autenticacion.php:14
[08-May-2026 08:05:21 America/Santo_Domingo] PHP Notice:  session_start(): Ignoring session_start() because a session is already active (started from C:\wamp64\www\PLATAFORMA_INTEGRADA\backend\api\actividad.php on line 19) in C:\wamp64\www\PLATAFORMA_INTEGRADA\backend\Autenticacion.php on line 14
[08-May-2026 08:05:21 America/Santo_Domingo] PHP Stack trace:
[08-May-2026 08:05:21 America/Santo_Domingo] PHP   1. {main}() C:\wamp64\www\PLATAFORMA_INTEGRADA\backend\api\actividad.php:0
[08-May-2026 08:05:21 America/Santo_Domingo] PHP   2. Autenticacion->__construct() C:\wamp64\www\PLATAFORMA_INTEGRADA\backend\api\actividad.php:21
[08-May-2026 08:05:21 America/Santo_Domingo] PHP   3. session_start() C:\wamp64\www\PLATAFORMA_INTEGRADA\backend\Autenticacion.php:14
[08-May-2026 08:05:25 America/Santo_Domingo] PHP Notice:  session_start(): Ignoring session_start() because a session is already active (started from C:\wamp64\www\PLATAFORMA_INTEGRADA\backend\api\actividad.php on line 19) in C:\wamp64\www\PLATAFORMA_INTEGRADA\backend\Autenticacion.php on line 14
[08-May-2026 08:05:25 America/Santo_Domingo] PHP Stack trace:
[08-May-2026 08:05:25 America/Santo_Domingo] PHP   1. {main}() C:\wamp64\www\PLATAFORMA_INTEGRADA\backend\api\actividad.php:0
[08-May-2026 08:05:25 America/Santo_Domingo] PHP   2. Autenticacion->__construct() C:\wamp64\www\PLATAFORMA_INTEGRADA\backend\api\actividad.php:21
[08-May-2026 08:05:25 America/Santo_Domingo] PHP   3. session_start() C:\wamp64\www\PLATAFORMA_INTEGRADA\backend\Autenticacion.php:14
[08-May-2026 08:05:38 America/Santo_Domingo] PHP Notice:  session_start(): Ignoring session_start() because a session is already active (started from C:\wamp64\www\PLATAFORMA_INTEGRADA\backend\api\actividad.php on line 19) in C:\wamp64\www\PLATAFORMA_INTEGRADA\backend\Autenticacion.php on line 14
[08-May-2026 08:05:38 America/Santo_Domingo] PHP Stack trace:
[08-May-2026 08:05:38 America/Santo_Domingo] PHP   1. {main}() C:\wamp64\www\PLATAFORMA_INTEGRADA\backend\api\actividad.php:0
[08-May-2026 08:05:38 America/Santo_Domingo] PHP   2. Autenticacion->__construct() C:\wamp64\www\PLATAFORMA_INTEGRADA\backend\api\actividad.php:21
[08-May-2026 08:05:38 America/Santo_Domingo] PHP   3. session_start() C:\wamp64\www\PLATAFORMA_INTEGRADA\backend\Autenticacion.php:14
[08-May-2026 08:12:18 America/Santo_Domingo] PHP Notice:  session_start(): Ignoring session_start() because a session is already active (started from C:\wamp64\www\PLATAFORMA_INTEGRADA\backend\api\actividad.php on line 19) in C:\wamp64\www\PLATAFORMA_INTEGRADA\backend\Autenticacion.php on line 14
[08-May-2026 08:12:18 America/Santo_Domingo] PHP Stack trace:
[08-May-2026 08:12:18 America/Santo_Domingo] PHP   1. {main}() C:\wamp64\www\PLATAFORMA_INTEGRADA\backend\api\actividad.php:0
[08-May-2026 08:12:18 America/Santo_Domingo] PHP   2. Autenticacion->__construct() C:\wamp64\www\PLATAFORMA_INTEGRADA\backend\api\actividad.php:21
[08-May-2026 08:12:18 America/Santo_Domingo] PHP   3. session_start() C:\wamp64\www\PLATAFORMA_INTEGRADA\backend\Autenticacion.php:14
[08-May-2026 08:12:20 America/Santo_Domingo] PHP Notice:  session_start(): Ignoring session_start() because a session is already active (started from C:\wamp64\www\PLATAFORMA_INTEGRADA\backend\api\actividad.php on line 19) in C:\wamp64\www\PLATAFORMA_INTEGRADA\backend\Autenticacion.php on line 14
[08-May-2026 08:12:20 America/Santo_Domingo] PHP Stack trace:
[08-May-2026 08:12:20 America/Santo_Domingo] PHP   1. {main}() C:\wamp64\www\PLATAFORMA_INTEGRADA\backend\api\actividad.php:0
[08-May-2026 08:12:20 America/Santo_Domingo] PHP   2. Autenticacion->__construct() C:\wamp64\www\PLATAFORMA_INTEGRADA\backend\api\actividad.php:21
[08-May-2026 08:12:20 America/Santo_Domingo] PHP   3. session_start() C:\wamp64\www\PLATAFORMA_INTEGRADA\backend\Autenticacion.php:14
[08-May-2026 08:12:22 America/Santo_Domingo] PHP Notice:  session_start(): Ignoring session_start() because a session is already active (started from C:\wamp64\www\PLATAFORMA_INTEGRADA\backend\api\actividad.php on line 19) in C:\wamp64\www\PLATAFORMA_INTEGRADA\backend\Autenticacion.php on line 14
[08-May-2026 08:12:22 America/Santo_Domingo] PHP Stack trace:
[08-May-2026 08:12:22 America/Santo_Domingo] PHP   1. {main}() C:\wamp64\www\PLATAFORMA_INTEGRADA\backend\api\actividad.php:0
[08-May-2026 08:12:22 America/Santo_Domingo] PHP   2. Autenticacion->__construct() C:\wamp64\www\PLATAFORMA_INTEGRADA\backend\api\actividad.php:21
[08-May-2026 08:12:22 America/Santo_Domingo] PHP   3. session_start() C:\wamp64\www\PLATAFORMA_INTEGRADA\backend\Autenticacion.php:14
[08-May-2026 08:12:24 America/Santo_Domingo] PHP Notice:  session_start(): Ignoring session_start() because a session is already active (started from C:\wamp64\www\PLATAFORMA_INTEGRADA\backend\api\actividad.php on line 19) in C:\wamp64\www\PLATAFORMA_INTEGRADA\backend\Autenticacion.php on line 14
[08-May-2026 08:12:24 America/Santo_Domingo] PHP Stack trace:
[08-May-2026 08:12:24 America/Santo_Domingo] PHP   1. {main}() C:\wamp64\www\PLATAFORMA_INTEGRADA\backend\api\actividad.php:0
[08-May-2026 08:12:24 America/Santo_Domingo] PHP   2. Autenticacion->__construct() C:\wamp64\www\PLATAFORMA_INTEGRADA\backend\api\actividad.php:21
[08-May-2026 08:12:24 America/Santo_Domingo] PHP   3. session_start() C:\wamp64\www\PLATAFORMA_INTEGRADA\backend\Autenticacion.php:14
[08-May-2026 08:20:28 America/Santo_Domingo] PHP Notice:  session_start(): Ignoring session_start() because a session is already active (started from C:\wamp64\www\PLATAFORMA_INTEGRADA\backend\api\actividad.php on line 19) in C:\wamp64\www\PLATAFORMA_INTEGRADA\backend\Autenticacion.php on line 14
[08-May-2026 08:20:28 America/Santo_Domingo] PHP Stack trace:
[08-May-2026 08:20:28 America/Santo_Domingo] PHP   1. {main}() C:\wamp64\www\PLATAFORMA_INTEGRADA\backend\api\actividad.php:0
[08-May-2026 08:20:28 America/Santo_Domingo] PHP   2. Autenticacion->__construct() C:\wamp64\www\PLATAFORMA_INTEGRADA\backend\api\actividad.php:21
[08-May-2026 08:20:28 America/Santo_Domingo] PHP   3. session_start() C:\wamp64\www\PLATAFORMA_INTEGRADA\backend\Autenticacion.php:14
[08-May-2026 08:20:32 America/Santo_Domingo] PHP Notice:  session_start(): Ignoring session_start() because a session is already active (started from C:\wamp64\www\PLATAFORMA_INTEGRADA\backend\api\actividad.php on line 19) in C:\wamp64\www\PLATAFORMA_INTEGRADA\backend\Autenticacion.php on line 14
[08-May-2026 08:20:32 America/Santo_Domingo] PHP Stack trace:
[08-May-2026 08:20:32 America/Santo_Domingo] PHP   1. {main}() C:\wamp64\www\PLATAFORMA_INTEGRADA\backend\api\actividad.php:0
[08-May-2026 08:20:32 America/Santo_Domingo] PHP   2. Autenticacion->__construct() C:\wamp64\www\PLATAFORMA_INTEGRADA\backend\api\actividad.php:21
[08-May-2026 08:20:32 America/Santo_Domingo] PHP   3. session_start() C:\wamp64\www\PLATAFORMA_INTEGRADA\backend\Autenticacion.php:14
[08-May-2026 08:20:33 America/Santo_Domingo] PHP Notice:  session_start(): Ignoring session_start() because a session is already active (started from C:\wamp64\www\PLATAFORMA_INTEGRADA\backend\api\actividad.php on line 19) in C:\wamp64\www\PLATAFORMA_INTEGRADA\backend\Autenticacion.php on line 14
[08-May-2026 08:20:33 America/Santo_Domingo] PHP Stack trace:
[08-May-2026 08:20:33 America/Santo_Domingo] PHP   1. {main}() C:\wamp64\www\PLATAFORMA_INTEGRADA\backend\api\actividad.php:0
[08-May-2026 08:20:33 America/Santo_Domingo] PHP   2. Autenticacion->__construct() C:\wamp64\www\PLATAFORMA_INTEGRADA\backend\api\actividad.php:21
[08-May-2026 08:20:33 America/Santo_Domingo] PHP   3. session_start() C:\wamp64\www\PLATAFORMA_INTEGRADA\backend\Autenticacion.php:14
[08-May-2026 08:20:35 America/Santo_Domingo] PHP Notice:  session_start(): Ignoring session_start() because a session is already active (started from C:\wamp64\www\PLATAFORMA_INTEGRADA\backend\api\actividad.php on line 19) in C:\wamp64\www\PLATAFORMA_INTEGRADA\backend\Autenticacion.php on line 14
[08-May-2026 08:20:35 America/Santo_Domingo] PHP Stack trace:
[08-May-2026 08:20:35 America/Santo_Domingo] PHP   1. {main}() C:\wamp64\www\PLATAFORMA_INTEGRADA\backend\api\actividad.php:0
[08-May-2026 08:20:35 America/Santo_Domingo] PHP   2. Autenticacion->__construct() C:\wamp64\www\PLATAFORMA_INTEGRADA\backend\api\actividad.php:21
[08-May-2026 08:20:35 America/Santo_Domingo] PHP   3. session_start() C:\wamp64\www\PLATAFORMA_INTEGRADA\backend\Autenticacion.php:14
[08-May-2026 08:20:37 America/Santo_Domingo] PHP Notice:  session_start(): Ignoring session_start() because a session is already active (started from C:\wamp64\www\PLATAFORMA_INTEGRADA\backend\api\actividad.php on line 19) in C:\wamp64\www\PLATAFORMA_INTEGRADA\backend\Autenticacion.php on line 14
[08-May-2026 08:20:37 America/Santo_Domingo] PHP Stack trace:
[08-May-2026 08:20:37 America/Santo_Domingo] PHP   1. {main}() C:\wamp64\www\PLATAFORMA_INTEGRADA\backend\api\actividad.php:0
[08-May-2026 08:20:37 America/Santo_Domingo] PHP   2. Autenticacion->__construct() C:\wamp64\www\PLATAFORMA_INTEGRADA\backend\api\actividad.php:21
[08-May-2026 08:20:37 America/Santo_Domingo] PHP   3. session_start() C:\wamp64\www\PLATAFORMA_INTEGRADA\backend\Autenticacion.php:14
[08-May-2026 08:20:38 America/Santo_Domingo] PHP Notice:  session_start(): Ignoring session_start() because a session is already active (started from C:\wamp64\www\PLATAFORMA_INTEGRADA\backend\api\actividad.php on line 19) in C:\wamp64\www\PLATAFORMA_INTEGRADA\backend\Autenticacion.php on line 14
[08-May-2026 08:20:38 America/Santo_Domingo] PHP Stack trace:
[08-May-2026 08:20:38 America/Santo_Domingo] PHP   1. {main}() C:\wamp64\www\PLATAFORMA_INTEGRADA\backend\api\actividad.php:0
[08-May-2026 08:20:38 America/Santo_Domingo] PHP   2. Autenticacion->__construct() C:\wamp64\www\PLATAFORMA_INTEGRADA\backend\api\actividad.php:21
[08-May-2026 08:20:38 America/Santo_Domingo] PHP   3. session_start() C:\wamp64\www\PLATAFORMA_INTEGRADA\backend\Autenticacion.php:14
[08-May-2026 08:20:38 America/Santo_Domingo] PHP Notice:  session_start(): Ignoring session_start() because a session is already active (started from C:\wamp64\www\PLATAFORMA_INTEGRADA\backend\api\actividad.php on line 19) in C:\wamp64\www\PLATAFORMA_INTEGRADA\backend\Autenticacion.php on line 14
[08-May-2026 08:20:38 America/Santo_Domingo] PHP Stack trace:
[08-May-2026 08:20:38 America/Santo_Domingo] PHP   1. {main}() C:\wamp64\www\PLATAFORMA_INTEGRADA\backend\api\actividad.php:0
[08-May-2026 08:20:38 America/Santo_Domingo] PHP   2. Autenticacion->__construct() C:\wamp64\www\PLATAFORMA_INTEGRADA\backend\api\actividad.php:21
[08-May-2026 08:20:38 America/Santo_Domingo] PHP   3. session_start() C:\wamp64\www\PLATAFORMA_INTEGRADA\backend\Autenticacion.php:14
[08-May-2026 08:20:39 America/Santo_Domingo] PHP Notice:  session_start(): Ignoring session_start() because a session is already active (started from C:\wamp64\www\PLATAFORMA_INTEGRADA\backend\api\actividad.php on line 19) in C:\wamp64\www\PLATAFORMA_INTEGRADA\backend\Autenticacion.php on line 14
[08-May-2026 08:20:39 America/Santo_Domingo] PHP Stack trace:
[08-May-2026 08:20:39 America/Santo_Domingo] PHP   1. {main}() C:\wamp64\www\PLATAFORMA_INTEGRADA\backend\api\actividad.php:0
[08-May-2026 08:20:39 America/Santo_Domingo] PHP   2. Autenticacion->__construct() C:\wamp64\www\PLATAFORMA_INTEGRADA\backend\api\actividad.php:21
[08-May-2026 08:20:39 America/Santo_Domingo] PHP   3. session_start() C:\wamp64\www\PLATAFORMA_INTEGRADA\backend\Autenticacion.php:14
[08-May-2026 08:20:40 America/Santo_Domingo] PHP Notice:  session_start(): Ignoring session_start() because a session is already active (started from C:\wamp64\www\PLATAFORMA_INTEGRADA\backend\api\actividad.php on line 19) in C:\wamp64\www\PLATAFORMA_INTEGRADA\backend\Autenticacion.php on line 14
[08-May-2026 08:20:40 America/Santo_Domingo] PHP Stack trace:
[08-May-2026 08:20:40 America/Santo_Domingo] PHP   1. {main}() C:\wamp64\www\PLATAFORMA_INTEGRADA\backend\api\actividad.php:0
[08-May-2026 08:20:40 America/Santo_Domingo] PHP   2. Autenticacion->__construct() C:\wamp64\www\PLATAFORMA_INTEGRADA\backend\api\actividad.php:21
[08-May-2026 08:20:40 America/Santo_Domingo] PHP   3. session_start() C:\wamp64\www\PLATAFORMA_INTEGRADA\backend\Autenticacion.php:14
[08-May-2026 08:20:42 America/Santo_Domingo] PHP Notice:  session_start(): Ignoring session_start() because a session is already active (started from C:\wamp64\www\PLATAFORMA_INTEGRADA\backend\api\actividad.php on line 19) in C:\wamp64\www\PLATAFORMA_INTEGRADA\backend\Autenticacion.php on line 14
[08-May-2026 08:20:42 America/Santo_Domingo] PHP Stack trace:
[08-May-2026 08:20:42 America/Santo_Domingo] PHP   1. {main}() C:\wamp64\www\PLATAFORMA_INTEGRADA\backend\api\actividad.php:0
[08-May-2026 08:20:42 America/Santo_Domingo] PHP   2. Autenticacion->__construct() C:\wamp64\www\PLATAFORMA_INTEGRADA\backend\api\actividad.php:21
[08-May-2026 08:20:42 America/Santo_Domingo] PHP   3. session_start() C:\wamp64\www\PLATAFORMA_INTEGRADA\backend\Autenticacion.php:14
[08-May-2026 08:20:43 America/Santo_Domingo] PHP Notice:  session_start(): Ignoring session_start() because a session is already active (started from C:\wamp64\www\PLATAFORMA_INTEGRADA\backend\api\actividad.php on line 19) in C:\wamp64\www\PLATAFORMA_INTEGRADA\backend\Autenticacion.php on line 14
[08-May-2026 08:20:43 America/Santo_Domingo] PHP Stack trace:
[08-May-2026 08:20:43 America/Santo_Domingo] PHP   1. {main}() C:\wamp64\www\PLATAFORMA_INTEGRADA\backend\api\actividad.php:0
[08-May-2026 08:20:43 America/Santo_Domingo] PHP   2. Autenticacion->__construct() C:\wamp64\www\PLATAFORMA_INTEGRADA\backend\api\actividad.php:21
[08-May-2026 08:20:43 America/Santo_Domingo] PHP   3. session_start() C:\wamp64\www\PLATAFORMA_INTEGRADA\backend\Autenticacion.php:14
[08-May-2026 08:20:44 America/Santo_Domingo] PHP Notice:  session_start(): Ignoring session_start() because a session is already active (started from C:\wamp64\www\PLATAFORMA_INTEGRADA\backend\api\actividad.php on line 19) in C:\wamp64\www\PLATAFORMA_INTEGRADA\backend\Autenticacion.php on line 14
[08-May-2026 08:20:44 America/Santo_Domingo] PHP Stack trace:
[08-May-2026 08:20:44 America/Santo_Domingo] PHP   1. {main}() C:\wamp64\www\PLATAFORMA_INTEGRADA\backend\api\actividad.php:0
[08-May-2026 08:20:44 America/Santo_Domingo] PHP   2. Autenticacion->__construct() C:\wamp64\www\PLATAFORMA_INTEGRADA\backend\api\actividad.php:21
[08-May-2026 08:20:44 America/Santo_Domingo] PHP   3. session_start() C:\wamp64\www\PLATAFORMA_INTEGRADA\backend\Autenticacion.php:14
[08-May-2026 08:20:45 America/Santo_Domingo] PHP Notice:  session_start(): Ignoring session_start() because a session is already active (started from C:\wamp64\www\PLATAFORMA_INTEGRADA\backend\api\actividad.php on line 19) in C:\wamp64\www\PLATAFORMA_INTEGRADA\backend\Autenticacion.php on line 14
[08-May-2026 08:20:45 America/Santo_Domingo] PHP Stack trace:
[08-May-2026 08:20:45 America/Santo_Domingo] PHP   1. {main}() C:\wamp64\www\PLATAFORMA_INTEGRADA\backend\api\actividad.php:0
[08-May-2026 08:20:45 America/Santo_Domingo] PHP   2. Autenticacion->__construct() C:\wamp64\www\PLATAFORMA_INTEGRADA\backend\api\actividad.php:21
[08-May-2026 08:20:45 America/Santo_Domingo] PHP   3. session_start() C:\wamp64\www\PLATAFORMA_INTEGRADA\backend\Autenticacion.php:14
[08-May-2026 08:25:40 America/Santo_Domingo] PHP Notice:  session_start(): Ignoring session_start() because a session is already active (started from C:\wamp64\www\PLATAFORMA_INTEGRADA\backend\api\actividad.php on line 19) in C:\wamp64\www\PLATAFORMA_INTEGRADA\backend\Autenticacion.php on line 14
[08-May-2026 08:25:40 America/Santo_Domingo] PHP Stack trace:
[08-May-2026 08:25:40 America/Santo_Domingo] PHP   1. {main}() C:\wamp64\www\PLATAFORMA_INTEGRADA\backend\api\actividad.php:0
[08-May-2026 08:25:40 America/Santo_Domingo] PHP   2. Autenticacion->__construct() C:\wamp64\www\PLATAFORMA_INTEGRADA\backend\api\actividad.php:21
[08-May-2026 08:25:40 America/Santo_Domingo] PHP   3. session_start() C:\wamp64\www\PLATAFORMA_INTEGRADA\backend\Autenticacion.php:14
[08-May-2026 08:28:21 America/Santo_Domingo] PHP Notice:  session_start(): Ignoring session_start() because a session is already active (started from C:\wamp64\www\PLATAFORMA_INTEGRADA\backend\api\actividad.php on line 19) in C:\wamp64\www\PLATAFORMA_INTEGRADA\backend\Autenticacion.php on line 14
[08-May-2026 08:28:21 America/Santo_Domingo] PHP Stack trace:
[08-May-2026 08:28:21 America/Santo_Domingo] PHP   1. {main}() C:\wamp64\www\PLATAFORMA_INTEGRADA\backend\api\actividad.php:0
[08-May-2026 08:28:21 America/Santo_Domingo] PHP   2. Autenticacion->__construct() C:\wamp64\www\PLATAFORMA_INTEGRADA\backend\api\actividad.php:21
[08-May-2026 08:28:21 America/Santo_Domingo] PHP   3. session_start() C:\wamp64\www\PLATAFORMA_INTEGRADA\backend\Autenticacion.php:14
[08-May-2026 08:28:27 America/Santo_Domingo] PHP Notice:  session_start(): Ignoring session_start() because a session is already active (started from C:\wamp64\www\PLATAFORMA_INTEGRADA\backend\api\actividad.php on line 19) in C:\wamp64\www\PLATAFORMA_INTEGRADA\backend\Autenticacion.php on line 14
[08-May-2026 08:28:27 America/Santo_Domingo] PHP Stack trace:
[08-May-2026 08:28:27 America/Santo_Domingo] PHP   1. {main}() C:\wamp64\www\PLATAFORMA_INTEGRADA\backend\api\actividad.php:0
[08-May-2026 08:28:27 America/Santo_Domingo] PHP   2. Autenticacion->__construct() C:\wamp64\www\PLATAFORMA_INTEGRADA\backend\api\actividad.php:21
[08-May-2026 08:28:27 America/Santo_Domingo] PHP   3. session_start() C:\wamp64\www\PLATAFORMA_INTEGRADA\backend\Autenticacion.php:14
[08-May-2026 08:28:30 America/Santo_Domingo] PHP Notice:  session_start(): Ignoring session_start() because a session is already active (started from C:\wamp64\www\PLATAFORMA_INTEGRADA\backend\api\actividad.php on line 19) in C:\wamp64\www\PLATAFORMA_INTEGRADA\backend\Autenticacion.php on line 14
[08-May-2026 08:28:30 America/Santo_Domingo] PHP Stack trace:
[08-May-2026 08:28:30 America/Santo_Domingo] PHP   1. {main}() C:\wamp64\www\PLATAFORMA_INTEGRADA\backend\api\actividad.php:0
[08-May-2026 08:28:30 America/Santo_Domingo] PHP   2. Autenticacion->__construct() C:\wamp64\www\PLATAFORMA_INTEGRADA\backend\api\actividad.php:21
[08-May-2026 08:28:30 America/Santo_Domingo] PHP   3. session_start() C:\wamp64\www\PLATAFORMA_INTEGRADA\backend\Autenticacion.php:14
[08-May-2026 08:28:36 America/Santo_Domingo] PHP Notice:  session_start(): Ignoring session_start() because a session is already active (started from C:\wamp64\www\PLATAFORMA_INTEGRADA\backend\api\actividad.php on line 19) in C:\wamp64\www\PLATAFORMA_INTEGRADA\backend\Autenticacion.php on line 14
[08-May-2026 08:28:36 America/Santo_Domingo] PHP Stack trace:
[08-May-2026 08:28:36 America/Santo_Domingo] PHP   1. {main}() C:\wamp64\www\PLATAFORMA_INTEGRADA\backend\api\actividad.php:0
[08-May-2026 08:28:36 America/Santo_Domingo] PHP   2. Autenticacion->__construct() C:\wamp64\www\PLATAFORMA_INTEGRADA\backend\api\actividad.php:21
[08-May-2026 08:28:36 America/Santo_Domingo] PHP   3. session_start() C:\wamp64\www\PLATAFORMA_INTEGRADA\backend\Autenticacion.php:14
[08-May-2026 08:28:40 America/Santo_Domingo] PHP Notice:  session_start(): Ignoring session_start() because a session is already active (started from C:\wamp64\www\PLATAFORMA_INTEGRADA\backend\api\actividad.php on line 19) in C:\wamp64\www\PLATAFORMA_INTEGRADA\backend\Autenticacion.php on line 14
[08-May-2026 08:28:40 America/Santo_Domingo] PHP Stack trace:
[08-May-2026 08:28:40 America/Santo_Domingo] PHP   1. {main}() C:\wamp64\www\PLATAFORMA_INTEGRADA\backend\api\actividad.php:0
[08-May-2026 08:28:40 America/Santo_Domingo] PHP   2. Autenticacion->__construct() C:\wamp64\www\PLATAFORMA_INTEGRADA\backend\api\actividad.php:21
[08-May-2026 08:28:40 America/Santo_Domingo] PHP   3. session_start() C:\wamp64\www\PLATAFORMA_INTEGRADA\backend\Autenticacion.php:14
[08-May-2026 08:28:42 America/Santo_Domingo] PHP Notice:  session_start(): Ignoring session_start() because a session is already active (started from C:\wamp64\www\PLATAFORMA_INTEGRADA\backend\api\actividad.php on line 19) in C:\wamp64\www\PLATAFORMA_INTEGRADA\backend\Autenticacion.php on line 14
[08-May-2026 08:28:42 America/Santo_Domingo] PHP Stack trace:
[08-May-2026 08:28:42 America/Santo_Domingo] PHP   1. {main}() C:\wamp64\www\PLATAFORMA_INTEGRADA\backend\api\actividad.php:0
[08-May-2026 08:28:42 America/Santo_Domingo] PHP   2. Autenticacion->__construct() C:\wamp64\www\PLATAFORMA_INTEGRADA\backend\api\actividad.php:21
[08-May-2026 08:28:42 America/Santo_Domingo] PHP   3. session_start() C:\wamp64\www\PLATAFORMA_INTEGRADA\backend\Autenticacion.php:14
[08-May-2026 08:28:44 America/Santo_Domingo] PHP Notice:  session_start(): Ignoring session_start() because a session is already active (started from C:\wamp64\www\PLATAFORMA_INTEGRADA\backend\api\actividad.php on line 19) in C:\wamp64\www\PLATAFORMA_INTEGRADA\backend\Autenticacion.php on line 14
[08-May-2026 08:28:44 America/Santo_Domingo] PHP Stack trace:
[08-May-2026 08:28:44 America/Santo_Domingo] PHP   1. {main}() C:\wamp64\www\PLATAFORMA_INTEGRADA\backend\api\actividad.php:0
[08-May-2026 08:28:44 America/Santo_Domingo] PHP   2. Autenticacion->__construct() C:\wamp64\www\PLATAFORMA_INTEGRADA\backend\api\actividad.php:21
[08-May-2026 08:28:44 America/Santo_Domingo] PHP   3. session_start() C:\wamp64\www\PLATAFORMA_INTEGRADA\backend\Autenticacion.php:14
[08-May-2026 08:28:45 America/Santo_Domingo] PHP Notice:  session_start(): Ignoring session_start() because a session is already active (started from C:\wamp64\www\PLATAFORMA_INTEGRADA\backend\api\actividad.php on line 19) in C:\wamp64\www\PLATAFORMA_INTEGRADA\backend\Autenticacion.php on line 14
[08-May-2026 08:28:45 America/Santo_Domingo] PHP Stack trace:
[08-May-2026 08:28:45 America/Santo_Domingo] PHP   1. {main}() C:\wamp64\www\PLATAFORMA_INTEGRADA\backend\api\actividad.php:0
[08-May-2026 08:28:45 America/Santo_Domingo] PHP   2. Autenticacion->__construct() C:\wamp64\www\PLATAFORMA_INTEGRADA\backend\api\actividad.php:21
[08-May-2026 08:28:45 America/Santo_Domingo] PHP   3. session_start() C:\wamp64\www\PLATAFORMA_INTEGRADA\backend\Autenticacion.php:14
[08-May-2026 08:28:46 America/Santo_Domingo] PHP Notice:  session_start(): Ignoring session_start() because a session is already active (started from C:\wamp64\www\PLATAFORMA_INTEGRADA\backend\api\actividad.php on line 19) in C:\wamp64\www\PLATAFORMA_INTEGRADA\backend\Autenticacion.php on line 14
[08-May-2026 08:28:46 America/Santo_Domingo] PHP Stack trace:
[08-May-2026 08:28:46 America/Santo_Domingo] PHP   1. {main}() C:\wamp64\www\PLATAFORMA_INTEGRADA\backend\api\actividad.php:0
[08-May-2026 08:28:46 America/Santo_Domingo] PHP   2. Autenticacion->__construct() C:\wamp64\www\PLATAFORMA_INTEGRADA\backend\api\actividad.php:21
[08-May-2026 08:28:46 America/Santo_Domingo] PHP   3. session_start() C:\wamp64\www\PLATAFORMA_INTEGRADA\backend\Autenticacion.php:14
[08-May-2026 08:28:47 America/Santo_Domingo] PHP Notice:  session_start(): Ignoring session_start() because a session is already active (started from C:\wamp64\www\PLATAFORMA_INTEGRADA\backend\api\actividad.php on line 19) in C:\wamp64\www\PLATAFORMA_INTEGRADA\backend\Autenticacion.php on line 14
[08-May-2026 08:28:47 America/Santo_Domingo] PHP Stack trace:
[08-May-2026 08:28:47 America/Santo_Domingo] PHP   1. {main}() C:\wamp64\www\PLATAFORMA_INTEGRADA\backend\api\actividad.php:0
[08-May-2026 08:28:47 America/Santo_Domingo] PHP   2. Autenticacion->__construct() C:\wamp64\www\PLATAFORMA_INTEGRADA\backend\api\actividad.php:21
[08-May-2026 08:28:47 America/Santo_Domingo] PHP   3. session_start() C:\wamp64\www\PLATAFORMA_INTEGRADA\backend\Autenticacion.php:14
[08-May-2026 08:28:49 America/Santo_Domingo] PHP Notice:  session_start(): Ignoring session_start() because a session is already active (started from C:\wamp64\www\PLATAFORMA_INTEGRADA\backend\api\actividad.php on line 19) in C:\wamp64\www\PLATAFORMA_INTEGRADA\backend\Autenticacion.php on line 14
[08-May-2026 08:28:49 America/Santo_Domingo] PHP Stack trace:
[08-May-2026 08:28:49 America/Santo_Domingo] PHP   1. {main}() C:\wamp64\www\PLATAFORMA_INTEGRADA\backend\api\actividad.php:0
[08-May-2026 08:28:49 America/Santo_Domingo] PHP   2. Autenticacion->__construct() C:\wamp64\www\PLATAFORMA_INTEGRADA\backend\api\actividad.php:21
[08-May-2026 08:28:49 America/Santo_Domingo] PHP   3. session_start() C:\wamp64\www\PLATAFORMA_INTEGRADA\backend\Autenticacion.php:14
[08-May-2026 08:28:51 America/Santo_Domingo] PHP Notice:  session_start(): Ignoring session_start() because a session is already active (started from C:\wamp64\www\PLATAFORMA_INTEGRADA\backend\api\actividad.php on line 19) in C:\wamp64\www\PLATAFORMA_INTEGRADA\backend\Autenticacion.php on line 14
[08-May-2026 08:28:51 America/Santo_Domingo] PHP Stack trace:
[08-May-2026 08:28:51 America/Santo_Domingo] PHP   1. {main}() C:\wamp64\www\PLATAFORMA_INTEGRADA\backend\api\actividad.php:0
[08-May-2026 08:28:51 America/Santo_Domingo] PHP   2. Autenticacion->__construct() C:\wamp64\www\PLATAFORMA_INTEGRADA\backend\api\actividad.php:21
[08-May-2026 08:28:51 America/Santo_Domingo] PHP   3. session_start() C:\wamp64\www\PLATAFORMA_INTEGRADA\backend\Autenticacion.php:14
[08-May-2026 08:28:55 America/Santo_Domingo] PHP Notice:  session_start(): Ignoring session_start() because a session is already active (started from C:\wamp64\www\PLATAFORMA_INTEGRADA\backend\api\actividad.php on line 19) in C:\wamp64\www\PLATAFORMA_INTEGRADA\backend\Autenticacion.php on line 14
[08-May-2026 08:28:55 America/Santo_Domingo] PHP Stack trace:
[08-May-2026 08:28:55 America/Santo_Domingo] PHP   1. {main}() C:\wamp64\www\PLATAFORMA_INTEGRADA\backend\api\actividad.php:0
[08-May-2026 08:28:55 America/Santo_Domingo] PHP   2. Autenticacion->__construct() C:\wamp64\www\PLATAFORMA_INTEGRADA\backend\api\actividad.php:21
[08-May-2026 08:28:55 America/Santo_Domingo] PHP   3. session_start() C:\wamp64\www\PLATAFORMA_INTEGRADA\backend\Autenticacion.php:14
[08-May-2026 08:28:56 America/Santo_Domingo] PHP Notice:  session_start(): Ignoring session_start() because a session is already active (started from C:\wamp64\www\PLATAFORMA_INTEGRADA\backend\api\actividad.php on line 19) in C:\wamp64\www\PLATAFORMA_INTEGRADA\backend\Autenticacion.php on line 14
[08-May-2026 08:28:56 America/Santo_Domingo] PHP Stack trace:
[08-May-2026 08:28:56 America/Santo_Domingo] PHP   1. {main}() C:\wamp64\www\PLATAFORMA_INTEGRADA\backend\api\actividad.php:0
[08-May-2026 08:28:56 America/Santo_Domingo] PHP   2. Autenticacion->__construct() C:\wamp64\www\PLATAFORMA_INTEGRADA\backend\api\actividad.php:21
[08-May-2026 08:28:56 America/Santo_Domingo] PHP   3. session_start() C:\wamp64\www\PLATAFORMA_INTEGRADA\backend\Autenticacion.php:14
[08-May-2026 08:28:56 America/Santo_Domingo] PHP Notice:  session_start(): Ignoring session_start() because a session is already active (started from C:\wamp64\www\PLATAFORMA_INTEGRADA\backend\api\actividad.php on line 19) in C:\wamp64\www\PLATAFORMA_INTEGRADA\backend\Autenticacion.php on line 14
[08-May-2026 08:28:56 America/Santo_Domingo] PHP Stack trace:
[08-May-2026 08:28:56 America/Santo_Domingo] PHP   1. {main}() C:\wamp64\www\PLATAFORMA_INTEGRADA\backend\api\actividad.php:0
[08-May-2026 08:28:56 America/Santo_Domingo] PHP   2. Autenticacion->__construct() C:\wamp64\www\PLATAFORMA_INTEGRADA\backend\api\actividad.php:21
[08-May-2026 08:28:56 America/Santo_Domingo] PHP   3. session_start() C:\wamp64\www\PLATAFORMA_INTEGRADA\backend\Autenticacion.php:14
[08-May-2026 08:28:58 America/Santo_Domingo] PHP Notice:  session_start(): Ignoring session_start() because a session is already active (started from C:\wamp64\www\PLATAFORMA_INTEGRADA\backend\api\actividad.php on line 19) in C:\wamp64\www\PLATAFORMA_INTEGRADA\backend\Autenticacion.php on line 14
[08-May-2026 08:28:58 America/Santo_Domingo] PHP Stack trace:
[08-May-2026 08:28:58 America/Santo_Domingo] PHP   1. {main}() C:\wamp64\www\PLATAFORMA_INTEGRADA\backend\api\actividad.php:0
[08-May-2026 08:28:58 America/Santo_Domingo] PHP   2. Autenticacion->__construct() C:\wamp64\www\PLATAFORMA_INTEGRADA\backend\api\actividad.php:21
[08-May-2026 08:28:58 America/Santo_Domingo] PHP   3. session_start() C:\wamp64\www\PLATAFORMA_INTEGRADA\backend\Autenticacion.php:14
[08-May-2026 08:29:07 America/Santo_Domingo] PHP Notice:  session_start(): Ignoring session_start() because a session is already active (started from C:\wamp64\www\PLATAFORMA_INTEGRADA\backend\api\actividad.php on line 19) in C:\wamp64\www\PLATAFORMA_INTEGRADA\backend\Autenticacion.php on line 14
[08-May-2026 08:29:07 America/Santo_Domingo] PHP Stack trace:
[08-May-2026 08:29:07 America/Santo_Domingo] PHP   1. {main}() C:\wamp64\www\PLATAFORMA_INTEGRADA\backend\api\actividad.php:0
[08-May-2026 08:29:07 America/Santo_Domingo] PHP   2. Autenticacion->__construct() C:\wamp64\www\PLATAFORMA_INTEGRADA\backend\api\actividad.php:21
[08-May-2026 08:29:07 America/Santo_Domingo] PHP   3. session_start() C:\wamp64\www\PLATAFORMA_INTEGRADA\backend\Autenticacion.php:14
[08-May-2026 08:29:12 America/Santo_Domingo] PHP Notice:  session_start(): Ignoring session_start() because a session is already active (started from C:\wamp64\www\PLATAFORMA_INTEGRADA\backend\api\actividad.php on line 19) in C:\wamp64\www\PLATAFORMA_INTEGRADA\backend\Autenticacion.php on line 14
[08-May-2026 08:29:12 America/Santo_Domingo] PHP Stack trace:
[08-May-2026 08:29:12 America/Santo_Domingo] PHP   1. {main}() C:\wamp64\www\PLATAFORMA_INTEGRADA\backend\api\actividad.php:0
[08-May-2026 08:29:12 America/Santo_Domingo] PHP   2. Autenticacion->__construct() C:\wamp64\www\PLATAFORMA_INTEGRADA\backend\api\actividad.php:21
[08-May-2026 08:29:12 America/Santo_Domingo] PHP   3. session_start() C:\wamp64\www\PLATAFORMA_INTEGRADA\backend\Autenticacion.php:14
[08-May-2026 08:29:28 America/Santo_Domingo] PHP Notice:  session_start(): Ignoring session_start() because a session is already active (started from C:\wamp64\www\PLATAFORMA_INTEGRADA\backend\api\actividad.php on line 19) in C:\wamp64\www\PLATAFORMA_INTEGRADA\backend\Autenticacion.php on line 14
[08-May-2026 08:29:28 America/Santo_Domingo] PHP Stack trace:
[08-May-2026 08:29:28 America/Santo_Domingo] PHP   1. {main}() C:\wamp64\www\PLATAFORMA_INTEGRADA\backend\api\actividad.php:0
[08-May-2026 08:29:28 America/Santo_Domingo] PHP   2. Autenticacion->__construct() C:\wamp64\www\PLATAFORMA_INTEGRADA\backend\api\actividad.php:21
[08-May-2026 08:29:28 America/Santo_Domingo] PHP   3. session_start() C:\wamp64\www\PLATAFORMA_INTEGRADA\backend\Autenticacion.php:14
[08-May-2026 08:29:30 America/Santo_Domingo] PHP Notice:  session_start(): Ignoring session_start() because a session is already active (started from C:\wamp64\www\PLATAFORMA_INTEGRADA\backend\api\actividad.php on line 19) in C:\wamp64\www\PLATAFORMA_INTEGRADA\backend\Autenticacion.php on line 14
[08-May-2026 08:29:30 America/Santo_Domingo] PHP Stack trace:
[08-May-2026 08:29:30 America/Santo_Domingo] PHP   1. {main}() C:\wamp64\www\PLATAFORMA_INTEGRADA\backend\api\actividad.php:0
[08-May-2026 08:29:30 America/Santo_Domingo] PHP   2. Autenticacion->__construct() C:\wamp64\www\PLATAFORMA_INTEGRADA\backend\api\actividad.php:21
[08-May-2026 08:29:30 America/Santo_Domingo] PHP   3. session_start() C:\wamp64\www\PLATAFORMA_INTEGRADA\backend\Autenticacion.php:14
[08-May-2026 08:29:31 America/Santo_Domingo] PHP Notice:  session_start(): Ignoring session_start() because a session is already active (started from C:\wamp64\www\PLATAFORMA_INTEGRADA\backend\api\actividad.php on line 19) in C:\wamp64\www\PLATAFORMA_INTEGRADA\backend\Autenticacion.php on line 14
[08-May-2026 08:29:31 America/Santo_Domingo] PHP Stack trace:
[08-May-2026 08:29:31 America/Santo_Domingo] PHP   1. {main}() C:\wamp64\www\PLATAFORMA_INTEGRADA\backend\api\actividad.php:0
[08-May-2026 08:29:31 America/Santo_Domingo] PHP   2. Autenticacion->__construct() C:\wamp64\www\PLATAFORMA_INTEGRADA\backend\api\actividad.php:21
[08-May-2026 08:29:31 America/Santo_Domingo] PHP   3. session_start() C:\wamp64\www\PLATAFORMA_INTEGRADA\backend\Autenticacion.php:14
[08-May-2026 08:29:31 America/Santo_Domingo] PHP Notice:  session_start(): Ignoring session_start() because a session is already active (started from C:\wamp64\www\PLATAFORMA_INTEGRADA\backend\api\actividad.php on line 19) in C:\wamp64\www\PLATAFORMA_INTEGRADA\backend\Autenticacion.php on line 14
[08-May-2026 08:29:31 America/Santo_Domingo] PHP Stack trace:
[08-May-2026 08:29:31 America/Santo_Domingo] PHP   1. {main}() C:\wamp64\www\PLATAFORMA_INTEGRADA\backend\api\actividad.php:0
[08-May-2026 08:29:31 America/Santo_Domingo] PHP   2. Autenticacion->__construct() C:\wamp64\www\PLATAFORMA_INTEGRADA\backend\api\actividad.php:21
[08-May-2026 08:29:31 America/Santo_Domingo] PHP   3. session_start() C:\wamp64\www\PLATAFORMA_INTEGRADA\backend\Autenticacion.php:14
[08-May-2026 08:29:32 America/Santo_Domingo] PHP Notice:  session_start(): Ignoring session_start() because a session is already active (started from C:\wamp64\www\PLATAFORMA_INTEGRADA\backend\api\actividad.php on line 19) in C:\wamp64\www\PLATAFORMA_INTEGRADA\backend\Autenticacion.php on line 14
[08-May-2026 08:29:32 America/Santo_Domingo] PHP Stack trace:
[08-May-2026 08:29:32 America/Santo_Domingo] PHP   1. {main}() C:\wamp64\www\PLATAFORMA_INTEGRADA\backend\api\actividad.php:0
[08-May-2026 08:29:32 America/Santo_Domingo] PHP   2. Autenticacion->__construct() C:\wamp64\www\PLATAFORMA_INTEGRADA\backend\api\actividad.php:21
[08-May-2026 08:29:32 America/Santo_Domingo] PHP   3. session_start() C:\wamp64\www\PLATAFORMA_INTEGRADA\backend\Autenticacion.php:14
[08-May-2026 08:29:39 America/Santo_Domingo] PHP Notice:  session_start(): Ignoring session_start() because a session is already active (started from C:\wamp64\www\PLATAFORMA_INTEGRADA\backend\api\actividad.php on line 19) in C:\wamp64\www\PLATAFORMA_INTEGRADA\backend\Autenticacion.php on line 14
[08-May-2026 08:29:39 America/Santo_Domingo] PHP Stack trace:
[08-May-2026 08:29:39 America/Santo_Domingo] PHP   1. {main}() C:\wamp64\www\PLATAFORMA_INTEGRADA\backend\api\actividad.php:0
[08-May-2026 08:29:39 America/Santo_Domingo] PHP   2. Autenticacion->__construct() C:\wamp64\www\PLATAFORMA_INTEGRADA\backend\api\actividad.php:21
[08-May-2026 08:29:39 America/Santo_Domingo] PHP   3. session_start() C:\wamp64\www\PLATAFORMA_INTEGRADA\backend\Autenticacion.php:14
[08-May-2026 08:56:07 America/Santo_Domingo] PHP Notice:  session_start(): Ignoring session_start() because a session is already active (started from C:\wamp64\www\PLATAFORMA_INTEGRADA\backend\api\actividad.php on line 19) in C:\wamp64\www\PLATAFORMA_INTEGRADA\backend\Autenticacion.php on line 14
[08-May-2026 08:56:07 America/Santo_Domingo] PHP Stack trace:
[08-May-2026 08:56:07 America/Santo_Domingo] PHP   1. {main}() C:\wamp64\www\PLATAFORMA_INTEGRADA\backend\api\actividad.php:0
[08-May-2026 08:56:07 America/Santo_Domingo] PHP   2. Autenticacion->__construct() C:\wamp64\www\PLATAFORMA_INTEGRADA\backend\api\actividad.php:21
[08-May-2026 08:56:07 America/Santo_Domingo] PHP   3. session_start() C:\wamp64\www\PLATAFORMA_INTEGRADA\backend\Autenticacion.php:14
[08-May-2026 08:56:09 America/Santo_Domingo] PHP Notice:  session_start(): Ignoring session_start() because a session is already active (started from C:\wamp64\www\PLATAFORMA_INTEGRADA\backend\api\actividad.php on line 19) in C:\wamp64\www\PLATAFORMA_INTEGRADA\backend\Autenticacion.php on line 14
[08-May-2026 08:56:09 America/Santo_Domingo] PHP Stack trace:
[08-May-2026 08:56:09 America/Santo_Domingo] PHP   1. {main}() C:\wamp64\www\PLATAFORMA_INTEGRADA\backend\api\actividad.php:0
[08-May-2026 08:56:09 America/Santo_Domingo] PHP   2. Autenticacion->__construct() C:\wamp64\www\PLATAFORMA_INTEGRADA\backend\api\actividad.php:21
[08-May-2026 08:56:09 America/Santo_Domingo] PHP   3. session_start() C:\wamp64\www\PLATAFORMA_INTEGRADA\backend\Autenticacion.php:14
[08-May-2026 09:22:47 America/Santo_Domingo] PHP Notice:  session_start(): Ignoring session_start() because a session is already active (started from C:\wamp64\www\PLATAFORMA_INTEGRADA\backend\api\actividad.php on line 19) in C:\wamp64\www\PLATAFORMA_INTEGRADA\backend\Autenticacion.php on line 14
[08-May-2026 09:22:47 America/Santo_Domingo] PHP Stack trace:
[08-May-2026 09:22:47 America/Santo_Domingo] PHP   1. {main}() C:\wamp64\www\PLATAFORMA_INTEGRADA\backend\api\actividad.php:0
[08-May-2026 09:22:47 America/Santo_Domingo] PHP   2. Autenticacion->__construct() C:\wamp64\www\PLATAFORMA_INTEGRADA\backend\api\actividad.php:21
[08-May-2026 09:22:47 America/Santo_Domingo] PHP   3. session_start() C:\wamp64\www\PLATAFORMA_INTEGRADA\backend\Autenticacion.php:14
[08-May-2026 09:22:48 America/Santo_Domingo] PHP Notice:  session_start(): Ignoring session_start() because a session is already active (started from C:\wamp64\www\PLATAFORMA_INTEGRADA\backend\api\actividad.php on line 19) in C:\wamp64\www\PLATAFORMA_INTEGRADA\backend\Autenticacion.php on line 14
[08-May-2026 09:22:48 America/Santo_Domingo] PHP Stack trace:
[08-May-2026 09:22:48 America/Santo_Domingo] PHP   1. {main}() C:\wamp64\www\PLATAFORMA_INTEGRADA\backend\api\actividad.php:0
[08-May-2026 09:22:48 America/Santo_Domingo] PHP   2. Autenticacion->__construct() C:\wamp64\www\PLATAFORMA_INTEGRADA\backend\api\actividad.php:21
[08-May-2026 09:22:48 America/Santo_Domingo] PHP   3. session_start() C:\wamp64\www\PLATAFORMA_INTEGRADA\backend\Autenticacion.php:14
[08-May-2026 09:22:49 America/Santo_Domingo] PHP Notice:  session_start(): Ignoring session_start() because a session is already active (started from C:\wamp64\www\PLATAFORMA_INTEGRADA\backend\api\actividad.php on line 19) in C:\wamp64\www\PLATAFORMA_INTEGRADA\backend\Autenticacion.php on line 14
[08-May-2026 09:22:49 America/Santo_Domingo] PHP Stack trace:
[08-May-2026 09:22:49 America/Santo_Domingo] PHP   1. {main}() C:\wamp64\www\PLATAFORMA_INTEGRADA\backend\api\actividad.php:0
[08-May-2026 09:22:49 America/Santo_Domingo] PHP   2. Autenticacion->__construct() C:\wamp64\www\PLATAFORMA_INTEGRADA\backend\api\actividad.php:21
[08-May-2026 09:22:49 America/Santo_Domingo] PHP   3. session_start() C:\wamp64\www\PLATAFORMA_INTEGRADA\backend\Autenticacion.php:14
[08-May-2026 09:22:50 America/Santo_Domingo] PHP Notice:  session_start(): Ignoring session_start() because a session is already active (started from C:\wamp64\www\PLATAFORMA_INTEGRADA\backend\api\actividad.php on line 19) in C:\wamp64\www\PLATAFORMA_INTEGRADA\backend\Autenticacion.php on line 14
[08-May-2026 09:22:50 America/Santo_Domingo] PHP Stack trace:
[08-May-2026 09:22:50 America/Santo_Domingo] PHP   1. {main}() C:\wamp64\www\PLATAFORMA_INTEGRADA\backend\api\actividad.php:0
[08-May-2026 09:22:50 America/Santo_Domingo] PHP   2. Autenticacion->__construct() C:\wamp64\www\PLATAFORMA_INTEGRADA\backend\api\actividad.php:21
[08-May-2026 09:22:50 America/Santo_Domingo] PHP   3. session_start() C:\wamp64\www\PLATAFORMA_INTEGRADA\backend\Autenticacion.php:14
[08-May-2026 09:22:51 America/Santo_Domingo] PHP Notice:  session_start(): Ignoring session_start() because a session is already active (started from C:\wamp64\www\PLATAFORMA_INTEGRADA\backend\api\actividad.php on line 19) in C:\wamp64\www\PLATAFORMA_INTEGRADA\backend\Autenticacion.php on line 14
[08-May-2026 09:22:51 America/Santo_Domingo] PHP Stack trace:
[08-May-2026 09:22:51 America/Santo_Domingo] PHP   1. {main}() C:\wamp64\www\PLATAFORMA_INTEGRADA\backend\api\actividad.php:0
[08-May-2026 09:22:51 America/Santo_Domingo] PHP   2. Autenticacion->__construct() C:\wamp64\www\PLATAFORMA_INTEGRADA\backend\api\actividad.php:21
[08-May-2026 09:22:51 America/Santo_Domingo] PHP   3. session_start() C:\wamp64\www\PLATAFORMA_INTEGRADA\backend\Autenticacion.php:14
[08-May-2026 09:22:51 America/Santo_Domingo] PHP Notice:  session_start(): Ignoring session_start() because a session is already active (started from C:\wamp64\www\PLATAFORMA_INTEGRADA\backend\api\actividad.php on line 19) in C:\wamp64\www\PLATAFORMA_INTEGRADA\backend\Autenticacion.php on line 14
[08-May-2026 09:22:51 America/Santo_Domingo] PHP Stack trace:
[08-May-2026 09:22:51 America/Santo_Domingo] PHP   1. {main}() C:\wamp64\www\PLATAFORMA_INTEGRADA\backend\api\actividad.php:0
[08-May-2026 09:22:51 America/Santo_Domingo] PHP   2. Autenticacion->__construct() C:\wamp64\www\PLATAFORMA_INTEGRADA\backend\api\actividad.php:21
[08-May-2026 09:22:51 America/Santo_Domingo] PHP   3. session_start() C:\wamp64\www\PLATAFORMA_INTEGRADA\backend\Autenticacion.php:14
[08-May-2026 09:26:05 America/Santo_Domingo] PHP Notice:  session_start(): Ignoring session_start() because a session is already active (started from C:\wamp64\www\PLATAFORMA_INTEGRADA\backend\api\actividad.php on line 19) in C:\wamp64\www\PLATAFORMA_INTEGRADA\backend\Autenticacion.php on line 14
[08-May-2026 09:26:05 America/Santo_Domingo] PHP Stack trace:
[08-May-2026 09:26:05 America/Santo_Domingo] PHP   1. {main}() C:\wamp64\www\PLATAFORMA_INTEGRADA\backend\api\actividad.php:0
[08-May-2026 09:26:05 America/Santo_Domingo] PHP   2. Autenticacion->__construct() C:\wamp64\www\PLATAFORMA_INTEGRADA\backend\api\actividad.php:21
[08-May-2026 09:26:05 America/Santo_Domingo] PHP   3. session_start() C:\wamp64\www\PLATAFORMA_INTEGRADA\backend\Autenticacion.php:14
[08-May-2026 09:26:06 America/Santo_Domingo] PHP Notice:  session_start(): Ignoring session_start() because a session is already active (started from C:\wamp64\www\PLATAFORMA_INTEGRADA\backend\api\actividad.php on line 19) in C:\wamp64\www\PLATAFORMA_INTEGRADA\backend\Autenticacion.php on line 14
[08-May-2026 09:26:06 America/Santo_Domingo] PHP Stack trace:
[08-May-2026 09:26:06 America/Santo_Domingo] PHP   1. {main}() C:\wamp64\www\PLATAFORMA_INTEGRADA\backend\api\actividad.php:0
[08-May-2026 09:26:06 America/Santo_Domingo] PHP   2. Autenticacion->__construct() C:\wamp64\www\PLATAFORMA_INTEGRADA\backend\api\actividad.php:21
[08-May-2026 09:26:06 America/Santo_Domingo] PHP   3. session_start() C:\wamp64\www\PLATAFORMA_INTEGRADA\backend\Autenticacion.php:14
[08-May-2026 09:40:08 America/Santo_Domingo] PHP Notice:  session_start(): Ignoring session_start() because a session is already active (started from C:\wamp64\www\PLATAFORMA_INTEGRADA\backend\api\actividad.php on line 19) in C:\wamp64\www\PLATAFORMA_INTEGRADA\backend\Autenticacion.php on line 14
[08-May-2026 09:40:08 America/Santo_Domingo] PHP Stack trace:
[08-May-2026 09:40:08 America/Santo_Domingo] PHP   1. {main}() C:\wamp64\www\PLATAFORMA_INTEGRADA\backend\api\actividad.php:0
[08-May-2026 09:40:08 America/Santo_Domingo] PHP   2. Autenticacion->__construct() C:\wamp64\www\PLATAFORMA_INTEGRADA\backend\api\actividad.php:21
[08-May-2026 09:40:08 America/Santo_Domingo] PHP   3. session_start() C:\wamp64\www\PLATAFORMA_INTEGRADA\backend\Autenticacion.php:14
[08-May-2026 09:40:11 America/Santo_Domingo] PHP Notice:  session_start(): Ignoring session_start() because a session is already active (started from C:\wamp64\www\PLATAFORMA_INTEGRADA\backend\api\actividad.php on line 19) in C:\wamp64\www\PLATAFORMA_INTEGRADA\backend\Autenticacion.php on line 14
[08-May-2026 09:40:11 America/Santo_Domingo] PHP Stack trace:
[08-May-2026 09:40:11 America/Santo_Domingo] PHP   1. {main}() C:\wamp64\www\PLATAFORMA_INTEGRADA\backend\api\actividad.php:0
[08-May-2026 09:40:11 America/Santo_Domingo] PHP   2. Autenticacion->__construct() C:\wamp64\www\PLATAFORMA_INTEGRADA\backend\api\actividad.php:21
[08-May-2026 09:40:11 America/Santo_Domingo] PHP   3. session_start() C:\wamp64\www\PLATAFORMA_INTEGRADA\backend\Autenticacion.php:14
[08-May-2026 09:40:43 America/Santo_Domingo] PHP Notice:  session_start(): Ignoring session_start() because a session is already active (started from C:\wamp64\www\PLATAFORMA_INTEGRADA\backend\api\actividad.php on line 19) in C:\wamp64\www\PLATAFORMA_INTEGRADA\backend\Autenticacion.php on line 14
[08-May-2026 09:40:43 America/Santo_Domingo] PHP Stack trace:
[08-May-2026 09:40:43 America/Santo_Domingo] PHP   1. {main}() C:\wamp64\www\PLATAFORMA_INTEGRADA\backend\api\actividad.php:0
[08-May-2026 09:40:43 America/Santo_Domingo] PHP   2. Autenticacion->__construct() C:\wamp64\www\PLATAFORMA_INTEGRADA\backend\api\actividad.php:21
[08-May-2026 09:40:43 America/Santo_Domingo] PHP   3. session_start() C:\wamp64\www\PLATAFORMA_INTEGRADA\backend\Autenticacion.php:14
[08-May-2026 09:40:45 America/Santo_Domingo] PHP Notice:  session_start(): Ignoring session_start() because a session is already active (started from C:\wamp64\www\PLATAFORMA_INTEGRADA\backend\api\actividad.php on line 19) in C:\wamp64\www\PLATAFORMA_INTEGRADA\backend\Autenticacion.php on line 14
[08-May-2026 09:40:45 America/Santo_Domingo] PHP Stack trace:
[08-May-2026 09:40:45 America/Santo_Domingo] PHP   1. {main}() C:\wamp64\www\PLATAFORMA_INTEGRADA\backend\api\actividad.php:0
[08-May-2026 09:40:45 America/Santo_Domingo] PHP   2. Autenticacion->__construct() C:\wamp64\www\PLATAFORMA_INTEGRADA\backend\api\actividad.php:21
[08-May-2026 09:40:45 America/Santo_Domingo] PHP   3. session_start() C:\wamp64\www\PLATAFORMA_INTEGRADA\backend\Autenticacion.php:14
[08-May-2026 09:40:51 America/Santo_Domingo] PHP Notice:  session_start(): Ignoring session_start() because a session is already active (started from C:\wamp64\www\PLATAFORMA_INTEGRADA\backend\api\actividad.php on line 19) in C:\wamp64\www\PLATAFORMA_INTEGRADA\backend\Autenticacion.php on line 14
[08-May-2026 09:40:51 America/Santo_Domingo] PHP Stack trace:
[08-May-2026 09:40:51 America/Santo_Domingo] PHP   1. {main}() C:\wamp64\www\PLATAFORMA_INTEGRADA\backend\api\actividad.php:0
[08-May-2026 09:40:51 America/Santo_Domingo] PHP   2. Autenticacion->__construct() C:\wamp64\www\PLATAFORMA_INTEGRADA\backend\api\actividad.php:21
[08-May-2026 09:40:51 America/Santo_Domingo] PHP   3. session_start() C:\wamp64\www\PLATAFORMA_INTEGRADA\backend\Autenticacion.php:14
[08-May-2026 09:40:53 America/Santo_Domingo] PHP Notice:  session_start(): Ignoring session_start() because a session is already active (started from C:\wamp64\www\PLATAFORMA_INTEGRADA\backend\api\actividad.php on line 19) in C:\wamp64\www\PLATAFORMA_INTEGRADA\backend\Autenticacion.php on line 14
[08-May-2026 09:40:53 America/Santo_Domingo] PHP Stack trace:
[08-May-2026 09:40:53 America/Santo_Domingo] PHP   1. {main}() C:\wamp64\www\PLATAFORMA_INTEGRADA\backend\api\actividad.php:0
[08-May-2026 09:40:53 America/Santo_Domingo] PHP   2. Autenticacion->__construct() C:\wamp64\www\PLATAFORMA_INTEGRADA\backend\api\actividad.php:21
[08-May-2026 09:40:53 America/Santo_Domingo] PHP   3. session_start() C:\wamp64\www\PLATAFORMA_INTEGRADA\backend\Autenticacion.php:14
[08-May-2026 09:56:48 America/Santo_Domingo] PHP Notice:  session_start(): Ignoring session_start() because a session is already active (started from C:\wamp64\www\PLATAFORMA_INTEGRADA\backend\api\actividad.php on line 19) in C:\wamp64\www\PLATAFORMA_INTEGRADA\backend\Autenticacion.php on line 14
[08-May-2026 09:56:48 America/Santo_Domingo] PHP Stack trace:
[08-May-2026 09:56:48 America/Santo_Domingo] PHP   1. {main}() C:\wamp64\www\PLATAFORMA_INTEGRADA\backend\api\actividad.php:0
[08-May-2026 09:56:48 America/Santo_Domingo] PHP   2. Autenticacion->__construct() C:\wamp64\www\PLATAFORMA_INTEGRADA\backend\api\actividad.php:21
[08-May-2026 09:56:48 America/Santo_Domingo] PHP   3. session_start() C:\wamp64\www\PLATAFORMA_INTEGRADA\backend\Autenticacion.php:14
[08-May-2026 09:56:53 America/Santo_Domingo] PHP Notice:  session_start(): Ignoring session_start() because a session is already active (started from C:\wamp64\www\PLATAFORMA_INTEGRADA\backend\api\actividad.php on line 19) in C:\wamp64\www\PLATAFORMA_INTEGRADA\backend\Autenticacion.php on line 14
[08-May-2026 09:56:53 America/Santo_Domingo] PHP Stack trace:
[08-May-2026 09:56:53 America/Santo_Domingo] PHP   1. {main}() C:\wamp64\www\PLATAFORMA_INTEGRADA\backend\api\actividad.php:0
[08-May-2026 09:56:53 America/Santo_Domingo] PHP   2. Autenticacion->__construct() C:\wamp64\www\PLATAFORMA_INTEGRADA\backend\api\actividad.php:21
[08-May-2026 09:56:53 America/Santo_Domingo] PHP   3. session_start() C:\wamp64\www\PLATAFORMA_INTEGRADA\backend\Autenticacion.php:14
[08-May-2026 09:58:39 America/Santo_Domingo] PHP Notice:  session_start(): Ignoring session_start() because a session is already active (started from C:\wamp64\www\PLATAFORMA_INTEGRADA\backend\api\actividad.php on line 19) in C:\wamp64\www\PLATAFORMA_INTEGRADA\backend\Autenticacion.php on line 14
[08-May-2026 09:58:39 America/Santo_Domingo] PHP Stack trace:
[08-May-2026 09:58:39 America/Santo_Domingo] PHP   1. {main}() C:\wamp64\www\PLATAFORMA_INTEGRADA\backend\api\actividad.php:0
[08-May-2026 09:58:39 America/Santo_Domingo] PHP   2. Autenticacion->__construct() C:\wamp64\www\PLATAFORMA_INTEGRADA\backend\api\actividad.php:21
[08-May-2026 09:58:39 America/Santo_Domingo] PHP   3. session_start() C:\wamp64\www\PLATAFORMA_INTEGRADA\backend\Autenticacion.php:14
[08-May-2026 09:58:41 America/Santo_Domingo] PHP Notice:  session_start(): Ignoring session_start() because a session is already active (started from C:\wamp64\www\PLATAFORMA_INTEGRADA\backend\api\actividad.php on line 19) in C:\wamp64\www\PLATAFORMA_INTEGRADA\backend\Autenticacion.php on line 14
[08-May-2026 09:58:41 America/Santo_Domingo] PHP Stack trace:
[08-May-2026 09:58:41 America/Santo_Domingo] PHP   1. {main}() C:\wamp64\www\PLATAFORMA_INTEGRADA\backend\api\actividad.php:0
[08-May-2026 09:58:41 America/Santo_Domingo] PHP   2. Autenticacion->__construct() C:\wamp64\www\PLATAFORMA_INTEGRADA\backend\api\actividad.php:21
[08-May-2026 09:58:41 America/Santo_Domingo] PHP   3. session_start() C:\wamp64\www\PLATAFORMA_INTEGRADA\backend\Autenticacion.php:14
[08-May-2026 09:59:00 America/Santo_Domingo] PHP Notice:  session_start(): Ignoring session_start() because a session is already active (started from C:\wamp64\www\PLATAFORMA_INTEGRADA\backend\api\actividad.php on line 19) in C:\wamp64\www\PLATAFORMA_INTEGRADA\backend\Autenticacion.php on line 14
[08-May-2026 09:59:00 America/Santo_Domingo] PHP Stack trace:
[08-May-2026 09:59:00 America/Santo_Domingo] PHP   1. {main}() C:\wamp64\www\PLATAFORMA_INTEGRADA\backend\api\actividad.php:0
[08-May-2026 09:59:00 America/Santo_Domingo] PHP   2. Autenticacion->__construct() C:\wamp64\www\PLATAFORMA_INTEGRADA\backend\api\actividad.php:21
[08-May-2026 09:59:00 America/Santo_Domingo] PHP   3. session_start() C:\wamp64\www\PLATAFORMA_INTEGRADA\backend\Autenticacion.php:14
[08-May-2026 10:18:52 America/Santo_Domingo] PHP Notice:  session_start(): Ignoring session_start() because a session is already active (started from C:\wamp64\www\PLATAFORMA_INTEGRADA\backend\api\actividad.php on line 19) in C:\wamp64\www\PLATAFORMA_INTEGRADA\backend\Autenticacion.php on line 14
[08-May-2026 10:18:52 America/Santo_Domingo] PHP Stack trace:
[08-May-2026 10:18:52 America/Santo_Domingo] PHP   1. {main}() C:\wamp64\www\PLATAFORMA_INTEGRADA\backend\api\actividad.php:0
[08-May-2026 10:18:52 America/Santo_Domingo] PHP   2. Autenticacion->__construct() C:\wamp64\www\PLATAFORMA_INTEGRADA\backend\api\actividad.php:21
[08-May-2026 10:18:52 America/Santo_Domingo] PHP   3. session_start() C:\wamp64\www\PLATAFORMA_INTEGRADA\backend\Autenticacion.php:14
[08-May-2026 10:19:16 America/Santo_Domingo] PHP Notice:  session_start(): Ignoring session_start() because a session is already active (started from C:\wamp64\www\PLATAFORMA_INTEGRADA\backend\api\actividad.php on line 19) in C:\wamp64\www\PLATAFORMA_INTEGRADA\backend\Autenticacion.php on line 14
[08-May-2026 10:19:16 America/Santo_Domingo] PHP Stack trace:
[08-May-2026 10:19:16 America/Santo_Domingo] PHP   1. {main}() C:\wamp64\www\PLATAFORMA_INTEGRADA\backend\api\actividad.php:0
[08-May-2026 10:19:16 America/Santo_Domingo] PHP   2. Autenticacion->__construct() C:\wamp64\www\PLATAFORMA_INTEGRADA\backend\api\actividad.php:21
[08-May-2026 10:19:16 America/Santo_Domingo] PHP   3. session_start() C:\wamp64\www\PLATAFORMA_INTEGRADA\backend\Autenticacion.php:14
[08-May-2026 10:19:20 America/Santo_Domingo] PHP Notice:  session_start(): Ignoring session_start() because a session is already active (started from C:\wamp64\www\PLATAFORMA_INTEGRADA\backend\api\actividad.php on line 19) in C:\wamp64\www\PLATAFORMA_INTEGRADA\backend\Autenticacion.php on line 14
[08-May-2026 10:19:20 America/Santo_Domingo] PHP Stack trace:
[08-May-2026 10:19:20 America/Santo_Domingo] PHP   1. {main}() C:\wamp64\www\PLATAFORMA_INTEGRADA\backend\api\actividad.php:0
[08-May-2026 10:19:20 America/Santo_Domingo] PHP   2. Autenticacion->__construct() C:\wamp64\www\PLATAFORMA_INTEGRADA\backend\api\actividad.php:21
[08-May-2026 10:19:20 America/Santo_Domingo] PHP   3. session_start() C:\wamp64\www\PLATAFORMA_INTEGRADA\backend\Autenticacion.php:14
[08-May-2026 10:19:29 America/Santo_Domingo] PHP Notice:  session_start(): Ignoring session_start() because a session is already active (started from C:\wamp64\www\PLATAFORMA_INTEGRADA\backend\api\actividad.php on line 19) in C:\wamp64\www\PLATAFORMA_INTEGRADA\backend\Autenticacion.php on line 14
[08-May-2026 10:19:29 America/Santo_Domingo] PHP Stack trace:
[08-May-2026 10:19:29 America/Santo_Domingo] PHP   1. {main}() C:\wamp64\www\PLATAFORMA_INTEGRADA\backend\api\actividad.php:0
[08-May-2026 10:19:29 America/Santo_Domingo] PHP   2. Autenticacion->__construct() C:\wamp64\www\PLATAFORMA_INTEGRADA\backend\api\actividad.php:21
[08-May-2026 10:19:29 America/Santo_Domingo] PHP   3. session_start() C:\wamp64\www\PLATAFORMA_INTEGRADA\backend\Autenticacion.php:14
[08-May-2026 10:19:29 America/Santo_Domingo] PHP Notice:  session_start(): Ignoring session_start() because a session is already active (started from C:\wamp64\www\PLATAFORMA_INTEGRADA\backend\api\actividad.php on line 19) in C:\wamp64\www\PLATAFORMA_INTEGRADA\backend\Autenticacion.php on line 14
[08-May-2026 10:19:29 America/Santo_Domingo] PHP Stack trace:
[08-May-2026 10:19:29 America/Santo_Domingo] PHP   1. {main}() C:\wamp64\www\PLATAFORMA_INTEGRADA\backend\api\actividad.php:0
[08-May-2026 10:19:29 America/Santo_Domingo] PHP   2. Autenticacion->__construct() C:\wamp64\www\PLATAFORMA_INTEGRADA\backend\api\actividad.php:21
[08-May-2026 10:19:29 America/Santo_Domingo] PHP   3. session_start() C:\wamp64\www\PLATAFORMA_INTEGRADA\backend\Autenticacion.php:14
[08-May-2026 10:19:33 America/Santo_Domingo] PHP Notice:  session_start(): Ignoring session_start() because a session is already active (started from C:\wamp64\www\PLATAFORMA_INTEGRADA\backend\api\actividad.php on line 19) in C:\wamp64\www\PLATAFORMA_INTEGRADA\backend\Autenticacion.php on line 14
[08-May-2026 10:19:33 America/Santo_Domingo] PHP Stack trace:
[08-May-2026 10:19:33 America/Santo_Domingo] PHP   1. {main}() C:\wamp64\www\PLATAFORMA_INTEGRADA\backend\api\actividad.php:0
[08-May-2026 10:19:33 America/Santo_Domingo] PHP   2. Autenticacion->__construct() C:\wamp64\www\PLATAFORMA_INTEGRADA\backend\api\actividad.php:21
[08-May-2026 10:19:33 America/Santo_Domingo] PHP   3. session_start() C:\wamp64\www\PLATAFORMA_INTEGRADA\backend\Autenticacion.php:14
[08-May-2026 10:19:36 America/Santo_Domingo] PHP Notice:  session_start(): Ignoring session_start() because a session is already active (started from C:\wamp64\www\PLATAFORMA_INTEGRADA\backend\api\actividad.php on line 19) in C:\wamp64\www\PLATAFORMA_INTEGRADA\backend\Autenticacion.php on line 14
[08-May-2026 10:19:36 America/Santo_Domingo] PHP Stack trace:
[08-May-2026 10:19:36 America/Santo_Domingo] PHP   1. {main}() C:\wamp64\www\PLATAFORMA_INTEGRADA\backend\api\actividad.php:0
[08-May-2026 10:19:36 America/Santo_Domingo] PHP   2. Autenticacion->__construct() C:\wamp64\www\PLATAFORMA_INTEGRADA\backend\api\actividad.php:21
[08-May-2026 10:19:36 America/Santo_Domingo] PHP   3. session_start() C:\wamp64\www\PLATAFORMA_INTEGRADA\backend\Autenticacion.php:14
[08-May-2026 10:19:40 America/Santo_Domingo] PHP Notice:  session_start(): Ignoring session_start() because a session is already active (started from C:\wamp64\www\PLATAFORMA_INTEGRADA\backend\api\actividad.php on line 19) in C:\wamp64\www\PLATAFORMA_INTEGRADA\backend\Autenticacion.php on line 14
[08-May-2026 10:19:40 America/Santo_Domingo] PHP Stack trace:
[08-May-2026 10:19:40 America/Santo_Domingo] PHP   1. {main}() C:\wamp64\www\PLATAFORMA_INTEGRADA\backend\api\actividad.php:0
[08-May-2026 10:19:40 America/Santo_Domingo] PHP   2. Autenticacion->__construct() C:\wamp64\www\PLATAFORMA_INTEGRADA\backend\api\actividad.php:21
[08-May-2026 10:19:40 America/Santo_Domingo] PHP   3. session_start() C:\wamp64\www\PLATAFORMA_INTEGRADA\backend\Autenticacion.php:14
[08-May-2026 10:19:43 America/Santo_Domingo] PHP Notice:  session_start(): Ignoring session_start() because a session is already active (started from C:\wamp64\www\PLATAFORMA_INTEGRADA\backend\api\actividad.php on line 19) in C:\wamp64\www\PLATAFORMA_INTEGRADA\backend\Autenticacion.php on line 14
[08-May-2026 10:19:43 America/Santo_Domingo] PHP Stack trace:
[08-May-2026 10:19:43 America/Santo_Domingo] PHP   1. {main}() C:\wamp64\www\PLATAFORMA_INTEGRADA\backend\api\actividad.php:0
[08-May-2026 10:19:43 America/Santo_Domingo] PHP   2. Autenticacion->__construct() C:\wamp64\www\PLATAFORMA_INTEGRADA\backend\api\actividad.php:21
[08-May-2026 10:19:43 America/Santo_Domingo] PHP   3. session_start() C:\wamp64\www\PLATAFORMA_INTEGRADA\backend\Autenticacion.php:14
[08-May-2026 10:19:44 America/Santo_Domingo] PHP Notice:  session_start(): Ignoring session_start() because a session is already active (started from C:\wamp64\www\PLATAFORMA_INTEGRADA\backend\api\actividad.php on line 19) in C:\wamp64\www\PLATAFORMA_INTEGRADA\backend\Autenticacion.php on line 14
[08-May-2026 10:19:44 America/Santo_Domingo] PHP Stack trace:
[08-May-2026 10:19:44 America/Santo_Domingo] PHP   1. {main}() C:\wamp64\www\PLATAFORMA_INTEGRADA\backend\api\actividad.php:0
[08-May-2026 10:19:44 America/Santo_Domingo] PHP   2. Autenticacion->__construct() C:\wamp64\www\PLATAFORMA_INTEGRADA\backend\api\actividad.php:21
[08-May-2026 10:19:44 America/Santo_Domingo] PHP   3. session_start() C:\wamp64\www\PLATAFORMA_INTEGRADA\backend\Autenticacion.php:14
[08-May-2026 10:19:45 America/Santo_Domingo] PHP Notice:  session_start(): Ignoring session_start() because a session is already active (started from C:\wamp64\www\PLATAFORMA_INTEGRADA\backend\api\actividad.php on line 19) in C:\wamp64\www\PLATAFORMA_INTEGRADA\backend\Autenticacion.php on line 14
[08-May-2026 10:19:45 America/Santo_Domingo] PHP Stack trace:
[08-May-2026 10:19:45 America/Santo_Domingo] PHP   1. {main}() C:\wamp64\www\PLATAFORMA_INTEGRADA\backend\api\actividad.php:0
[08-May-2026 10:19:45 America/Santo_Domingo] PHP   2. Autenticacion->__construct() C:\wamp64\www\PLATAFORMA_INTEGRADA\backend\api\actividad.php:21
[08-May-2026 10:19:45 America/Santo_Domingo] PHP   3. session_start() C:\wamp64\www\PLATAFORMA_INTEGRADA\backend\Autenticacion.php:14
[08-May-2026 10:19:46 America/Santo_Domingo] PHP Notice:  session_start(): Ignoring session_start() because a session is already active (started from C:\wamp64\www\PLATAFORMA_INTEGRADA\backend\api\actividad.php on line 19) in C:\wamp64\www\PLATAFORMA_INTEGRADA\backend\Autenticacion.php on line 14
[08-May-2026 10:19:46 America/Santo_Domingo] PHP Stack trace:
[08-May-2026 10:19:46 America/Santo_Domingo] PHP   1. {main}() C:\wamp64\www\PLATAFORMA_INTEGRADA\backend\api\actividad.php:0
[08-May-2026 10:19:46 America/Santo_Domingo] PHP   2. Autenticacion->__construct() C:\wamp64\www\PLATAFORMA_INTEGRADA\backend\api\actividad.php:21
[08-May-2026 10:19:46 America/Santo_Domingo] PHP   3. session_start() C:\wamp64\www\PLATAFORMA_INTEGRADA\backend\Autenticacion.php:14
[08-May-2026 10:19:48 America/Santo_Domingo] PHP Notice:  session_start(): Ignoring session_start() because a session is already active (started from C:\wamp64\www\PLATAFORMA_INTEGRADA\backend\api\actividad.php on line 19) in C:\wamp64\www\PLATAFORMA_INTEGRADA\backend\Autenticacion.php on line 14
[08-May-2026 10:19:48 America/Santo_Domingo] PHP Stack trace:
[08-May-2026 10:19:48 America/Santo_Domingo] PHP   1. {main}() C:\wamp64\www\PLATAFORMA_INTEGRADA\backend\api\actividad.php:0
[08-May-2026 10:19:48 America/Santo_Domingo] PHP   2. Autenticacion->__construct() C:\wamp64\www\PLATAFORMA_INTEGRADA\backend\api\actividad.php:21
[08-May-2026 10:19:48 America/Santo_Domingo] PHP   3. session_start() C:\wamp64\www\PLATAFORMA_INTEGRADA\backend\Autenticacion.php:14
[08-May-2026 10:19:56 America/Santo_Domingo] PHP Notice:  session_start(): Ignoring session_start() because a session is already active (started from C:\wamp64\www\PLATAFORMA_INTEGRADA\backend\api\actividad.php on line 19) in C:\wamp64\www\PLATAFORMA_INTEGRADA\backend\Autenticacion.php on line 14
[08-May-2026 10:19:56 America/Santo_Domingo] PHP Stack trace:
[08-May-2026 10:19:56 America/Santo_Domingo] PHP   1. {main}() C:\wamp64\www\PLATAFORMA_INTEGRADA\backend\api\actividad.php:0
[08-May-2026 10:19:56 America/Santo_Domingo] PHP   2. Autenticacion->__construct() C:\wamp64\www\PLATAFORMA_INTEGRADA\backend\api\actividad.php:21
[08-May-2026 10:19:56 America/Santo_Domingo] PHP   3. session_start() C:\wamp64\www\PLATAFORMA_INTEGRADA\backend\Autenticacion.php:14
[08-May-2026 10:20:42 America/Santo_Domingo] PHP Notice:  session_start(): Ignoring session_start() because a session is already active (started from C:\wamp64\www\PLATAFORMA_INTEGRADA\backend\api\actividad.php on line 19) in C:\wamp64\www\PLATAFORMA_INTEGRADA\backend\Autenticacion.php on line 14
[08-May-2026 10:20:42 America/Santo_Domingo] PHP Stack trace:
[08-May-2026 10:20:42 America/Santo_Domingo] PHP   1. {main}() C:\wamp64\www\PLATAFORMA_INTEGRADA\backend\api\actividad.php:0
[08-May-2026 10:20:42 America/Santo_Domingo] PHP   2. Autenticacion->__construct() C:\wamp64\www\PLATAFORMA_INTEGRADA\backend\api\actividad.php:21
[08-May-2026 10:20:42 America/Santo_Domingo] PHP   3. session_start() C:\wamp64\www\PLATAFORMA_INTEGRADA\backend\Autenticacion.php:14
[08-May-2026 10:20:42 America/Santo_Domingo] PHP Notice:  session_start(): Ignoring session_start() because a session is already active (started from C:\wamp64\www\PLATAFORMA_INTEGRADA\backend\api\actividad.php on line 19) in C:\wamp64\www\PLATAFORMA_INTEGRADA\backend\Autenticacion.php on line 14
[08-May-2026 10:20:42 America/Santo_Domingo] PHP Stack trace:
[08-May-2026 10:20:42 America/Santo_Domingo] PHP   1. {main}() C:\wamp64\www\PLATAFORMA_INTEGRADA\backend\api\actividad.php:0
[08-May-2026 10:20:42 America/Santo_Domingo] PHP   2. Autenticacion->__construct() C:\wamp64\www\PLATAFORMA_INTEGRADA\backend\api\actividad.php:21
[08-May-2026 10:20:42 America/Santo_Domingo] PHP   3. session_start() C:\wamp64\www\PLATAFORMA_INTEGRADA\backend\Autenticacion.php:14
[08-May-2026 10:20:44 America/Santo_Domingo] PHP Notice:  session_start(): Ignoring session_start() because a session is already active (started from C:\wamp64\www\PLATAFORMA_INTEGRADA\backend\api\actividad.php on line 19) in C:\wamp64\www\PLATAFORMA_INTEGRADA\backend\Autenticacion.php on line 14
[08-May-2026 10:20:44 America/Santo_Domingo] PHP Stack trace:
[08-May-2026 10:20:44 America/Santo_Domingo] PHP   1. {main}() C:\wamp64\www\PLATAFORMA_INTEGRADA\backend\api\actividad.php:0
[08-May-2026 10:20:44 America/Santo_Domingo] PHP   2. Autenticacion->__construct() C:\wamp64\www\PLATAFORMA_INTEGRADA\backend\api\actividad.php:21
[08-May-2026 10:20:44 America/Santo_Domingo] PHP   3. session_start() C:\wamp64\www\PLATAFORMA_INTEGRADA\backend\Autenticacion.php:14
[08-May-2026 10:20:47 America/Santo_Domingo] PHP Notice:  session_start(): Ignoring session_start() because a session is already active (started from C:\wamp64\www\PLATAFORMA_INTEGRADA\backend\api\actividad.php on line 19) in C:\wamp64\www\PLATAFORMA_INTEGRADA\backend\Autenticacion.php on line 14
[08-May-2026 10:20:47 America/Santo_Domingo] PHP Stack trace:
[08-May-2026 10:20:47 America/Santo_Domingo] PHP   1. {main}() C:\wamp64\www\PLATAFORMA_INTEGRADA\backend\api\actividad.php:0
[08-May-2026 10:20:47 America/Santo_Domingo] PHP   2. Autenticacion->__construct() C:\wamp64\www\PLATAFORMA_INTEGRADA\backend\api\actividad.php:21
[08-May-2026 10:20:47 America/Santo_Domingo] PHP   3. session_start() C:\wamp64\www\PLATAFORMA_INTEGRADA\backend\Autenticacion.php:14
[08-May-2026 10:20:49 America/Santo_Domingo] PHP Notice:  session_start(): Ignoring session_start() because a session is already active (started from C:\wamp64\www\PLATAFORMA_INTEGRADA\backend\api\actividad.php on line 19) in C:\wamp64\www\PLATAFORMA_INTEGRADA\backend\Autenticacion.php on line 14
[08-May-2026 10:20:49 America/Santo_Domingo] PHP Stack trace:
[08-May-2026 10:20:49 America/Santo_Domingo] PHP   1. {main}() C:\wamp64\www\PLATAFORMA_INTEGRADA\backend\api\actividad.php:0
[08-May-2026 10:20:49 America/Santo_Domingo] PHP   2. Autenticacion->__construct() C:\wamp64\www\PLATAFORMA_INTEGRADA\backend\api\actividad.php:21
[08-May-2026 10:20:49 America/Santo_Domingo] PHP   3. session_start() C:\wamp64\www\PLATAFORMA_INTEGRADA\backend\Autenticacion.php:14
[08-May-2026 10:20:50 America/Santo_Domingo] PHP Notice:  session_start(): Ignoring session_start() because a session is already active (started from C:\wamp64\www\PLATAFORMA_INTEGRADA\backend\api\actividad.php on line 19) in C:\wamp64\www\PLATAFORMA_INTEGRADA\backend\Autenticacion.php on line 14
[08-May-2026 10:20:50 America/Santo_Domingo] PHP Stack trace:
[08-May-2026 10:20:50 America/Santo_Domingo] PHP   1. {main}() C:\wamp64\www\PLATAFORMA_INTEGRADA\backend\api\actividad.php:0
[08-May-2026 10:20:50 America/Santo_Domingo] PHP   2. Autenticacion->__construct() C:\wamp64\www\PLATAFORMA_INTEGRADA\backend\api\actividad.php:21
[08-May-2026 10:20:50 America/Santo_Domingo] PHP   3. session_start() C:\wamp64\www\PLATAFORMA_INTEGRADA\backend\Autenticacion.php:14
[08-May-2026 10:20:51 America/Santo_Domingo] PHP Notice:  session_start(): Ignoring session_start() because a session is already active (started from C:\wamp64\www\PLATAFORMA_INTEGRADA\backend\api\actividad.php on line 19) in C:\wamp64\www\PLATAFORMA_INTEGRADA\backend\Autenticacion.php on line 14
[08-May-2026 10:20:51 America/Santo_Domingo] PHP Stack trace:
[08-May-2026 10:20:51 America/Santo_Domingo] PHP   1. {main}() C:\wamp64\www\PLATAFORMA_INTEGRADA\backend\api\actividad.php:0
[08-May-2026 10:20:51 America/Santo_Domingo] PHP   2. Autenticacion->__construct() C:\wamp64\www\PLATAFORMA_INTEGRADA\backend\api\actividad.php:21
[08-May-2026 10:20:51 America/Santo_Domingo] PHP   3. session_start() C:\wamp64\www\PLATAFORMA_INTEGRADA\backend\Autenticacion.php:14
[08-May-2026 10:20:52 America/Santo_Domingo] PHP Notice:  session_start(): Ignoring session_start() because a session is already active (started from C:\wamp64\www\PLATAFORMA_INTEGRADA\backend\api\actividad.php on line 19) in C:\wamp64\www\PLATAFORMA_INTEGRADA\backend\Autenticacion.php on line 14
[08-May-2026 10:20:52 America/Santo_Domingo] PHP Stack trace:
[08-May-2026 10:20:52 America/Santo_Domingo] PHP   1. {main}() C:\wamp64\www\PLATAFORMA_INTEGRADA\backend\api\actividad.php:0
[08-May-2026 10:20:52 America/Santo_Domingo] PHP   2. Autenticacion->__construct() C:\wamp64\www\PLATAFORMA_INTEGRADA\backend\api\actividad.php:21
[08-May-2026 10:20:52 America/Santo_Domingo] PHP   3. session_start() C:\wamp64\www\PLATAFORMA_INTEGRADA\backend\Autenticacion.php:14
[08-May-2026 10:20:53 America/Santo_Domingo] PHP Notice:  session_start(): Ignoring session_start() because a session is already active (started from C:\wamp64\www\PLATAFORMA_INTEGRADA\backend\api\actividad.php on line 19) in C:\wamp64\www\PLATAFORMA_INTEGRADA\backend\Autenticacion.php on line 14
[08-May-2026 10:20:53 America/Santo_Domingo] PHP Stack trace:
[08-May-2026 10:20:53 America/Santo_Domingo] PHP   1. {main}() C:\wamp64\www\PLATAFORMA_INTEGRADA\backend\api\actividad.php:0
[08-May-2026 10:20:53 America/Santo_Domingo] PHP   2. Autenticacion->__construct() C:\wamp64\www\PLATAFORMA_INTEGRADA\backend\api\actividad.php:21
[08-May-2026 10:20:53 America/Santo_Domingo] PHP   3. session_start() C:\wamp64\www\PLATAFORMA_INTEGRADA\backend\Autenticacion.php:14
[08-May-2026 10:20:53 America/Santo_Domingo] PHP Notice:  session_start(): Ignoring session_start() because a session is already active (started from C:\wamp64\www\PLATAFORMA_INTEGRADA\backend\api\actividad.php on line 19) in C:\wamp64\www\PLATAFORMA_INTEGRADA\backend\Autenticacion.php on line 14
[08-May-2026 10:20:53 America/Santo_Domingo] PHP Stack trace:
[08-May-2026 10:20:53 America/Santo_Domingo] PHP   1. {main}() C:\wamp64\www\PLATAFORMA_INTEGRADA\backend\api\actividad.php:0
[08-May-2026 10:20:53 America/Santo_Domingo] PHP   2. Autenticacion->__construct() C:\wamp64\www\PLATAFORMA_INTEGRADA\backend\api\actividad.php:21
[08-May-2026 10:20:53 America/Santo_Domingo] PHP   3. session_start() C:\wamp64\www\PLATAFORMA_INTEGRADA\backend\Autenticacion.php:14
[08-May-2026 10:20:54 America/Santo_Domingo] PHP Notice:  session_start(): Ignoring session_start() because a session is already active (started from C:\wamp64\www\PLATAFORMA_INTEGRADA\backend\api\actividad.php on line 19) in C:\wamp64\www\PLATAFORMA_INTEGRADA\backend\Autenticacion.php on line 14
[08-May-2026 10:20:54 America/Santo_Domingo] PHP Stack trace:
[08-May-2026 10:20:54 America/Santo_Domingo] PHP   1. {main}() C:\wamp64\www\PLATAFORMA_INTEGRADA\backend\api\actividad.php:0
[08-May-2026 10:20:54 America/Santo_Domingo] PHP   2. Autenticacion->__construct() C:\wamp64\www\PLATAFORMA_INTEGRADA\backend\api\actividad.php:21
[08-May-2026 10:20:54 America/Santo_Domingo] PHP   3. session_start() C:\wamp64\www\PLATAFORMA_INTEGRADA\backend\Autenticacion.php:14
[08-May-2026 10:20:55 America/Santo_Domingo] PHP Notice:  session_start(): Ignoring session_start() because a session is already active (started from C:\wamp64\www\PLATAFORMA_INTEGRADA\backend\api\actividad.php on line 19) in C:\wamp64\www\PLATAFORMA_INTEGRADA\backend\Autenticacion.php on line 14
[08-May-2026 10:20:55 America/Santo_Domingo] PHP Stack trace:
[08-May-2026 10:20:55 America/Santo_Domingo] PHP   1. {main}() C:\wamp64\www\PLATAFORMA_INTEGRADA\backend\api\actividad.php:0
[08-May-2026 10:20:55 America/Santo_Domingo] PHP   2. Autenticacion->__construct() C:\wamp64\www\PLATAFORMA_INTEGRADA\backend\api\actividad.php:21
[08-May-2026 10:20:55 America/Santo_Domingo] PHP   3. session_start() C:\wamp64\www\PLATAFORMA_INTEGRADA\backend\Autenticacion.php:14
[08-May-2026 10:20:58 America/Santo_Domingo] PHP Notice:  session_start(): Ignoring session_start() because a session is already active (started from C:\wamp64\www\PLATAFORMA_INTEGRADA\backend\api\actividad.php on line 19) in C:\wamp64\www\PLATAFORMA_INTEGRADA\backend\Autenticacion.php on line 14
[08-May-2026 10:20:58 America/Santo_Domingo] PHP Stack trace:
[08-May-2026 10:20:58 America/Santo_Domingo] PHP   1. {main}() C:\wamp64\www\PLATAFORMA_INTEGRADA\backend\api\actividad.php:0
[08-May-2026 10:20:58 America/Santo_Domingo] PHP   2. Autenticacion->__construct() C:\wamp64\www\PLATAFORMA_INTEGRADA\backend\api\actividad.php:21
[08-May-2026 10:20:58 America/Santo_Domingo] PHP   3. session_start() C:\wamp64\www\PLATAFORMA_INTEGRADA\backend\Autenticacion.php:14
[08-May-2026 10:20:59 America/Santo_Domingo] PHP Notice:  session_start(): Ignoring session_start() because a session is already active (started from C:\wamp64\www\PLATAFORMA_INTEGRADA\backend\api\actividad.php on line 19) in C:\wamp64\www\PLATAFORMA_INTEGRADA\backend\Autenticacion.php on line 14
[08-May-2026 10:20:59 America/Santo_Domingo] PHP Stack trace:
[08-May-2026 10:20:59 America/Santo_Domingo] PHP   1. {main}() C:\wamp64\www\PLATAFORMA_INTEGRADA\backend\api\actividad.php:0
[08-May-2026 10:20:59 America/Santo_Domingo] PHP   2. Autenticacion->__construct() C:\wamp64\www\PLATAFORMA_INTEGRADA\backend\api\actividad.php:21
[08-May-2026 10:20:59 America/Santo_Domingo] PHP   3. session_start() C:\wamp64\www\PLATAFORMA_INTEGRADA\backend\Autenticacion.php:14
[08-May-2026 10:21:02 America/Santo_Domingo] PHP Notice:  session_start(): Ignoring session_start() because a session is already active (started from C:\wamp64\www\PLATAFORMA_INTEGRADA\backend\api\actividad.php on line 19) in C:\wamp64\www\PLATAFORMA_INTEGRADA\backend\Autenticacion.php on line 14
[08-May-2026 10:21:02 America/Santo_Domingo] PHP Stack trace:
[08-May-2026 10:21:02 America/Santo_Domingo] PHP   1. {main}() C:\wamp64\www\PLATAFORMA_INTEGRADA\backend\api\actividad.php:0
[08-May-2026 10:21:02 America/Santo_Domingo] PHP   2. Autenticacion->__construct() C:\wamp64\www\PLATAFORMA_INTEGRADA\backend\api\actividad.php:21
[08-May-2026 10:21:02 America/Santo_Domingo] PHP   3. session_start() C:\wamp64\www\PLATAFORMA_INTEGRADA\backend\Autenticacion.php:14
[08-May-2026 10:21:05 America/Santo_Domingo] PHP Notice:  session_start(): Ignoring session_start() because a session is already active (started from C:\wamp64\www\PLATAFORMA_INTEGRADA\backend\api\actividad.php on line 19) in C:\wamp64\www\PLATAFORMA_INTEGRADA\backend\Autenticacion.php on line 14
[08-May-2026 10:21:05 America/Santo_Domingo] PHP Stack trace:
[08-May-2026 10:21:05 America/Santo_Domingo] PHP   1. {main}() C:\wamp64\www\PLATAFORMA_INTEGRADA\backend\api\actividad.php:0
[08-May-2026 10:21:05 America/Santo_Domingo] PHP   2. Autenticacion->__construct() C:\wamp64\www\PLATAFORMA_INTEGRADA\backend\api\actividad.php:21
[08-May-2026 10:21:05 America/Santo_Domingo] PHP   3. session_start() C:\wamp64\www\PLATAFORMA_INTEGRADA\backend\Autenticacion.php:14
[08-May-2026 10:21:06 America/Santo_Domingo] PHP Notice:  session_start(): Ignoring session_start() because a session is already active (started from C:\wamp64\www\PLATAFORMA_INTEGRADA\backend\api\actividad.php on line 19) in C:\wamp64\www\PLATAFORMA_INTEGRADA\backend\Autenticacion.php on line 14
[08-May-2026 10:21:06 America/Santo_Domingo] PHP Stack trace:
[08-May-2026 10:21:06 America/Santo_Domingo] PHP   1. {main}() C:\wamp64\www\PLATAFORMA_INTEGRADA\backend\api\actividad.php:0
[08-May-2026 10:21:06 America/Santo_Domingo] PHP   2. Autenticacion->__construct() C:\wamp64\www\PLATAFORMA_INTEGRADA\backend\api\actividad.php:21
[08-May-2026 10:21:06 America/Santo_Domingo] PHP   3. session_start() C:\wamp64\www\PLATAFORMA_INTEGRADA\backend\Autenticacion.php:14
[08-May-2026 10:21:08 America/Santo_Domingo] PHP Notice:  session_start(): Ignoring session_start() because a session is already active (started from C:\wamp64\www\PLATAFORMA_INTEGRADA\backend\api\actividad.php on line 19) in C:\wamp64\www\PLATAFORMA_INTEGRADA\backend\Autenticacion.php on line 14
[08-May-2026 10:21:08 America/Santo_Domingo] PHP Stack trace:
[08-May-2026 10:21:08 America/Santo_Domingo] PHP   1. {main}() C:\wamp64\www\PLATAFORMA_INTEGRADA\backend\api\actividad.php:0
[08-May-2026 10:21:08 America/Santo_Domingo] PHP   2. Autenticacion->__construct() C:\wamp64\www\PLATAFORMA_INTEGRADA\backend\api\actividad.php:21
[08-May-2026 10:21:08 America/Santo_Domingo] PHP   3. session_start() C:\wamp64\www\PLATAFORMA_INTEGRADA\backend\Autenticacion.php:14
[08-May-2026 10:21:09 America/Santo_Domingo] PHP Notice:  session_start(): Ignoring session_start() because a session is already active (started from C:\wamp64\www\PLATAFORMA_INTEGRADA\backend\api\actividad.php on line 19) in C:\wamp64\www\PLATAFORMA_INTEGRADA\backend\Autenticacion.php on line 14
[08-May-2026 10:21:09 America/Santo_Domingo] PHP Stack trace:
[08-May-2026 10:21:09 America/Santo_Domingo] PHP   1. {main}() C:\wamp64\www\PLATAFORMA_INTEGRADA\backend\api\actividad.php:0
[08-May-2026 10:21:09 America/Santo_Domingo] PHP   2. Autenticacion->__construct() C:\wamp64\www\PLATAFORMA_INTEGRADA\backend\api\actividad.php:21
[08-May-2026 10:21:09 America/Santo_Domingo] PHP   3. session_start() C:\wamp64\www\PLATAFORMA_INTEGRADA\backend\Autenticacion.php:14
[08-May-2026 10:21:10 America/Santo_Domingo] PHP Notice:  session_start(): Ignoring session_start() because a session is already active (started from C:\wamp64\www\PLATAFORMA_INTEGRADA\backend\api\actividad.php on line 19) in C:\wamp64\www\PLATAFORMA_INTEGRADA\backend\Autenticacion.php on line 14
[08-May-2026 10:21:10 America/Santo_Domingo] PHP Stack trace:
[08-May-2026 10:21:10 America/Santo_Domingo] PHP   1. {main}() C:\wamp64\www\PLATAFORMA_INTEGRADA\backend\api\actividad.php:0
[08-May-2026 10:21:10 America/Santo_Domingo] PHP   2. Autenticacion->__construct() C:\wamp64\www\PLATAFORMA_INTEGRADA\backend\api\actividad.php:21
[08-May-2026 10:21:10 America/Santo_Domingo] PHP   3. session_start() C:\wamp64\www\PLATAFORMA_INTEGRADA\backend\Autenticacion.php:14
[08-May-2026 10:21:13 America/Santo_Domingo] PHP Notice:  session_start(): Ignoring session_start() because a session is already active (started from C:\wamp64\www\PLATAFORMA_INTEGRADA\backend\api\actividad.php on line 19) in C:\wamp64\www\PLATAFORMA_INTEGRADA\backend\Autenticacion.php on line 14
[08-May-2026 10:21:13 America/Santo_Domingo] PHP Stack trace:
[08-May-2026 10:21:13 America/Santo_Domingo] PHP   1. {main}() C:\wamp64\www\PLATAFORMA_INTEGRADA\backend\api\actividad.php:0
[08-May-2026 10:21:13 America/Santo_Domingo] PHP   2. Autenticacion->__construct() C:\wamp64\www\PLATAFORMA_INTEGRADA\backend\api\actividad.php:21
[08-May-2026 10:21:13 America/Santo_Domingo] PHP   3. session_start() C:\wamp64\www\PLATAFORMA_INTEGRADA\backend\Autenticacion.php:14
[08-May-2026 10:21:15 America/Santo_Domingo] PHP Notice:  session_start(): Ignoring session_start() because a session is already active (started from C:\wamp64\www\PLATAFORMA_INTEGRADA\backend\api\actividad.php on line 19) in C:\wamp64\www\PLATAFORMA_INTEGRADA\backend\Autenticacion.php on line 14
[08-May-2026 10:21:15 America/Santo_Domingo] PHP Stack trace:
[08-May-2026 10:21:15 America/Santo_Domingo] PHP   1. {main}() C:\wamp64\www\PLATAFORMA_INTEGRADA\backend\api\actividad.php:0
[08-May-2026 10:21:15 America/Santo_Domingo] PHP   2. Autenticacion->__construct() C:\wamp64\www\PLATAFORMA_INTEGRADA\backend\api\actividad.php:21
[08-May-2026 10:21:15 America/Santo_Domingo] PHP   3. session_start() C:\wamp64\www\PLATAFORMA_INTEGRADA\backend\Autenticacion.php:14
[08-May-2026 10:21:17 America/Santo_Domingo] PHP Notice:  session_start(): Ignoring session_start() because a session is already active (started from C:\wamp64\www\PLATAFORMA_INTEGRADA\backend\api\actividad.php on line 19) in C:\wamp64\www\PLATAFORMA_INTEGRADA\backend\Autenticacion.php on line 14
[08-May-2026 10:21:17 America/Santo_Domingo] PHP Stack trace:
[08-May-2026 10:21:17 America/Santo_Domingo] PHP   1. {main}() C:\wamp64\www\PLATAFORMA_INTEGRADA\backend\api\actividad.php:0
[08-May-2026 10:21:17 America/Santo_Domingo] PHP   2. Autenticacion->__construct() C:\wamp64\www\PLATAFORMA_INTEGRADA\backend\api\actividad.php:21
[08-May-2026 10:21:17 America/Santo_Domingo] PHP   3. session_start() C:\wamp64\www\PLATAFORMA_INTEGRADA\backend\Autenticacion.php:14
[08-May-2026 10:21:18 America/Santo_Domingo] PHP Notice:  session_start(): Ignoring session_start() because a session is already active (started from C:\wamp64\www\PLATAFORMA_INTEGRADA\backend\api\actividad.php on line 19) in C:\wamp64\www\PLATAFORMA_INTEGRADA\backend\Autenticacion.php on line 14
[08-May-2026 10:21:18 America/Santo_Domingo] PHP Stack trace:
[08-May-2026 10:21:18 America/Santo_Domingo] PHP   1. {main}() C:\wamp64\www\PLATAFORMA_INTEGRADA\backend\api\actividad.php:0
[08-May-2026 10:21:18 America/Santo_Domingo] PHP   2. Autenticacion->__construct() C:\wamp64\www\PLATAFORMA_INTEGRADA\backend\api\actividad.php:21
[08-May-2026 10:21:18 America/Santo_Domingo] PHP   3. session_start() C:\wamp64\www\PLATAFORMA_INTEGRADA\backend\Autenticacion.php:14
[08-May-2026 10:21:21 America/Santo_Domingo] PHP Notice:  session_start(): Ignoring session_start() because a session is already active (started from C:\wamp64\www\PLATAFORMA_INTEGRADA\backend\api\actividad.php on line 19) in C:\wamp64\www\PLATAFORMA_INTEGRADA\backend\Autenticacion.php on line 14
[08-May-2026 10:21:21 America/Santo_Domingo] PHP Stack trace:
[08-May-2026 10:21:21 America/Santo_Domingo] PHP   1. {main}() C:\wamp64\www\PLATAFORMA_INTEGRADA\backend\api\actividad.php:0
[08-May-2026 10:21:21 America/Santo_Domingo] PHP   2. Autenticacion->__construct() C:\wamp64\www\PLATAFORMA_INTEGRADA\backend\api\actividad.php:21
[08-May-2026 10:21:21 America/Santo_Domingo] PHP   3. session_start() C:\wamp64\www\PLATAFORMA_INTEGRADA\backend\Autenticacion.php:14
[08-May-2026 10:21:21 America/Santo_Domingo] PHP Notice:  session_start(): Ignoring session_start() because a session is already active (started from C:\wamp64\www\PLATAFORMA_INTEGRADA\backend\api\actividad.php on line 19) in C:\wamp64\www\PLATAFORMA_INTEGRADA\backend\Autenticacion.php on line 14
[08-May-2026 10:21:21 America/Santo_Domingo] PHP Stack trace:
[08-May-2026 10:21:21 America/Santo_Domingo] PHP   1. {main}() C:\wamp64\www\PLATAFORMA_INTEGRADA\backend\api\actividad.php:0
[08-May-2026 10:21:21 America/Santo_Domingo] PHP   2. Autenticacion->__construct() C:\wamp64\www\PLATAFORMA_INTEGRADA\backend\api\actividad.php:21
[08-May-2026 10:21:21 America/Santo_Domingo] PHP   3. session_start() C:\wamp64\www\PLATAFORMA_INTEGRADA\backend\Autenticacion.php:14
[08-May-2026 10:21:23 America/Santo_Domingo] PHP Notice:  session_start(): Ignoring session_start() because a session is already active (started from C:\wamp64\www\PLATAFORMA_INTEGRADA\backend\api\actividad.php on line 19) in C:\wamp64\www\PLATAFORMA_INTEGRADA\backend\Autenticacion.php on line 14
[08-May-2026 10:21:23 America/Santo_Domingo] PHP Stack trace:
[08-May-2026 10:21:23 America/Santo_Domingo] PHP   1. {main}() C:\wamp64\www\PLATAFORMA_INTEGRADA\backend\api\actividad.php:0
[08-May-2026 10:21:23 America/Santo_Domingo] PHP   2. Autenticacion->__construct() C:\wamp64\www\PLATAFORMA_INTEGRADA\backend\api\actividad.php:21
[08-May-2026 10:21:23 America/Santo_Domingo] PHP   3. session_start() C:\wamp64\www\PLATAFORMA_INTEGRADA\backend\Autenticacion.php:14
[08-May-2026 10:21:28 America/Santo_Domingo] PHP Notice:  session_start(): Ignoring session_start() because a session is already active (started from C:\wamp64\www\PLATAFORMA_INTEGRADA\backend\api\actividad.php on line 19) in C:\wamp64\www\PLATAFORMA_INTEGRADA\backend\Autenticacion.php on line 14
[08-May-2026 10:21:28 America/Santo_Domingo] PHP Stack trace:
[08-May-2026 10:21:28 America/Santo_Domingo] PHP   1. {main}() C:\wamp64\www\PLATAFORMA_INTEGRADA\backend\api\actividad.php:0
[08-May-2026 10:21:28 America/Santo_Domingo] PHP   2. Autenticacion->__construct() C:\wamp64\www\PLATAFORMA_INTEGRADA\backend\api\actividad.php:21
[08-May-2026 10:21:28 America/Santo_Domingo] PHP   3. session_start() C:\wamp64\www\PLATAFORMA_INTEGRADA\backend\Autenticacion.php:14
[08-May-2026 10:21:28 America/Santo_Domingo] PHP Notice:  session_start(): Ignoring session_start() because a session is already active (started from C:\wamp64\www\PLATAFORMA_INTEGRADA\backend\api\actividad.php on line 19) in C:\wamp64\www\PLATAFORMA_INTEGRADA\backend\Autenticacion.php on line 14
[08-May-2026 10:21:28 America/Santo_Domingo] PHP Stack trace:
[08-May-2026 10:21:28 America/Santo_Domingo] PHP   1. {main}() C:\wamp64\www\PLATAFORMA_INTEGRADA\backend\api\actividad.php:0
[08-May-2026 10:21:28 America/Santo_Domingo] PHP   2. Autenticacion->__construct() C:\wamp64\www\PLATAFORMA_INTEGRADA\backend\api\actividad.php:21
[08-May-2026 10:21:28 America/Santo_Domingo] PHP   3. session_start() C:\wamp64\www\PLATAFORMA_INTEGRADA\backend\Autenticacion.php:14
[08-May-2026 10:21:29 America/Santo_Domingo] PHP Notice:  session_start(): Ignoring session_start() because a session is already active (started from C:\wamp64\www\PLATAFORMA_INTEGRADA\backend\api\actividad.php on line 19) in C:\wamp64\www\PLATAFORMA_INTEGRADA\backend\Autenticacion.php on line 14
[08-May-2026 10:21:29 America/Santo_Domingo] PHP Stack trace:
[08-May-2026 10:21:29 America/Santo_Domingo] PHP   1. {main}() C:\wamp64\www\PLATAFORMA_INTEGRADA\backend\api\actividad.php:0
[08-May-2026 10:21:29 America/Santo_Domingo] PHP   2. Autenticacion->__construct() C:\wamp64\www\PLATAFORMA_INTEGRADA\backend\api\actividad.php:21
[08-May-2026 10:21:29 America/Santo_Domingo] PHP   3. session_start() C:\wamp64\www\PLATAFORMA_INTEGRADA\backend\Autenticacion.php:14
[08-May-2026 10:21:30 America/Santo_Domingo] PHP Notice:  session_start(): Ignoring session_start() because a session is already active (started from C:\wamp64\www\PLATAFORMA_INTEGRADA\backend\api\actividad.php on line 19) in C:\wamp64\www\PLATAFORMA_INTEGRADA\backend\Autenticacion.php on line 14
[08-May-2026 10:21:30 America/Santo_Domingo] PHP Stack trace:
[08-May-2026 10:21:30 America/Santo_Domingo] PHP   1. {main}() C:\wamp64\www\PLATAFORMA_INTEGRADA\backend\api\actividad.php:0
[08-May-2026 10:21:30 America/Santo_Domingo] PHP   2. Autenticacion->__construct() C:\wamp64\www\PLATAFORMA_INTEGRADA\backend\api\actividad.php:21
[08-May-2026 10:21:30 America/Santo_Domingo] PHP   3. session_start() C:\wamp64\www\PLATAFORMA_INTEGRADA\backend\Autenticacion.php:14
[08-May-2026 10:21:34 America/Santo_Domingo] PHP Notice:  session_start(): Ignoring session_start() because a session is already active (started from C:\wamp64\www\PLATAFORMA_INTEGRADA\backend\api\actividad.php on line 19) in C:\wamp64\www\PLATAFORMA_INTEGRADA\backend\Autenticacion.php on line 14
[08-May-2026 10:21:34 America/Santo_Domingo] PHP Stack trace:
[08-May-2026 10:21:34 America/Santo_Domingo] PHP   1. {main}() C:\wamp64\www\PLATAFORMA_INTEGRADA\backend\api\actividad.php:0
[08-May-2026 10:21:34 America/Santo_Domingo] PHP   2. Autenticacion->__construct() C:\wamp64\www\PLATAFORMA_INTEGRADA\backend\api\actividad.php:21
[08-May-2026 10:21:34 America/Santo_Domingo] PHP   3. session_start() C:\wamp64\www\PLATAFORMA_INTEGRADA\backend\Autenticacion.php:14
[08-May-2026 10:22:23 America/Santo_Domingo] PHP Notice:  session_start(): Ignoring session_start() because a session is already active (started from C:\wamp64\www\PLATAFORMA_INTEGRADA\backend\api\actividad.php on line 19) in C:\wamp64\www\PLATAFORMA_INTEGRADA\backend\Autenticacion.php on line 14
[08-May-2026 10:22:23 America/Santo_Domingo] PHP Stack trace:
[08-May-2026 10:22:23 America/Santo_Domingo] PHP   1. {main}() C:\wamp64\www\PLATAFORMA_INTEGRADA\backend\api\actividad.php:0
[08-May-2026 10:22:23 America/Santo_Domingo] PHP   2. Autenticacion->__construct() C:\wamp64\www\PLATAFORMA_INTEGRADA\backend\api\actividad.php:21
[08-May-2026 10:22:23 America/Santo_Domingo] PHP   3. session_start() C:\wamp64\www\PLATAFORMA_INTEGRADA\backend\Autenticacion.php:14
[08-May-2026 10:22:32 America/Santo_Domingo] PHP Notice:  session_start(): Ignoring session_start() because a session is already active (started from C:\wamp64\www\PLATAFORMA_INTEGRADA\backend\api\actividad.php on line 19) in C:\wamp64\www\PLATAFORMA_INTEGRADA\backend\Autenticacion.php on line 14
[08-May-2026 10:22:32 America/Santo_Domingo] PHP Stack trace:
[08-May-2026 10:22:32 America/Santo_Domingo] PHP   1. {main}() C:\wamp64\www\PLATAFORMA_INTEGRADA\backend\api\actividad.php:0
[08-May-2026 10:22:32 America/Santo_Domingo] PHP   2. Autenticacion->__construct() C:\wamp64\www\PLATAFORMA_INTEGRADA\backend\api\actividad.php:21
[08-May-2026 10:22:32 America/Santo_Domingo] PHP   3. session_start() C:\wamp64\www\PLATAFORMA_INTEGRADA\backend\Autenticacion.php:14
[08-May-2026 10:22:35 America/Santo_Domingo] PHP Notice:  session_start(): Ignoring session_start() because a session is already active (started from C:\wamp64\www\PLATAFORMA_INTEGRADA\backend\api\actividad.php on line 19) in C:\wamp64\www\PLATAFORMA_INTEGRADA\backend\Autenticacion.php on line 14
[08-May-2026 10:22:35 America/Santo_Domingo] PHP Stack trace:
[08-May-2026 10:22:35 America/Santo_Domingo] PHP   1. {main}() C:\wamp64\www\PLATAFORMA_INTEGRADA\backend\api\actividad.php:0
[08-May-2026 10:22:35 America/Santo_Domingo] PHP   2. Autenticacion->__construct() C:\wamp64\www\PLATAFORMA_INTEGRADA\backend\api\actividad.php:21
[08-May-2026 10:22:35 America/Santo_Domingo] PHP   3. session_start() C:\wamp64\www\PLATAFORMA_INTEGRADA\backend\Autenticacion.php:14
[08-May-2026 10:22:38 America/Santo_Domingo] PHP Notice:  session_start(): Ignoring session_start() because a session is already active (started from C:\wamp64\www\PLATAFORMA_INTEGRADA\backend\api\actividad.php on line 19) in C:\wamp64\www\PLATAFORMA_INTEGRADA\backend\Autenticacion.php on line 14
[08-May-2026 10:22:38 America/Santo_Domingo] PHP Stack trace:
[08-May-2026 10:22:38 America/Santo_Domingo] PHP   1. {main}() C:\wamp64\www\PLATAFORMA_INTEGRADA\backend\api\actividad.php:0
[08-May-2026 10:22:38 America/Santo_Domingo] PHP   2. Autenticacion->__construct() C:\wamp64\www\PLATAFORMA_INTEGRADA\backend\api\actividad.php:21
[08-May-2026 10:22:38 America/Santo_Domingo] PHP   3. session_start() C:\wamp64\www\PLATAFORMA_INTEGRADA\backend\Autenticacion.php:14
[08-May-2026 10:22:55 America/Santo_Domingo] PHP Notice:  session_start(): Ignoring session_start() because a session is already active (started from C:\wamp64\www\PLATAFORMA_INTEGRADA\backend\api\actividad.php on line 19) in C:\wamp64\www\PLATAFORMA_INTEGRADA\backend\Autenticacion.php on line 14
[08-May-2026 10:22:55 America/Santo_Domingo] PHP Stack trace:
[08-May-2026 10:22:55 America/Santo_Domingo] PHP   1. {main}() C:\wamp64\www\PLATAFORMA_INTEGRADA\backend\api\actividad.php:0
[08-May-2026 10:22:55 America/Santo_Domingo] PHP   2. Autenticacion->__construct() C:\wamp64\www\PLATAFORMA_INTEGRADA\backend\api\actividad.php:21
[08-May-2026 10:22:55 America/Santo_Domingo] PHP   3. session_start() C:\wamp64\www\PLATAFORMA_INTEGRADA\backend\Autenticacion.php:14
[08-May-2026 10:24:23 America/Santo_Domingo] PHP Notice:  session_start(): Ignoring session_start() because a session is already active (started from C:\wamp64\www\PLATAFORMA_INTEGRADA\backend\api\actividad.php on line 19) in C:\wamp64\www\PLATAFORMA_INTEGRADA\backend\Autenticacion.php on line 14
[08-May-2026 10:24:23 America/Santo_Domingo] PHP Stack trace:
[08-May-2026 10:24:23 America/Santo_Domingo] PHP   1. {main}() C:\wamp64\www\PLATAFORMA_INTEGRADA\backend\api\actividad.php:0
[08-May-2026 10:24:23 America/Santo_Domingo] PHP   2. Autenticacion->__construct() C:\wamp64\www\PLATAFORMA_INTEGRADA\backend\api\actividad.php:21
[08-May-2026 10:24:23 America/Santo_Domingo] PHP   3. session_start() C:\wamp64\www\PLATAFORMA_INTEGRADA\backend\Autenticacion.php:14
[08-May-2026 10:24:28 America/Santo_Domingo] PHP Notice:  session_start(): Ignoring session_start() because a session is already active (started from C:\wamp64\www\PLATAFORMA_INTEGRADA\backend\api\actividad.php on line 19) in C:\wamp64\www\PLATAFORMA_INTEGRADA\backend\Autenticacion.php on line 14
[08-May-2026 10:24:28 America/Santo_Domingo] PHP Stack trace:
[08-May-2026 10:24:28 America/Santo_Domingo] PHP   1. {main}() C:\wamp64\www\PLATAFORMA_INTEGRADA\backend\api\actividad.php:0
[08-May-2026 10:24:28 America/Santo_Domingo] PHP   2. Autenticacion->__construct() C:\wamp64\www\PLATAFORMA_INTEGRADA\backend\api\actividad.php:21
[08-May-2026 10:24:28 America/Santo_Domingo] PHP   3. session_start() C:\wamp64\www\PLATAFORMA_INTEGRADA\backend\Autenticacion.php:14
[08-May-2026 10:24:28 America/Santo_Domingo] PHP Notice:  session_start(): Ignoring session_start() because a session is already active (started from C:\wamp64\www\PLATAFORMA_INTEGRADA\backend\api\actividad.php on line 19) in C:\wamp64\www\PLATAFORMA_INTEGRADA\backend\Autenticacion.php on line 14
[08-May-2026 10:24:28 America/Santo_Domingo] PHP Stack trace:
[08-May-2026 10:24:28 America/Santo_Domingo] PHP   1. {main}() C:\wamp64\www\PLATAFORMA_INTEGRADA\backend\api\actividad.php:0
[08-May-2026 10:24:28 America/Santo_Domingo] PHP   2. Autenticacion->__construct() C:\wamp64\www\PLATAFORMA_INTEGRADA\backend\api\actividad.php:21
[08-May-2026 10:24:28 America/Santo_Domingo] PHP   3. session_start() C:\wamp64\www\PLATAFORMA_INTEGRADA\backend\Autenticacion.php:14
[08-May-2026 10:34:52 America/Santo_Domingo] PHP Notice:  session_start(): Ignoring session_start() because a session is already active (started from C:\wamp64\www\PLATAFORMA_INTEGRADA\backend\api\actividad.php on line 19) in C:\wamp64\www\PLATAFORMA_INTEGRADA\backend\Autenticacion.php on line 14
[08-May-2026 10:34:52 America/Santo_Domingo] PHP Stack trace:
[08-May-2026 10:34:52 America/Santo_Domingo] PHP   1. {main}() C:\wamp64\www\PLATAFORMA_INTEGRADA\backend\api\actividad.php:0
[08-May-2026 10:34:52 America/Santo_Domingo] PHP   2. Autenticacion->__construct() C:\wamp64\www\PLATAFORMA_INTEGRADA\backend\api\actividad.php:21
[08-May-2026 10:34:52 America/Santo_Domingo] PHP   3. session_start() C:\wamp64\www\PLATAFORMA_INTEGRADA\backend\Autenticacion.php:14
[08-May-2026 10:34:54 America/Santo_Domingo] PHP Notice:  session_start(): Ignoring session_start() because a session is already active (started from C:\wamp64\www\PLATAFORMA_INTEGRADA\backend\api\actividad.php on line 19) in C:\wamp64\www\PLATAFORMA_INTEGRADA\backend\Autenticacion.php on line 14
[08-May-2026 10:34:54 America/Santo_Domingo] PHP Stack trace:
[08-May-2026 10:34:54 America/Santo_Domingo] PHP   1. {main}() C:\wamp64\www\PLATAFORMA_INTEGRADA\backend\api\actividad.php:0
[08-May-2026 10:34:54 America/Santo_Domingo] PHP   2. Autenticacion->__construct() C:\wamp64\www\PLATAFORMA_INTEGRADA\backend\api\actividad.php:21
[08-May-2026 10:34:54 America/Santo_Domingo] PHP   3. session_start() C:\wamp64\www\PLATAFORMA_INTEGRADA\backend\Autenticacion.php:14
[08-May-2026 10:35:07 America/Santo_Domingo] PHP Notice:  session_start(): Ignoring session_start() because a session is already active (started from C:\wamp64\www\PLATAFORMA_INTEGRADA\backend\api\actividad.php on line 19) in C:\wamp64\www\PLATAFORMA_INTEGRADA\backend\Autenticacion.php on line 14
[08-May-2026 10:35:07 America/Santo_Domingo] PHP Stack trace:
[08-May-2026 10:35:07 America/Santo_Domingo] PHP   1. {main}() C:\wamp64\www\PLATAFORMA_INTEGRADA\backend\api\actividad.php:0
[08-May-2026 10:35:07 America/Santo_Domingo] PHP   2. Autenticacion->__construct() C:\wamp64\www\PLATAFORMA_INTEGRADA\backend\api\actividad.php:21
[08-May-2026 10:35:07 America/Santo_Domingo] PHP   3. session_start() C:\wamp64\www\PLATAFORMA_INTEGRADA\backend\Autenticacion.php:14
[08-May-2026 10:35:11 America/Santo_Domingo] PHP Notice:  session_start(): Ignoring session_start() because a session is already active (started from C:\wamp64\www\PLATAFORMA_INTEGRADA\backend\api\actividad.php on line 19) in C:\wamp64\www\PLATAFORMA_INTEGRADA\backend\Autenticacion.php on line 14
[08-May-2026 10:35:11 America/Santo_Domingo] PHP Stack trace:
[08-May-2026 10:35:11 America/Santo_Domingo] PHP   1. {main}() C:\wamp64\www\PLATAFORMA_INTEGRADA\backend\api\actividad.php:0
[08-May-2026 10:35:11 America/Santo_Domingo] PHP   2. Autenticacion->__construct() C:\wamp64\www\PLATAFORMA_INTEGRADA\backend\api\actividad.php:21
[08-May-2026 10:35:11 America/Santo_Domingo] PHP   3. session_start() C:\wamp64\www\PLATAFORMA_INTEGRADA\backend\Autenticacion.php:14
[08-May-2026 10:35:14 America/Santo_Domingo] PHP Notice:  session_start(): Ignoring session_start() because a session is already active (started from C:\wamp64\www\PLATAFORMA_INTEGRADA\backend\api\actividad.php on line 19) in C:\wamp64\www\PLATAFORMA_INTEGRADA\backend\Autenticacion.php on line 14
[08-May-2026 10:35:14 America/Santo_Domingo] PHP Stack trace:
[08-May-2026 10:35:14 America/Santo_Domingo] PHP   1. {main}() C:\wamp64\www\PLATAFORMA_INTEGRADA\backend\api\actividad.php:0
[08-May-2026 10:35:14 America/Santo_Domingo] PHP   2. Autenticacion->__construct() C:\wamp64\www\PLATAFORMA_INTEGRADA\backend\api\actividad.php:21
[08-May-2026 10:35:14 America/Santo_Domingo] PHP   3. session_start() C:\wamp64\www\PLATAFORMA_INTEGRADA\backend\Autenticacion.php:14
[08-May-2026 10:35:43 America/Santo_Domingo] PHP Notice:  session_start(): Ignoring session_start() because a session is already active (started from C:\wamp64\www\PLATAFORMA_INTEGRADA\backend\api\actividad.php on line 19) in C:\wamp64\www\PLATAFORMA_INTEGRADA\backend\Autenticacion.php on line 14
[08-May-2026 10:35:43 America/Santo_Domingo] PHP Stack trace:
[08-May-2026 10:35:43 America/Santo_Domingo] PHP   1. {main}() C:\wamp64\www\PLATAFORMA_INTEGRADA\backend\api\actividad.php:0
[08-May-2026 10:35:43 America/Santo_Domingo] PHP   2. Autenticacion->__construct() C:\wamp64\www\PLATAFORMA_INTEGRADA\backend\api\actividad.php:21
[08-May-2026 10:35:43 America/Santo_Domingo] PHP   3. session_start() C:\wamp64\www\PLATAFORMA_INTEGRADA\backend\Autenticacion.php:14
[08-May-2026 10:35:50 America/Santo_Domingo] PHP Notice:  session_start(): Ignoring session_start() because a session is already active (started from C:\wamp64\www\PLATAFORMA_INTEGRADA\backend\api\actividad.php on line 19) in C:\wamp64\www\PLATAFORMA_INTEGRADA\backend\Autenticacion.php on line 14
[08-May-2026 10:35:50 America/Santo_Domingo] PHP Stack trace:
[08-May-2026 10:35:50 America/Santo_Domingo] PHP   1. {main}() C:\wamp64\www\PLATAFORMA_INTEGRADA\backend\api\actividad.php:0
[08-May-2026 10:35:50 America/Santo_Domingo] PHP   2. Autenticacion->__construct() C:\wamp64\www\PLATAFORMA_INTEGRADA\backend\api\actividad.php:21
[08-May-2026 10:35:50 America/Santo_Domingo] PHP   3. session_start() C:\wamp64\www\PLATAFORMA_INTEGRADA\backend\Autenticacion.php:14
[08-May-2026 10:35:54 America/Santo_Domingo] PHP Notice:  session_start(): Ignoring session_start() because a session is already active (started from C:\wamp64\www\PLATAFORMA_INTEGRADA\backend\api\actividad.php on line 19) in C:\wamp64\www\PLATAFORMA_INTEGRADA\backend\Autenticacion.php on line 14
[08-May-2026 10:35:54 America/Santo_Domingo] PHP Stack trace:
[08-May-2026 10:35:54 America/Santo_Domingo] PHP   1. {main}() C:\wamp64\www\PLATAFORMA_INTEGRADA\backend\api\actividad.php:0
[08-May-2026 10:35:54 America/Santo_Domingo] PHP   2. Autenticacion->__construct() C:\wamp64\www\PLATAFORMA_INTEGRADA\backend\api\actividad.php:21
[08-May-2026 10:35:54 America/Santo_Domingo] PHP   3. session_start() C:\wamp64\www\PLATAFORMA_INTEGRADA\backend\Autenticacion.php:14
[08-May-2026 10:35:57 America/Santo_Domingo] PHP Notice:  session_start(): Ignoring session_start() because a session is already active (started from C:\wamp64\www\PLATAFORMA_INTEGRADA\backend\api\actividad.php on line 19) in C:\wamp64\www\PLATAFORMA_INTEGRADA\backend\Autenticacion.php on line 14
[08-May-2026 10:35:57 America/Santo_Domingo] PHP Stack trace:
[08-May-2026 10:35:57 America/Santo_Domingo] PHP   1. {main}() C:\wamp64\www\PLATAFORMA_INTEGRADA\backend\api\actividad.php:0
[08-May-2026 10:35:57 America/Santo_Domingo] PHP   2. Autenticacion->__construct() C:\wamp64\www\PLATAFORMA_INTEGRADA\backend\api\actividad.php:21
[08-May-2026 10:35:57 America/Santo_Domingo] PHP   3. session_start() C:\wamp64\www\PLATAFORMA_INTEGRADA\backend\Autenticacion.php:14
[08-May-2026 10:35:58 America/Santo_Domingo] PHP Notice:  session_start(): Ignoring session_start() because a session is already active (started from C:\wamp64\www\PLATAFORMA_INTEGRADA\backend\api\actividad.php on line 19) in C:\wamp64\www\PLATAFORMA_INTEGRADA\backend\Autenticacion.php on line 14
[08-May-2026 10:35:58 America/Santo_Domingo] PHP Stack trace:
[08-May-2026 10:35:58 America/Santo_Domingo] PHP   1. {main}() C:\wamp64\www\PLATAFORMA_INTEGRADA\backend\api\actividad.php:0
[08-May-2026 10:35:58 America/Santo_Domingo] PHP   2. Autenticacion->__construct() C:\wamp64\www\PLATAFORMA_INTEGRADA\backend\api\actividad.php:21
[08-May-2026 10:35:58 America/Santo_Domingo] PHP   3. session_start() C:\wamp64\www\PLATAFORMA_INTEGRADA\backend\Autenticacion.php:14
[08-May-2026 10:35:58 America/Santo_Domingo] PHP Notice:  session_start(): Ignoring session_start() because a session is already active (started from C:\wamp64\www\PLATAFORMA_INTEGRADA\backend\api\actividad.php on line 19) in C:\wamp64\www\PLATAFORMA_INTEGRADA\backend\Autenticacion.php on line 14
[08-May-2026 10:35:58 America/Santo_Domingo] PHP Stack trace:
[08-May-2026 10:35:58 America/Santo_Domingo] PHP   1. {main}() C:\wamp64\www\PLATAFORMA_INTEGRADA\backend\api\actividad.php:0
[08-May-2026 10:35:58 America/Santo_Domingo] PHP   2. Autenticacion->__construct() C:\wamp64\www\PLATAFORMA_INTEGRADA\backend\api\actividad.php:21
[08-May-2026 10:35:58 America/Santo_Domingo] PHP   3. session_start() C:\wamp64\www\PLATAFORMA_INTEGRADA\backend\Autenticacion.php:14
[08-May-2026 10:35:59 America/Santo_Domingo] PHP Notice:  session_start(): Ignoring session_start() because a session is already active (started from C:\wamp64\www\PLATAFORMA_INTEGRADA\backend\api\actividad.php on line 19) in C:\wamp64\www\PLATAFORMA_INTEGRADA\backend\Autenticacion.php on line 14
[08-May-2026 10:35:59 America/Santo_Domingo] PHP Stack trace:
[08-May-2026 10:35:59 America/Santo_Domingo] PHP   1. {main}() C:\wamp64\www\PLATAFORMA_INTEGRADA\backend\api\actividad.php:0
[08-May-2026 10:35:59 America/Santo_Domingo] PHP   2. Autenticacion->__construct() C:\wamp64\www\PLATAFORMA_INTEGRADA\backend\api\actividad.php:21
[08-May-2026 10:35:59 America/Santo_Domingo] PHP   3. session_start() C:\wamp64\www\PLATAFORMA_INTEGRADA\backend\Autenticacion.php:14
[08-May-2026 10:35:59 America/Santo_Domingo] PHP Notice:  session_start(): Ignoring session_start() because a session is already active (started from C:\wamp64\www\PLATAFORMA_INTEGRADA\backend\api\actividad.php on line 19) in C:\wamp64\www\PLATAFORMA_INTEGRADA\backend\Autenticacion.php on line 14
[08-May-2026 10:35:59 America/Santo_Domingo] PHP Stack trace:
[08-May-2026 10:35:59 America/Santo_Domingo] PHP   1. {main}() C:\wamp64\www\PLATAFORMA_INTEGRADA\backend\api\actividad.php:0
[08-May-2026 10:35:59 America/Santo_Domingo] PHP   2. Autenticacion->__construct() C:\wamp64\www\PLATAFORMA_INTEGRADA\backend\api\actividad.php:21
[08-May-2026 10:35:59 America/Santo_Domingo] PHP   3. session_start() C:\wamp64\www\PLATAFORMA_INTEGRADA\backend\Autenticacion.php:14
[08-May-2026 10:36:02 America/Santo_Domingo] PHP Notice:  session_start(): Ignoring session_start() because a session is already active (started from C:\wamp64\www\PLATAFORMA_INTEGRADA\backend\api\actividad.php on line 19) in C:\wamp64\www\PLATAFORMA_INTEGRADA\backend\Autenticacion.php on line 14
[08-May-2026 10:36:02 America/Santo_Domingo] PHP Stack trace:
[08-May-2026 10:36:02 America/Santo_Domingo] PHP   1. {main}() C:\wamp64\www\PLATAFORMA_INTEGRADA\backend\api\actividad.php:0
[08-May-2026 10:36:02 America/Santo_Domingo] PHP   2. Autenticacion->__construct() C:\wamp64\www\PLATAFORMA_INTEGRADA\backend\api\actividad.php:21
[08-May-2026 10:36:02 America/Santo_Domingo] PHP   3. session_start() C:\wamp64\www\PLATAFORMA_INTEGRADA\backend\Autenticacion.php:14
[08-May-2026 10:36:05 America/Santo_Domingo] PHP Notice:  session_start(): Ignoring session_start() because a session is already active (started from C:\wamp64\www\PLATAFORMA_INTEGRADA\backend\api\actividad.php on line 19) in C:\wamp64\www\PLATAFORMA_INTEGRADA\backend\Autenticacion.php on line 14
[08-May-2026 10:36:05 America/Santo_Domingo] PHP Stack trace:
[08-May-2026 10:36:05 America/Santo_Domingo] PHP   1. {main}() C:\wamp64\www\PLATAFORMA_INTEGRADA\backend\api\actividad.php:0
[08-May-2026 10:36:05 America/Santo_Domingo] PHP   2. Autenticacion->__construct() C:\wamp64\www\PLATAFORMA_INTEGRADA\backend\api\actividad.php:21
[08-May-2026 10:36:05 America/Santo_Domingo] PHP   3. session_start() C:\wamp64\www\PLATAFORMA_INTEGRADA\backend\Autenticacion.php:14
[08-May-2026 10:37:46 America/Santo_Domingo] PHP Notice:  session_start(): Ignoring session_start() because a session is already active (started from C:\wamp64\www\PLATAFORMA_INTEGRADA\backend\api\actividad.php on line 19) in C:\wamp64\www\PLATAFORMA_INTEGRADA\backend\Autenticacion.php on line 14
[08-May-2026 10:37:46 America/Santo_Domingo] PHP Stack trace:
[08-May-2026 10:37:46 America/Santo_Domingo] PHP   1. {main}() C:\wamp64\www\PLATAFORMA_INTEGRADA\backend\api\actividad.php:0
[08-May-2026 10:37:46 America/Santo_Domingo] PHP   2. Autenticacion->__construct() C:\wamp64\www\PLATAFORMA_INTEGRADA\backend\api\actividad.php:21
[08-May-2026 10:37:46 America/Santo_Domingo] PHP   3. session_start() C:\wamp64\www\PLATAFORMA_INTEGRADA\backend\Autenticacion.php:14
[08-May-2026 10:37:46 America/Santo_Domingo] PHP Notice:  session_start(): Ignoring session_start() because a session is already active (started from C:\wamp64\www\PLATAFORMA_INTEGRADA\backend\api\actividad.php on line 19) in C:\wamp64\www\PLATAFORMA_INTEGRADA\backend\Autenticacion.php on line 14
[08-May-2026 10:37:46 America/Santo_Domingo] PHP Stack trace:
[08-May-2026 10:37:46 America/Santo_Domingo] PHP   1. {main}() C:\wamp64\www\PLATAFORMA_INTEGRADA\backend\api\actividad.php:0
[08-May-2026 10:37:46 America/Santo_Domingo] PHP   2. Autenticacion->__construct() C:\wamp64\www\PLATAFORMA_INTEGRADA\backend\api\actividad.php:21
[08-May-2026 10:37:46 America/Santo_Domingo] PHP   3. session_start() C:\wamp64\www\PLATAFORMA_INTEGRADA\backend\Autenticacion.php:14
[08-May-2026 10:37:52 America/Santo_Domingo] PHP Notice:  session_start(): Ignoring session_start() because a session is already active (started from C:\wamp64\www\PLATAFORMA_INTEGRADA\backend\api\actividad.php on line 19) in C:\wamp64\www\PLATAFORMA_INTEGRADA\backend\Autenticacion.php on line 14
[08-May-2026 10:37:52 America/Santo_Domingo] PHP Stack trace:
[08-May-2026 10:37:52 America/Santo_Domingo] PHP   1. {main}() C:\wamp64\www\PLATAFORMA_INTEGRADA\backend\api\actividad.php:0
[08-May-2026 10:37:52 America/Santo_Domingo] PHP   2. Autenticacion->__construct() C:\wamp64\www\PLATAFORMA_INTEGRADA\backend\api\actividad.php:21
[08-May-2026 10:37:52 America/Santo_Domingo] PHP   3. session_start() C:\wamp64\www\PLATAFORMA_INTEGRADA\backend\Autenticacion.php:14
[08-May-2026 10:38:18 America/Santo_Domingo] PHP Notice:  session_start(): Ignoring session_start() because a session is already active (started from C:\wamp64\www\PLATAFORMA_INTEGRADA\backend\api\actividad.php on line 19) in C:\wamp64\www\PLATAFORMA_INTEGRADA\backend\Autenticacion.php on line 14
[08-May-2026 10:38:18 America/Santo_Domingo] PHP Stack trace:
[08-May-2026 10:38:18 America/Santo_Domingo] PHP   1. {main}() C:\wamp64\www\PLATAFORMA_INTEGRADA\backend\api\actividad.php:0
[08-May-2026 10:38:18 America/Santo_Domingo] PHP   2. Autenticacion->__construct() C:\wamp64\www\PLATAFORMA_INTEGRADA\backend\api\actividad.php:21
[08-May-2026 10:38:18 America/Santo_Domingo] PHP   3. session_start() C:\wamp64\www\PLATAFORMA_INTEGRADA\backend\Autenticacion.php:14
[08-May-2026 10:38:20 America/Santo_Domingo] PHP Notice:  session_start(): Ignoring session_start() because a session is already active (started from C:\wamp64\www\PLATAFORMA_INTEGRADA\backend\api\actividad.php on line 19) in C:\wamp64\www\PLATAFORMA_INTEGRADA\backend\Autenticacion.php on line 14
[08-May-2026 10:38:20 America/Santo_Domingo] PHP Stack trace:
[08-May-2026 10:38:20 America/Santo_Domingo] PHP   1. {main}() C:\wamp64\www\PLATAFORMA_INTEGRADA\backend\api\actividad.php:0
[08-May-2026 10:38:20 America/Santo_Domingo] PHP   2. Autenticacion->__construct() C:\wamp64\www\PLATAFORMA_INTEGRADA\backend\api\actividad.php:21
[08-May-2026 10:38:20 America/Santo_Domingo] PHP   3. session_start() C:\wamp64\www\PLATAFORMA_INTEGRADA\backend\Autenticacion.php:14
[08-May-2026 10:38:23 America/Santo_Domingo] PHP Notice:  session_start(): Ignoring session_start() because a session is already active (started from C:\wamp64\www\PLATAFORMA_INTEGRADA\backend\api\actividad.php on line 19) in C:\wamp64\www\PLATAFORMA_INTEGRADA\backend\Autenticacion.php on line 14
[08-May-2026 10:38:23 America/Santo_Domingo] PHP Stack trace:
[08-May-2026 10:38:23 America/Santo_Domingo] PHP   1. {main}() C:\wamp64\www\PLATAFORMA_INTEGRADA\backend\api\actividad.php:0
[08-May-2026 10:38:23 America/Santo_Domingo] PHP   2. Autenticacion->__construct() C:\wamp64\www\PLATAFORMA_INTEGRADA\backend\api\actividad.php:21
[08-May-2026 10:38:23 America/Santo_Domingo] PHP   3. session_start() C:\wamp64\www\PLATAFORMA_INTEGRADA\backend\Autenticacion.php:14
[08-May-2026 10:38:27 America/Santo_Domingo] PHP Notice:  session_start(): Ignoring session_start() because a session is already active (started from C:\wamp64\www\PLATAFORMA_INTEGRADA\backend\api\actividad.php on line 19) in C:\wamp64\www\PLATAFORMA_INTEGRADA\backend\Autenticacion.php on line 14
[08-May-2026 10:38:27 America/Santo_Domingo] PHP Stack trace:
[08-May-2026 10:38:27 America/Santo_Domingo] PHP   1. {main}() C:\wamp64\www\PLATAFORMA_INTEGRADA\backend\api\actividad.php:0
[08-May-2026 10:38:27 America/Santo_Domingo] PHP   2. Autenticacion->__construct() C:\wamp64\www\PLATAFORMA_INTEGRADA\backend\api\actividad.php:21
[08-May-2026 10:38:27 America/Santo_Domingo] PHP   3. session_start() C:\wamp64\www\PLATAFORMA_INTEGRADA\backend\Autenticacion.php:14
[08-May-2026 10:38:32 America/Santo_Domingo] PHP Notice:  session_start(): Ignoring session_start() because a session is already active (started from C:\wamp64\www\PLATAFORMA_INTEGRADA\backend\api\actividad.php on line 19) in C:\wamp64\www\PLATAFORMA_INTEGRADA\backend\Autenticacion.php on line 14
[08-May-2026 10:38:32 America/Santo_Domingo] PHP Stack trace:
[08-May-2026 10:38:32 America/Santo_Domingo] PHP   1. {main}() C:\wamp64\www\PLATAFORMA_INTEGRADA\backend\api\actividad.php:0
[08-May-2026 10:38:32 America/Santo_Domingo] PHP   2. Autenticacion->__construct() C:\wamp64\www\PLATAFORMA_INTEGRADA\backend\api\actividad.php:21
[08-May-2026 10:38:32 America/Santo_Domingo] PHP   3. session_start() C:\wamp64\www\PLATAFORMA_INTEGRADA\backend\Autenticacion.php:14
[08-May-2026 10:40:10 America/Santo_Domingo] PHP Notice:  session_start(): Ignoring session_start() because a session is already active (started from C:\wamp64\www\PLATAFORMA_INTEGRADA\backend\api\actividad.php on line 19) in C:\wamp64\www\PLATAFORMA_INTEGRADA\backend\Autenticacion.php on line 14
[08-May-2026 10:40:10 America/Santo_Domingo] PHP Stack trace:
[08-May-2026 10:40:10 America/Santo_Domingo] PHP   1. {main}() C:\wamp64\www\PLATAFORMA_INTEGRADA\backend\api\actividad.php:0
[08-May-2026 10:40:10 America/Santo_Domingo] PHP   2. Autenticacion->__construct() C:\wamp64\www\PLATAFORMA_INTEGRADA\backend\api\actividad.php:21
[08-May-2026 10:40:10 America/Santo_Domingo] PHP   3. session_start() C:\wamp64\www\PLATAFORMA_INTEGRADA\backend\Autenticacion.php:14
[08-May-2026 10:42:53 America/Santo_Domingo] PHP Notice:  session_start(): Ignoring session_start() because a session is already active (started from C:\wamp64\www\PLATAFORMA_INTEGRADA\backend\api\actividad.php on line 19) in C:\wamp64\www\PLATAFORMA_INTEGRADA\backend\Autenticacion.php on line 14
[08-May-2026 10:42:53 America/Santo_Domingo] PHP Stack trace:
[08-May-2026 10:42:53 America/Santo_Domingo] PHP   1. {main}() C:\wamp64\www\PLATAFORMA_INTEGRADA\backend\api\actividad.php:0
[08-May-2026 10:42:53 America/Santo_Domingo] PHP   2. Autenticacion->__construct() C:\wamp64\www\PLATAFORMA_INTEGRADA\backend\api\actividad.php:21
[08-May-2026 10:42:53 America/Santo_Domingo] PHP   3. session_start() C:\wamp64\www\PLATAFORMA_INTEGRADA\backend\Autenticacion.php:14
[08-May-2026 10:50:08 America/Santo_Domingo] PHP Notice:  session_start(): Ignoring session_start() because a session is already active (started from C:\wamp64\www\PLATAFORMA_INTEGRADA\backend\api\actividad.php on line 19) in C:\wamp64\www\PLATAFORMA_INTEGRADA\backend\Autenticacion.php on line 14
[08-May-2026 10:50:08 America/Santo_Domingo] PHP Stack trace:
[08-May-2026 10:50:08 America/Santo_Domingo] PHP   1. {main}() C:\wamp64\www\PLATAFORMA_INTEGRADA\backend\api\actividad.php:0
[08-May-2026 10:50:08 America/Santo_Domingo] PHP   2. Autenticacion->__construct() C:\wamp64\www\PLATAFORMA_INTEGRADA\backend\api\actividad.php:21
[08-May-2026 10:50:08 America/Santo_Domingo] PHP   3. session_start() C:\wamp64\www\PLATAFORMA_INTEGRADA\backend\Autenticacion.php:14
[08-May-2026 10:50:13 America/Santo_Domingo] PHP Notice:  session_start(): Ignoring session_start() because a session is already active (started from C:\wamp64\www\PLATAFORMA_INTEGRADA\backend\api\actividad.php on line 19) in C:\wamp64\www\PLATAFORMA_INTEGRADA\backend\Autenticacion.php on line 14
[08-May-2026 10:50:13 America/Santo_Domingo] PHP Stack trace:
[08-May-2026 10:50:13 America/Santo_Domingo] PHP   1. {main}() C:\wamp64\www\PLATAFORMA_INTEGRADA\backend\api\actividad.php:0
[08-May-2026 10:50:13 America/Santo_Domingo] PHP   2. Autenticacion->__construct() C:\wamp64\www\PLATAFORMA_INTEGRADA\backend\api\actividad.php:21
[08-May-2026 10:50:13 America/Santo_Domingo] PHP   3. session_start() C:\wamp64\www\PLATAFORMA_INTEGRADA\backend\Autenticacion.php:14
[08-May-2026 10:50:22 America/Santo_Domingo] PHP Notice:  session_start(): Ignoring session_start() because a session is already active (started from C:\wamp64\www\PLATAFORMA_INTEGRADA\backend\api\actividad.php on line 19) in C:\wamp64\www\PLATAFORMA_INTEGRADA\backend\Autenticacion.php on line 14
[08-May-2026 10:50:22 America/Santo_Domingo] PHP Stack trace:
[08-May-2026 10:50:22 America/Santo_Domingo] PHP   1. {main}() C:\wamp64\www\PLATAFORMA_INTEGRADA\backend\api\actividad.php:0
[08-May-2026 10:50:22 America/Santo_Domingo] PHP   2. Autenticacion->__construct() C:\wamp64\www\PLATAFORMA_INTEGRADA\backend\api\actividad.php:21
[08-May-2026 10:50:22 America/Santo_Domingo] PHP   3. session_start() C:\wamp64\www\PLATAFORMA_INTEGRADA\backend\Autenticacion.php:14
[08-May-2026 10:50:23 America/Santo_Domingo] PHP Notice:  session_start(): Ignoring session_start() because a session is already active (started from C:\wamp64\www\PLATAFORMA_INTEGRADA\backend\api\actividad.php on line 19) in C:\wamp64\www\PLATAFORMA_INTEGRADA\backend\Autenticacion.php on line 14
[08-May-2026 10:50:23 America/Santo_Domingo] PHP Stack trace:
[08-May-2026 10:50:23 America/Santo_Domingo] PHP   1. {main}() C:\wamp64\www\PLATAFORMA_INTEGRADA\backend\api\actividad.php:0
[08-May-2026 10:50:23 America/Santo_Domingo] PHP   2. Autenticacion->__construct() C:\wamp64\www\PLATAFORMA_INTEGRADA\backend\api\actividad.php:21
[08-May-2026 10:50:23 America/Santo_Domingo] PHP   3. session_start() C:\wamp64\www\PLATAFORMA_INTEGRADA\backend\Autenticacion.php:14
[08-May-2026 11:37:11 America/Santo_Domingo] PHP Notice:  session_start(): Ignoring session_start() because a session is already active (started from C:\wamp64\www\PLATAFORMA_INTEGRADA\backend\api\actividad.php on line 19) in C:\wamp64\www\PLATAFORMA_INTEGRADA\backend\Autenticacion.php on line 14
[08-May-2026 11:37:11 America/Santo_Domingo] PHP Stack trace:
[08-May-2026 11:37:11 America/Santo_Domingo] PHP   1. {main}() C:\wamp64\www\PLATAFORMA_INTEGRADA\backend\api\actividad.php:0
[08-May-2026 11:37:11 America/Santo_Domingo] PHP   2. Autenticacion->__construct() C:\wamp64\www\PLATAFORMA_INTEGRADA\backend\api\actividad.php:21
[08-May-2026 11:37:11 America/Santo_Domingo] PHP   3. session_start() C:\wamp64\www\PLATAFORMA_INTEGRADA\backend\Autenticacion.php:14
[08-May-2026 11:37:11 America/Santo_Domingo] PHP Notice:  session_start(): Ignoring session_start() because a session is already active (started from C:\wamp64\www\PLATAFORMA_INTEGRADA\backend\api\actividad.php on line 19) in C:\wamp64\www\PLATAFORMA_INTEGRADA\backend\Autenticacion.php on line 14
[08-May-2026 11:37:11 America/Santo_Domingo] PHP Stack trace:
[08-May-2026 11:37:11 America/Santo_Domingo] PHP   1. {main}() C:\wamp64\www\PLATAFORMA_INTEGRADA\backend\api\actividad.php:0
[08-May-2026 11:37:11 America/Santo_Domingo] PHP   2. Autenticacion->__construct() C:\wamp64\www\PLATAFORMA_INTEGRADA\backend\api\actividad.php:21
[08-May-2026 11:37:11 America/Santo_Domingo] PHP   3. session_start() C:\wamp64\www\PLATAFORMA_INTEGRADA\backend\Autenticacion.php:14
[08-May-2026 11:37:13 America/Santo_Domingo] PHP Notice:  session_start(): Ignoring session_start() because a session is already active (started from C:\wamp64\www\PLATAFORMA_INTEGRADA\backend\api\actividad.php on line 19) in C:\wamp64\www\PLATAFORMA_INTEGRADA\backend\Autenticacion.php on line 14
[08-May-2026 11:37:13 America/Santo_Domingo] PHP Stack trace:
[08-May-2026 11:37:13 America/Santo_Domingo] PHP   1. {main}() C:\wamp64\www\PLATAFORMA_INTEGRADA\backend\api\actividad.php:0
[08-May-2026 11:37:13 America/Santo_Domingo] PHP   2. Autenticacion->__construct() C:\wamp64\www\PLATAFORMA_INTEGRADA\backend\api\actividad.php:21
[08-May-2026 11:37:13 America/Santo_Domingo] PHP   3. session_start() C:\wamp64\www\PLATAFORMA_INTEGRADA\backend\Autenticacion.php:14
[08-May-2026 11:37:22 America/Santo_Domingo] PHP Notice:  session_start(): Ignoring session_start() because a session is already active (started from C:\wamp64\www\PLATAFORMA_INTEGRADA\backend\api\actividad.php on line 19) in C:\wamp64\www\PLATAFORMA_INTEGRADA\backend\Autenticacion.php on line 14
[08-May-2026 11:37:22 America/Santo_Domingo] PHP Stack trace:
[08-May-2026 11:37:22 America/Santo_Domingo] PHP   1. {main}() C:\wamp64\www\PLATAFORMA_INTEGRADA\backend\api\actividad.php:0
[08-May-2026 11:37:22 America/Santo_Domingo] PHP   2. Autenticacion->__construct() C:\wamp64\www\PLATAFORMA_INTEGRADA\backend\api\actividad.php:21
[08-May-2026 11:37:22 America/Santo_Domingo] PHP   3. session_start() C:\wamp64\www\PLATAFORMA_INTEGRADA\backend\Autenticacion.php:14
[08-May-2026 11:37:24 America/Santo_Domingo] PHP Notice:  session_start(): Ignoring session_start() because a session is already active (started from C:\wamp64\www\PLATAFORMA_INTEGRADA\backend\api\actividad.php on line 19) in C:\wamp64\www\PLATAFORMA_INTEGRADA\backend\Autenticacion.php on line 14
[08-May-2026 11:37:24 America/Santo_Domingo] PHP Stack trace:
[08-May-2026 11:37:24 America/Santo_Domingo] PHP   1. {main}() C:\wamp64\www\PLATAFORMA_INTEGRADA\backend\api\actividad.php:0
[08-May-2026 11:37:24 America/Santo_Domingo] PHP   2. Autenticacion->__construct() C:\wamp64\www\PLATAFORMA_INTEGRADA\backend\api\actividad.php:21
[08-May-2026 11:37:24 America/Santo_Domingo] PHP   3. session_start() C:\wamp64\www\PLATAFORMA_INTEGRADA\backend\Autenticacion.php:14
[08-May-2026 11:37:26 America/Santo_Domingo] PHP Notice:  session_start(): Ignoring session_start() because a session is already active (started from C:\wamp64\www\PLATAFORMA_INTEGRADA\backend\api\actividad.php on line 19) in C:\wamp64\www\PLATAFORMA_INTEGRADA\backend\Autenticacion.php on line 14
[08-May-2026 11:37:26 America/Santo_Domingo] PHP Stack trace:
[08-May-2026 11:37:26 America/Santo_Domingo] PHP   1. {main}() C:\wamp64\www\PLATAFORMA_INTEGRADA\backend\api\actividad.php:0
[08-May-2026 11:37:26 America/Santo_Domingo] PHP   2. Autenticacion->__construct() C:\wamp64\www\PLATAFORMA_INTEGRADA\backend\api\actividad.php:21
[08-May-2026 11:37:26 America/Santo_Domingo] PHP   3. session_start() C:\wamp64\www\PLATAFORMA_INTEGRADA\backend\Autenticacion.php:14
[08-May-2026 11:37:26 America/Santo_Domingo] PHP Notice:  session_start(): Ignoring session_start() because a session is already active (started from C:\wamp64\www\PLATAFORMA_INTEGRADA\backend\api\actividad.php on line 19) in C:\wamp64\www\PLATAFORMA_INTEGRADA\backend\Autenticacion.php on line 14
[08-May-2026 11:37:26 America/Santo_Domingo] PHP Stack trace:
[08-May-2026 11:37:26 America/Santo_Domingo] PHP   1. {main}() C:\wamp64\www\PLATAFORMA_INTEGRADA\backend\api\actividad.php:0
[08-May-2026 11:37:26 America/Santo_Domingo] PHP   2. Autenticacion->__construct() C:\wamp64\www\PLATAFORMA_INTEGRADA\backend\api\actividad.php:21
[08-May-2026 11:37:26 America/Santo_Domingo] PHP   3. session_start() C:\wamp64\www\PLATAFORMA_INTEGRADA\backend\Autenticacion.php:14
[08-May-2026 11:37:28 America/Santo_Domingo] PHP Notice:  session_start(): Ignoring session_start() because a session is already active (started from C:\wamp64\www\PLATAFORMA_INTEGRADA\backend\api\actividad.php on line 19) in C:\wamp64\www\PLATAFORMA_INTEGRADA\backend\Autenticacion.php on line 14
[08-May-2026 11:37:28 America/Santo_Domingo] PHP Stack trace:
[08-May-2026 11:37:28 America/Santo_Domingo] PHP   1. {main}() C:\wamp64\www\PLATAFORMA_INTEGRADA\backend\api\actividad.php:0
[08-May-2026 11:37:28 America/Santo_Domingo] PHP   2. Autenticacion->__construct() C:\wamp64\www\PLATAFORMA_INTEGRADA\backend\api\actividad.php:21
[08-May-2026 11:37:28 America/Santo_Domingo] PHP   3. session_start() C:\wamp64\www\PLATAFORMA_INTEGRADA\backend\Autenticacion.php:14
[08-May-2026 11:37:29 America/Santo_Domingo] PHP Notice:  session_start(): Ignoring session_start() because a session is already active (started from C:\wamp64\www\PLATAFORMA_INTEGRADA\backend\api\actividad.php on line 19) in C:\wamp64\www\PLATAFORMA_INTEGRADA\backend\Autenticacion.php on line 14
[08-May-2026 11:37:29 America/Santo_Domingo] PHP Stack trace:
[08-May-2026 11:37:29 America/Santo_Domingo] PHP   1. {main}() C:\wamp64\www\PLATAFORMA_INTEGRADA\backend\api\actividad.php:0
[08-May-2026 11:37:29 America/Santo_Domingo] PHP   2. Autenticacion->__construct() C:\wamp64\www\PLATAFORMA_INTEGRADA\backend\api\actividad.php:21
[08-May-2026 11:37:29 America/Santo_Domingo] PHP   3. session_start() C:\wamp64\www\PLATAFORMA_INTEGRADA\backend\Autenticacion.php:14
[08-May-2026 11:37:35 America/Santo_Domingo] PHP Notice:  session_start(): Ignoring session_start() because a session is already active (started from C:\wamp64\www\PLATAFORMA_INTEGRADA\backend\api\actividad.php on line 19) in C:\wamp64\www\PLATAFORMA_INTEGRADA\backend\Autenticacion.php on line 14
[08-May-2026 11:37:35 America/Santo_Domingo] PHP Stack trace:
[08-May-2026 11:37:35 America/Santo_Domingo] PHP   1. {main}() C:\wamp64\www\PLATAFORMA_INTEGRADA\backend\api\actividad.php:0
[08-May-2026 11:37:35 America/Santo_Domingo] PHP   2. Autenticacion->__construct() C:\wamp64\www\PLATAFORMA_INTEGRADA\backend\api\actividad.php:21
[08-May-2026 11:37:35 America/Santo_Domingo] PHP   3. session_start() C:\wamp64\www\PLATAFORMA_INTEGRADA\backend\Autenticacion.php:14
[08-May-2026 11:37:36 America/Santo_Domingo] PHP Notice:  session_start(): Ignoring session_start() because a session is already active (started from C:\wamp64\www\PLATAFORMA_INTEGRADA\backend\api\actividad.php on line 19) in C:\wamp64\www\PLATAFORMA_INTEGRADA\backend\Autenticacion.php on line 14
[08-May-2026 11:37:36 America/Santo_Domingo] PHP Stack trace:
[08-May-2026 11:37:36 America/Santo_Domingo] PHP   1. {main}() C:\wamp64\www\PLATAFORMA_INTEGRADA\backend\api\actividad.php:0
[08-May-2026 11:37:36 America/Santo_Domingo] PHP   2. Autenticacion->__construct() C:\wamp64\www\PLATAFORMA_INTEGRADA\backend\api\actividad.php:21
[08-May-2026 11:37:36 America/Santo_Domingo] PHP   3. session_start() C:\wamp64\www\PLATAFORMA_INTEGRADA\backend\Autenticacion.php:14
[08-May-2026 11:38:10 America/Santo_Domingo] PHP Notice:  session_start(): Ignoring session_start() because a session is already active (started from C:\wamp64\www\PLATAFORMA_INTEGRADA\backend\api\actividad.php on line 19) in C:\wamp64\www\PLATAFORMA_INTEGRADA\backend\Autenticacion.php on line 14
[08-May-2026 11:38:10 America/Santo_Domingo] PHP Stack trace:
[08-May-2026 11:38:10 America/Santo_Domingo] PHP   1. {main}() C:\wamp64\www\PLATAFORMA_INTEGRADA\backend\api\actividad.php:0
[08-May-2026 11:38:10 America/Santo_Domingo] PHP   2. Autenticacion->__construct() C:\wamp64\www\PLATAFORMA_INTEGRADA\backend\api\actividad.php:21
[08-May-2026 11:38:10 America/Santo_Domingo] PHP   3. session_start() C:\wamp64\www\PLATAFORMA_INTEGRADA\backend\Autenticacion.php:14
[08-May-2026 11:38:13 America/Santo_Domingo] PHP Notice:  session_start(): Ignoring session_start() because a session is already active (started from C:\wamp64\www\PLATAFORMA_INTEGRADA\backend\api\actividad.php on line 19) in C:\wamp64\www\PLATAFORMA_INTEGRADA\backend\Autenticacion.php on line 14
[08-May-2026 11:38:13 America/Santo_Domingo] PHP Stack trace:
[08-May-2026 11:38:13 America/Santo_Domingo] PHP   1. {main}() C:\wamp64\www\PLATAFORMA_INTEGRADA\backend\api\actividad.php:0
[08-May-2026 11:38:13 America/Santo_Domingo] PHP   2. Autenticacion->__construct() C:\wamp64\www\PLATAFORMA_INTEGRADA\backend\api\actividad.php:21
[08-May-2026 11:38:13 America/Santo_Domingo] PHP   3. session_start() C:\wamp64\www\PLATAFORMA_INTEGRADA\backend\Autenticacion.php:14
[08-May-2026 11:38:49 America/Santo_Domingo] PHP Notice:  session_start(): Ignoring session_start() because a session is already active (started from C:\wamp64\www\PLATAFORMA_INTEGRADA\backend\api\actividad.php on line 19) in C:\wamp64\www\PLATAFORMA_INTEGRADA\backend\Autenticacion.php on line 14
[08-May-2026 11:38:49 America/Santo_Domingo] PHP Stack trace:
[08-May-2026 11:38:49 America/Santo_Domingo] PHP   1. {main}() C:\wamp64\www\PLATAFORMA_INTEGRADA\backend\api\actividad.php:0
[08-May-2026 11:38:49 America/Santo_Domingo] PHP   2. Autenticacion->__construct() C:\wamp64\www\PLATAFORMA_INTEGRADA\backend\api\actividad.php:21
[08-May-2026 11:38:49 America/Santo_Domingo] PHP   3. session_start() C:\wamp64\www\PLATAFORMA_INTEGRADA\backend\Autenticacion.php:14
[08-May-2026 11:38:52 America/Santo_Domingo] PHP Notice:  session_start(): Ignoring session_start() because a session is already active (started from C:\wamp64\www\PLATAFORMA_INTEGRADA\backend\api\actividad.php on line 19) in C:\wamp64\www\PLATAFORMA_INTEGRADA\backend\Autenticacion.php on line 14
[08-May-2026 11:38:52 America/Santo_Domingo] PHP Stack trace:
[08-May-2026 11:38:52 America/Santo_Domingo] PHP   1. {main}() C:\wamp64\www\PLATAFORMA_INTEGRADA\backend\api\actividad.php:0
[08-May-2026 11:38:52 America/Santo_Domingo] PHP   2. Autenticacion->__construct() C:\wamp64\www\PLATAFORMA_INTEGRADA\backend\api\actividad.php:21
[08-May-2026 11:38:52 America/Santo_Domingo] PHP   3. session_start() C:\wamp64\www\PLATAFORMA_INTEGRADA\backend\Autenticacion.php:14
[08-May-2026 11:39:00 America/Santo_Domingo] PHP Notice:  session_start(): Ignoring session_start() because a session is already active (started from C:\wamp64\www\PLATAFORMA_INTEGRADA\backend\api\actividad.php on line 19) in C:\wamp64\www\PLATAFORMA_INTEGRADA\backend\Autenticacion.php on line 14
[08-May-2026 11:39:00 America/Santo_Domingo] PHP Stack trace:
[08-May-2026 11:39:00 America/Santo_Domingo] PHP   1. {main}() C:\wamp64\www\PLATAFORMA_INTEGRADA\backend\api\actividad.php:0
[08-May-2026 11:39:00 America/Santo_Domingo] PHP   2. Autenticacion->__construct() C:\wamp64\www\PLATAFORMA_INTEGRADA\backend\api\actividad.php:21
[08-May-2026 11:39:00 America/Santo_Domingo] PHP   3. session_start() C:\wamp64\www\PLATAFORMA_INTEGRADA\backend\Autenticacion.php:14
[08-May-2026 11:39:01 America/Santo_Domingo] PHP Notice:  session_start(): Ignoring session_start() because a session is already active (started from C:\wamp64\www\PLATAFORMA_INTEGRADA\backend\api\actividad.php on line 19) in C:\wamp64\www\PLATAFORMA_INTEGRADA\backend\Autenticacion.php on line 14
[08-May-2026 11:39:01 America/Santo_Domingo] PHP Stack trace:
[08-May-2026 11:39:01 America/Santo_Domingo] PHP   1. {main}() C:\wamp64\www\PLATAFORMA_INTEGRADA\backend\api\actividad.php:0
[08-May-2026 11:39:01 America/Santo_Domingo] PHP   2. Autenticacion->__construct() C:\wamp64\www\PLATAFORMA_INTEGRADA\backend\api\actividad.php:21
[08-May-2026 11:39:01 America/Santo_Domingo] PHP   3. session_start() C:\wamp64\www\PLATAFORMA_INTEGRADA\backend\Autenticacion.php:14
[08-May-2026 11:39:01 America/Santo_Domingo] PHP Notice:  session_start(): Ignoring session_start() because a session is already active (started from C:\wamp64\www\PLATAFORMA_INTEGRADA\backend\api\actividad.php on line 19) in C:\wamp64\www\PLATAFORMA_INTEGRADA\backend\Autenticacion.php on line 14
[08-May-2026 11:39:01 America/Santo_Domingo] PHP Stack trace:
[08-May-2026 11:39:01 America/Santo_Domingo] PHP   1. {main}() C:\wamp64\www\PLATAFORMA_INTEGRADA\backend\api\actividad.php:0
[08-May-2026 11:39:01 America/Santo_Domingo] PHP   2. Autenticacion->__construct() C:\wamp64\www\PLATAFORMA_INTEGRADA\backend\api\actividad.php:21
[08-May-2026 11:39:01 America/Santo_Domingo] PHP   3. session_start() C:\wamp64\www\PLATAFORMA_INTEGRADA\backend\Autenticacion.php:14
[08-May-2026 11:39:03 America/Santo_Domingo] PHP Notice:  session_start(): Ignoring session_start() because a session is already active (started from C:\wamp64\www\PLATAFORMA_INTEGRADA\backend\api\actividad.php on line 19) in C:\wamp64\www\PLATAFORMA_INTEGRADA\backend\Autenticacion.php on line 14
[08-May-2026 11:39:03 America/Santo_Domingo] PHP Stack trace:
[08-May-2026 11:39:03 America/Santo_Domingo] PHP   1. {main}() C:\wamp64\www\PLATAFORMA_INTEGRADA\backend\api\actividad.php:0
[08-May-2026 11:39:03 America/Santo_Domingo] PHP   2. Autenticacion->__construct() C:\wamp64\www\PLATAFORMA_INTEGRADA\backend\api\actividad.php:21
[08-May-2026 11:39:03 America/Santo_Domingo] PHP   3. session_start() C:\wamp64\www\PLATAFORMA_INTEGRADA\backend\Autenticacion.php:14
[08-May-2026 11:39:05 America/Santo_Domingo] PHP Notice:  session_start(): Ignoring session_start() because a session is already active (started from C:\wamp64\www\PLATAFORMA_INTEGRADA\backend\api\actividad.php on line 19) in C:\wamp64\www\PLATAFORMA_INTEGRADA\backend\Autenticacion.php on line 14
[08-May-2026 11:39:05 America/Santo_Domingo] PHP Stack trace:
[08-May-2026 11:39:05 America/Santo_Domingo] PHP   1. {main}() C:\wamp64\www\PLATAFORMA_INTEGRADA\backend\api\actividad.php:0
[08-May-2026 11:39:05 America/Santo_Domingo] PHP   2. Autenticacion->__construct() C:\wamp64\www\PLATAFORMA_INTEGRADA\backend\api\actividad.php:21
[08-May-2026 11:39:05 America/Santo_Domingo] PHP   3. session_start() C:\wamp64\www\PLATAFORMA_INTEGRADA\backend\Autenticacion.php:14
[08-May-2026 11:39:09 America/Santo_Domingo] PHP Notice:  session_start(): Ignoring session_start() because a session is already active (started from C:\wamp64\www\PLATAFORMA_INTEGRADA\backend\api\actividad.php on line 19) in C:\wamp64\www\PLATAFORMA_INTEGRADA\backend\Autenticacion.php on line 14
[08-May-2026 11:39:09 America/Santo_Domingo] PHP Stack trace:
[08-May-2026 11:39:09 America/Santo_Domingo] PHP   1. {main}() C:\wamp64\www\PLATAFORMA_INTEGRADA\backend\api\actividad.php:0
[08-May-2026 11:39:09 America/Santo_Domingo] PHP   2. Autenticacion->__construct() C:\wamp64\www\PLATAFORMA_INTEGRADA\backend\api\actividad.php:21
[08-May-2026 11:39:09 America/Santo_Domingo] PHP   3. session_start() C:\wamp64\www\PLATAFORMA_INTEGRADA\backend\Autenticacion.php:14
[08-May-2026 11:39:11 America/Santo_Domingo] PHP Notice:  session_start(): Ignoring session_start() because a session is already active (started from C:\wamp64\www\PLATAFORMA_INTEGRADA\backend\api\actividad.php on line 19) in C:\wamp64\www\PLATAFORMA_INTEGRADA\backend\Autenticacion.php on line 14
[08-May-2026 11:39:11 America/Santo_Domingo] PHP Stack trace:
[08-May-2026 11:39:11 America/Santo_Domingo] PHP   1. {main}() C:\wamp64\www\PLATAFORMA_INTEGRADA\backend\api\actividad.php:0
[08-May-2026 11:39:11 America/Santo_Domingo] PHP   2. Autenticacion->__construct() C:\wamp64\www\PLATAFORMA_INTEGRADA\backend\api\actividad.php:21
[08-May-2026 11:39:11 America/Santo_Domingo] PHP   3. session_start() C:\wamp64\www\PLATAFORMA_INTEGRADA\backend\Autenticacion.php:14
[08-May-2026 11:39:11 America/Santo_Domingo] PHP Notice:  session_start(): Ignoring session_start() because a session is already active (started from C:\wamp64\www\PLATAFORMA_INTEGRADA\backend\api\actividad.php on line 19) in C:\wamp64\www\PLATAFORMA_INTEGRADA\backend\Autenticacion.php on line 14
[08-May-2026 11:39:11 America/Santo_Domingo] PHP Stack trace:
[08-May-2026 11:39:11 America/Santo_Domingo] PHP   1. {main}() C:\wamp64\www\PLATAFORMA_INTEGRADA\backend\api\actividad.php:0
[08-May-2026 11:39:11 America/Santo_Domingo] PHP   2. Autenticacion->__construct() C:\wamp64\www\PLATAFORMA_INTEGRADA\backend\api\actividad.php:21
[08-May-2026 11:39:11 America/Santo_Domingo] PHP   3. session_start() C:\wamp64\www\PLATAFORMA_INTEGRADA\backend\Autenticacion.php:14
[08-May-2026 11:39:12 America/Santo_Domingo] PHP Notice:  session_start(): Ignoring session_start() because a session is already active (started from C:\wamp64\www\PLATAFORMA_INTEGRADA\backend\api\actividad.php on line 19) in C:\wamp64\www\PLATAFORMA_INTEGRADA\backend\Autenticacion.php on line 14
[08-May-2026 11:39:12 America/Santo_Domingo] PHP Stack trace:
[08-May-2026 11:39:12 America/Santo_Domingo] PHP   1. {main}() C:\wamp64\www\PLATAFORMA_INTEGRADA\backend\api\actividad.php:0
[08-May-2026 11:39:12 America/Santo_Domingo] PHP   2. Autenticacion->__construct() C:\wamp64\www\PLATAFORMA_INTEGRADA\backend\api\actividad.php:21
[08-May-2026 11:39:12 America/Santo_Domingo] PHP   3. session_start() C:\wamp64\www\PLATAFORMA_INTEGRADA\backend\Autenticacion.php:14
[08-May-2026 11:39:18 America/Santo_Domingo] PHP Notice:  session_start(): Ignoring session_start() because a session is already active (started from C:\wamp64\www\PLATAFORMA_INTEGRADA\backend\api\actividad.php on line 19) in C:\wamp64\www\PLATAFORMA_INTEGRADA\backend\Autenticacion.php on line 14
[08-May-2026 11:39:18 America/Santo_Domingo] PHP Stack trace:
[08-May-2026 11:39:18 America/Santo_Domingo] PHP   1. {main}() C:\wamp64\www\PLATAFORMA_INTEGRADA\backend\api\actividad.php:0
[08-May-2026 11:39:18 America/Santo_Domingo] PHP   2. Autenticacion->__construct() C:\wamp64\www\PLATAFORMA_INTEGRADA\backend\api\actividad.php:21
[08-May-2026 11:39:18 America/Santo_Domingo] PHP   3. session_start() C:\wamp64\www\PLATAFORMA_INTEGRADA\backend\Autenticacion.php:14
[08-May-2026 11:52:49 America/Santo_Domingo] PHP Notice:  session_start(): Ignoring session_start() because a session is already active (started from C:\wamp64\www\PLATAFORMA_INTEGRADA\backend\api\actividad.php on line 19) in C:\wamp64\www\PLATAFORMA_INTEGRADA\backend\Autenticacion.php on line 14
[08-May-2026 11:52:49 America/Santo_Domingo] PHP Stack trace:
[08-May-2026 11:52:49 America/Santo_Domingo] PHP   1. {main}() C:\wamp64\www\PLATAFORMA_INTEGRADA\backend\api\actividad.php:0
[08-May-2026 11:52:49 America/Santo_Domingo] PHP   2. Autenticacion->__construct() C:\wamp64\www\PLATAFORMA_INTEGRADA\backend\api\actividad.php:21
[08-May-2026 11:52:49 America/Santo_Domingo] PHP   3. session_start() C:\wamp64\www\PLATAFORMA_INTEGRADA\backend\Autenticacion.php:14
[08-May-2026 11:52:54 America/Santo_Domingo] PHP Notice:  session_start(): Ignoring session_start() because a session is already active (started from C:\wamp64\www\PLATAFORMA_INTEGRADA\backend\api\actividad.php on line 19) in C:\wamp64\www\PLATAFORMA_INTEGRADA\backend\Autenticacion.php on line 14
[08-May-2026 11:52:54 America/Santo_Domingo] PHP Stack trace:
[08-May-2026 11:52:54 America/Santo_Domingo] PHP   1. {main}() C:\wamp64\www\PLATAFORMA_INTEGRADA\backend\api\actividad.php:0
[08-May-2026 11:52:54 America/Santo_Domingo] PHP   2. Autenticacion->__construct() C:\wamp64\www\PLATAFORMA_INTEGRADA\backend\api\actividad.php:21
[08-May-2026 11:52:54 America/Santo_Domingo] PHP   3. session_start() C:\wamp64\www\PLATAFORMA_INTEGRADA\backend\Autenticacion.php:14
[08-May-2026 12:14:35 America/Santo_Domingo] PHP Notice:  session_start(): Ignoring session_start() because a session is already active (started from C:\wamp64\www\PLATAFORMA_INTEGRADA\backend\api\actividad.php on line 19) in C:\wamp64\www\PLATAFORMA_INTEGRADA\backend\Autenticacion.php on line 14
[08-May-2026 12:14:35 America/Santo_Domingo] PHP Stack trace:
[08-May-2026 12:14:35 America/Santo_Domingo] PHP   1. {main}() C:\wamp64\www\PLATAFORMA_INTEGRADA\backend\api\actividad.php:0
[08-May-2026 12:14:35 America/Santo_Domingo] PHP   2. Autenticacion->__construct() C:\wamp64\www\PLATAFORMA_INTEGRADA\backend\api\actividad.php:21
[08-May-2026 12:14:35 America/Santo_Domingo] PHP   3. session_start() C:\wamp64\www\PLATAFORMA_INTEGRADA\backend\Autenticacion.php:14
[08-May-2026 12:14:48 America/Santo_Domingo] PHP Notice:  session_start(): Ignoring session_start() because a session is already active (started from C:\wamp64\www\PLATAFORMA_INTEGRADA\backend\api\actividad.php on line 19) in C:\wamp64\www\PLATAFORMA_INTEGRADA\backend\Autenticacion.php on line 14
[08-May-2026 12:14:48 America/Santo_Domingo] PHP Stack trace:
[08-May-2026 12:14:48 America/Santo_Domingo] PHP   1. {main}() C:\wamp64\www\PLATAFORMA_INTEGRADA\backend\api\actividad.php:0
[08-May-2026 12:14:48 America/Santo_Domingo] PHP   2. Autenticacion->__construct() C:\wamp64\www\PLATAFORMA_INTEGRADA\backend\api\actividad.php:21
[08-May-2026 12:14:48 America/Santo_Domingo] PHP   3. session_start() C:\wamp64\www\PLATAFORMA_INTEGRADA\backend\Autenticacion.php:14
[08-May-2026 13:04:03 America/Santo_Domingo] PHP Notice:  session_start(): Ignoring session_start() because a session is already active (started from C:\wamp64\www\PLATAFORMA_INTEGRADA\backend\api\actividad.php on line 19) in C:\wamp64\www\PLATAFORMA_INTEGRADA\backend\Autenticacion.php on line 14
[08-May-2026 13:04:03 America/Santo_Domingo] PHP Stack trace:
[08-May-2026 13:04:03 America/Santo_Domingo] PHP   1. {main}() C:\wamp64\www\PLATAFORMA_INTEGRADA\backend\api\actividad.php:0
[08-May-2026 13:04:03 America/Santo_Domingo] PHP   2. Autenticacion->__construct() C:\wamp64\www\PLATAFORMA_INTEGRADA\backend\api\actividad.php:21
[08-May-2026 13:04:03 America/Santo_Domingo] PHP   3. session_start() C:\wamp64\www\PLATAFORMA_INTEGRADA\backend\Autenticacion.php:14
[08-May-2026 13:04:08 America/Santo_Domingo] PHP Notice:  session_start(): Ignoring session_start() because a session is already active (started from C:\wamp64\www\PLATAFORMA_INTEGRADA\backend\api\actividad.php on line 19) in C:\wamp64\www\PLATAFORMA_INTEGRADA\backend\Autenticacion.php on line 14
[08-May-2026 13:04:08 America/Santo_Domingo] PHP Stack trace:
[08-May-2026 13:04:08 America/Santo_Domingo] PHP   1. {main}() C:\wamp64\www\PLATAFORMA_INTEGRADA\backend\api\actividad.php:0
[08-May-2026 13:04:08 America/Santo_Domingo] PHP   2. Autenticacion->__construct() C:\wamp64\www\PLATAFORMA_INTEGRADA\backend\api\actividad.php:21
[08-May-2026 13:04:08 America/Santo_Domingo] PHP   3. session_start() C:\wamp64\www\PLATAFORMA_INTEGRADA\backend\Autenticacion.php:14
[08-May-2026 13:04:15 America/Santo_Domingo] PHP Notice:  session_start(): Ignoring session_start() because a session is already active (started from C:\wamp64\www\PLATAFORMA_INTEGRADA\backend\api\actividad.php on line 19) in C:\wamp64\www\PLATAFORMA_INTEGRADA\backend\Autenticacion.php on line 14
[08-May-2026 13:04:15 America/Santo_Domingo] PHP Stack trace:
[08-May-2026 13:04:15 America/Santo_Domingo] PHP   1. {main}() C:\wamp64\www\PLATAFORMA_INTEGRADA\backend\api\actividad.php:0
[08-May-2026 13:04:15 America/Santo_Domingo] PHP   2. Autenticacion->__construct() C:\wamp64\www\PLATAFORMA_INTEGRADA\backend\api\actividad.php:21
[08-May-2026 13:04:15 America/Santo_Domingo] PHP   3. session_start() C:\wamp64\www\PLATAFORMA_INTEGRADA\backend\Autenticacion.php:14
[08-May-2026 13:04:17 America/Santo_Domingo] PHP Notice:  session_start(): Ignoring session_start() because a session is already active (started from C:\wamp64\www\PLATAFORMA_INTEGRADA\backend\api\actividad.php on line 19) in C:\wamp64\www\PLATAFORMA_INTEGRADA\backend\Autenticacion.php on line 14
[08-May-2026 13:04:17 America/Santo_Domingo] PHP Stack trace:
[08-May-2026 13:04:17 America/Santo_Domingo] PHP   1. {main}() C:\wamp64\www\PLATAFORMA_INTEGRADA\backend\api\actividad.php:0
[08-May-2026 13:04:17 America/Santo_Domingo] PHP   2. Autenticacion->__construct() C:\wamp64\www\PLATAFORMA_INTEGRADA\backend\api\actividad.php:21
[08-May-2026 13:04:17 America/Santo_Domingo] PHP   3. session_start() C:\wamp64\www\PLATAFORMA_INTEGRADA\backend\Autenticacion.php:14
[08-May-2026 13:12:04 America/Santo_Domingo] PHP Notice:  session_start(): Ignoring session_start() because a session is already active (started from C:\wamp64\www\PLATAFORMA_INTEGRADA\backend\api\actividad.php on line 19) in C:\wamp64\www\PLATAFORMA_INTEGRADA\backend\Autenticacion.php on line 14
[08-May-2026 13:12:04 America/Santo_Domingo] PHP Stack trace:
[08-May-2026 13:12:04 America/Santo_Domingo] PHP   1. {main}() C:\wamp64\www\PLATAFORMA_INTEGRADA\backend\api\actividad.php:0
[08-May-2026 13:12:04 America/Santo_Domingo] PHP   2. Autenticacion->__construct() C:\wamp64\www\PLATAFORMA_INTEGRADA\backend\api\actividad.php:21
[08-May-2026 13:12:04 America/Santo_Domingo] PHP   3. session_start() C:\wamp64\www\PLATAFORMA_INTEGRADA\backend\Autenticacion.php:14
[08-May-2026 13:12:17 America/Santo_Domingo] PHP Notice:  session_start(): Ignoring session_start() because a session is already active (started from C:\wamp64\www\PLATAFORMA_INTEGRADA\backend\api\actividad.php on line 19) in C:\wamp64\www\PLATAFORMA_INTEGRADA\backend\Autenticacion.php on line 14
[08-May-2026 13:12:17 America/Santo_Domingo] PHP Stack trace:
[08-May-2026 13:12:17 America/Santo_Domingo] PHP   1. {main}() C:\wamp64\www\PLATAFORMA_INTEGRADA\backend\api\actividad.php:0
[08-May-2026 13:12:17 America/Santo_Domingo] PHP   2. Autenticacion->__construct() C:\wamp64\www\PLATAFORMA_INTEGRADA\backend\api\actividad.php:21
[08-May-2026 13:12:17 America/Santo_Domingo] PHP   3. session_start() C:\wamp64\www\PLATAFORMA_INTEGRADA\backend\Autenticacion.php:14
[08-May-2026 13:12:18 America/Santo_Domingo] PHP Notice:  session_start(): Ignoring session_start() because a session is already active (started from C:\wamp64\www\PLATAFORMA_INTEGRADA\backend\api\actividad.php on line 19) in C:\wamp64\www\PLATAFORMA_INTEGRADA\backend\Autenticacion.php on line 14
[08-May-2026 13:12:18 America/Santo_Domingo] PHP Stack trace:
[08-May-2026 13:12:18 America/Santo_Domingo] PHP   1. {main}() C:\wamp64\www\PLATAFORMA_INTEGRADA\backend\api\actividad.php:0
[08-May-2026 13:12:18 America/Santo_Domingo] PHP   2. Autenticacion->__construct() C:\wamp64\www\PLATAFORMA_INTEGRADA\backend\api\actividad.php:21
[08-May-2026 13:12:18 America/Santo_Domingo] PHP   3. session_start() C:\wamp64\www\PLATAFORMA_INTEGRADA\backend\Autenticacion.php:14
[08-May-2026 13:12:19 America/Santo_Domingo] PHP Notice:  session_start(): Ignoring session_start() because a session is already active (started from C:\wamp64\www\PLATAFORMA_INTEGRADA\backend\api\actividad.php on line 19) in C:\wamp64\www\PLATAFORMA_INTEGRADA\backend\Autenticacion.php on line 14
[08-May-2026 13:12:19 America/Santo_Domingo] PHP Stack trace:
[08-May-2026 13:12:19 America/Santo_Domingo] PHP   1. {main}() C:\wamp64\www\PLATAFORMA_INTEGRADA\backend\api\actividad.php:0
[08-May-2026 13:12:19 America/Santo_Domingo] PHP   2. Autenticacion->__construct() C:\wamp64\www\PLATAFORMA_INTEGRADA\backend\api\actividad.php:21
[08-May-2026 13:12:19 America/Santo_Domingo] PHP   3. session_start() C:\wamp64\www\PLATAFORMA_INTEGRADA\backend\Autenticacion.php:14
[08-May-2026 13:12:20 America/Santo_Domingo] PHP Notice:  session_start(): Ignoring session_start() because a session is already active (started from C:\wamp64\www\PLATAFORMA_INTEGRADA\backend\api\actividad.php on line 19) in C:\wamp64\www\PLATAFORMA_INTEGRADA\backend\Autenticacion.php on line 14
[08-May-2026 13:12:20 America/Santo_Domingo] PHP Stack trace:
[08-May-2026 13:12:20 America/Santo_Domingo] PHP   1. {main}() C:\wamp64\www\PLATAFORMA_INTEGRADA\backend\api\actividad.php:0
[08-May-2026 13:12:20 America/Santo_Domingo] PHP   2. Autenticacion->__construct() C:\wamp64\www\PLATAFORMA_INTEGRADA\backend\api\actividad.php:21
[08-May-2026 13:12:20 America/Santo_Domingo] PHP   3. session_start() C:\wamp64\www\PLATAFORMA_INTEGRADA\backend\Autenticacion.php:14
[08-May-2026 13:12:21 America/Santo_Domingo] PHP Notice:  session_start(): Ignoring session_start() because a session is already active (started from C:\wamp64\www\PLATAFORMA_INTEGRADA\backend\api\actividad.php on line 19) in C:\wamp64\www\PLATAFORMA_INTEGRADA\backend\Autenticacion.php on line 14
[08-May-2026 13:12:21 America/Santo_Domingo] PHP Stack trace:
[08-May-2026 13:12:21 America/Santo_Domingo] PHP   1. {main}() C:\wamp64\www\PLATAFORMA_INTEGRADA\backend\api\actividad.php:0
[08-May-2026 13:12:21 America/Santo_Domingo] PHP   2. Autenticacion->__construct() C:\wamp64\www\PLATAFORMA_INTEGRADA\backend\api\actividad.php:21
[08-May-2026 13:12:21 America/Santo_Domingo] PHP   3. session_start() C:\wamp64\www\PLATAFORMA_INTEGRADA\backend\Autenticacion.php:14
[08-May-2026 13:12:21 America/Santo_Domingo] PHP Notice:  session_start(): Ignoring session_start() because a session is already active (started from C:\wamp64\www\PLATAFORMA_INTEGRADA\backend\api\actividad.php on line 19) in C:\wamp64\www\PLATAFORMA_INTEGRADA\backend\Autenticacion.php on line 14
[08-May-2026 13:12:21 America/Santo_Domingo] PHP Stack trace:
[08-May-2026 13:12:21 America/Santo_Domingo] PHP   1. {main}() C:\wamp64\www\PLATAFORMA_INTEGRADA\backend\api\actividad.php:0
[08-May-2026 13:12:21 America/Santo_Domingo] PHP   2. Autenticacion->__construct() C:\wamp64\www\PLATAFORMA_INTEGRADA\backend\api\actividad.php:21
[08-May-2026 13:12:21 America/Santo_Domingo] PHP   3. session_start() C:\wamp64\www\PLATAFORMA_INTEGRADA\backend\Autenticacion.php:14
[08-May-2026 13:12:22 America/Santo_Domingo] PHP Notice:  session_start(): Ignoring session_start() because a session is already active (started from C:\wamp64\www\PLATAFORMA_INTEGRADA\backend\api\actividad.php on line 19) in C:\wamp64\www\PLATAFORMA_INTEGRADA\backend\Autenticacion.php on line 14
[08-May-2026 13:12:22 America/Santo_Domingo] PHP Stack trace:
[08-May-2026 13:12:22 America/Santo_Domingo] PHP   1. {main}() C:\wamp64\www\PLATAFORMA_INTEGRADA\backend\api\actividad.php:0
[08-May-2026 13:12:22 America/Santo_Domingo] PHP   2. Autenticacion->__construct() C:\wamp64\www\PLATAFORMA_INTEGRADA\backend\api\actividad.php:21
[08-May-2026 13:12:22 America/Santo_Domingo] PHP   3. session_start() C:\wamp64\www\PLATAFORMA_INTEGRADA\backend\Autenticacion.php:14
[08-May-2026 13:12:23 America/Santo_Domingo] PHP Notice:  session_start(): Ignoring session_start() because a session is already active (started from C:\wamp64\www\PLATAFORMA_INTEGRADA\backend\api\actividad.php on line 19) in C:\wamp64\www\PLATAFORMA_INTEGRADA\backend\Autenticacion.php on line 14
[08-May-2026 13:12:23 America/Santo_Domingo] PHP Stack trace:
[08-May-2026 13:12:23 America/Santo_Domingo] PHP   1. {main}() C:\wamp64\www\PLATAFORMA_INTEGRADA\backend\api\actividad.php:0
[08-May-2026 13:12:23 America/Santo_Domingo] PHP   2. Autenticacion->__construct() C:\wamp64\www\PLATAFORMA_INTEGRADA\backend\api\actividad.php:21
[08-May-2026 13:12:23 America/Santo_Domingo] PHP   3. session_start() C:\wamp64\www\PLATAFORMA_INTEGRADA\backend\Autenticacion.php:14
[08-May-2026 13:12:23 America/Santo_Domingo] PHP Notice:  session_start(): Ignoring session_start() because a session is already active (started from C:\wamp64\www\PLATAFORMA_INTEGRADA\backend\api\actividad.php on line 19) in C:\wamp64\www\PLATAFORMA_INTEGRADA\backend\Autenticacion.php on line 14
[08-May-2026 13:12:23 America/Santo_Domingo] PHP Stack trace:
[08-May-2026 13:12:23 America/Santo_Domingo] PHP   1. {main}() C:\wamp64\www\PLATAFORMA_INTEGRADA\backend\api\actividad.php:0
[08-May-2026 13:12:23 America/Santo_Domingo] PHP   2. Autenticacion->__construct() C:\wamp64\www\PLATAFORMA_INTEGRADA\backend\api\actividad.php:21
[08-May-2026 13:12:23 America/Santo_Domingo] PHP   3. session_start() C:\wamp64\www\PLATAFORMA_INTEGRADA\backend\Autenticacion.php:14
[08-May-2026 13:12:25 America/Santo_Domingo] PHP Notice:  session_start(): Ignoring session_start() because a session is already active (started from C:\wamp64\www\PLATAFORMA_INTEGRADA\backend\api\actividad.php on line 19) in C:\wamp64\www\PLATAFORMA_INTEGRADA\backend\Autenticacion.php on line 14
[08-May-2026 13:12:25 America/Santo_Domingo] PHP Stack trace:
[08-May-2026 13:12:25 America/Santo_Domingo] PHP   1. {main}() C:\wamp64\www\PLATAFORMA_INTEGRADA\backend\api\actividad.php:0
[08-May-2026 13:12:25 America/Santo_Domingo] PHP   2. Autenticacion->__construct() C:\wamp64\www\PLATAFORMA_INTEGRADA\backend\api\actividad.php:21
[08-May-2026 13:12:25 America/Santo_Domingo] PHP   3. session_start() C:\wamp64\www\PLATAFORMA_INTEGRADA\backend\Autenticacion.php:14
[08-May-2026 13:12:26 America/Santo_Domingo] PHP Notice:  session_start(): Ignoring session_start() because a session is already active (started from C:\wamp64\www\PLATAFORMA_INTEGRADA\backend\api\actividad.php on line 19) in C:\wamp64\www\PLATAFORMA_INTEGRADA\backend\Autenticacion.php on line 14
[08-May-2026 13:12:26 America/Santo_Domingo] PHP Stack trace:
[08-May-2026 13:12:26 America/Santo_Domingo] PHP   1. {main}() C:\wamp64\www\PLATAFORMA_INTEGRADA\backend\api\actividad.php:0
[08-May-2026 13:12:26 America/Santo_Domingo] PHP   2. Autenticacion->__construct() C:\wamp64\www\PLATAFORMA_INTEGRADA\backend\api\actividad.php:21
[08-May-2026 13:12:26 America/Santo_Domingo] PHP   3. session_start() C:\wamp64\www\PLATAFORMA_INTEGRADA\backend\Autenticacion.php:14
[08-May-2026 13:12:27 America/Santo_Domingo] PHP Notice:  session_start(): Ignoring session_start() because a session is already active (started from C:\wamp64\www\PLATAFORMA_INTEGRADA\backend\api\actividad.php on line 19) in C:\wamp64\www\PLATAFORMA_INTEGRADA\backend\Autenticacion.php on line 14
[08-May-2026 13:12:27 America/Santo_Domingo] PHP Stack trace:
[08-May-2026 13:12:27 America/Santo_Domingo] PHP   1. {main}() C:\wamp64\www\PLATAFORMA_INTEGRADA\backend\api\actividad.php:0
[08-May-2026 13:12:27 America/Santo_Domingo] PHP   2. Autenticacion->__construct() C:\wamp64\www\PLATAFORMA_INTEGRADA\backend\api\actividad.php:21
[08-May-2026 13:12:27 America/Santo_Domingo] PHP   3. session_start() C:\wamp64\www\PLATAFORMA_INTEGRADA\backend\Autenticacion.php:14
[08-May-2026 13:12:32 America/Santo_Domingo] PHP Notice:  session_start(): Ignoring session_start() because a session is already active (started from C:\wamp64\www\PLATAFORMA_INTEGRADA\backend\api\actividad.php on line 19) in C:\wamp64\www\PLATAFORMA_INTEGRADA\backend\Autenticacion.php on line 14
[08-May-2026 13:12:32 America/Santo_Domingo] PHP Stack trace:
[08-May-2026 13:12:32 America/Santo_Domingo] PHP   1. {main}() C:\wamp64\www\PLATAFORMA_INTEGRADA\backend\api\actividad.php:0
[08-May-2026 13:12:32 America/Santo_Domingo] PHP   2. Autenticacion->__construct() C:\wamp64\www\PLATAFORMA_INTEGRADA\backend\api\actividad.php:21
[08-May-2026 13:12:32 America/Santo_Domingo] PHP   3. session_start() C:\wamp64\www\PLATAFORMA_INTEGRADA\backend\Autenticacion.php:14
[08-May-2026 13:13:27 America/Santo_Domingo] NCFManager Error: Table 'masque_fianzas_integrada_01.cf_ncf_secuencias' doesn't exist
[08-May-2026 13:14:21 America/Santo_Domingo] MotorContable Error [COBRO_PRIMA]: Table 'masque_fianzas_integrada_01.cf_periodos' doesn't exist
[08-May-2026 13:14:52 America/Santo_Domingo] MotorContable Error [COBRO_PRIMA]: Table 'masque_fianzas_integrada_01.cf_periodos' doesn't exist
[08-May-2026 13:15:04 America/Santo_Domingo] MotorContable Error [EMISION_POLIZA]: Error: El asiento no cuadra (D: 10000, H: 10180).
[08-May-2026 13:15:06 America/Santo_Domingo] MotorContable Error [EMISION_POLIZA]: Error: El asiento no cuadra (D: 10000, H: 10180).
[08-May-2026 13:15:07 America/Santo_Domingo] MotorContable Error [EMISION_POLIZA]: Error: El asiento no cuadra (D: 10000, H: 10180).
[08-May-2026 13:15:07 America/Santo_Domingo] MotorContable Error [EMISION_POLIZA]: Error: El asiento no cuadra (D: 10000, H: 10180).
[08-May-2026 13:15:23 America/Santo_Domingo] MotorContable Error [PAGO_COMISION_AGENTE]: Error: El asiento no cuadra (D: 500, H: 4550).
[08-May-2026 13:15:25 America/Santo_Domingo] MotorContable Error [PAGO_COMISION_AGENTE]: Error: El asiento no cuadra (D: 500, H: 4550).
[08-May-2026 13:15:25 America/Santo_Domingo] MotorContable Error [PAGO_COMISION_AGENTE]: Error: El asiento no cuadra (D: 500, H: 4550).
[08-May-2026 13:15:26 America/Santo_Domingo] MotorContable Error [PAGO_COMISION_AGENTE]: Error: El asiento no cuadra (D: 500, H: 4550).
[08-May-2026 13:15:27 America/Santo_Domingo] MotorContable Error [PAGO_COMISION_AGENTE]: Error: El asiento no cuadra (D: 500, H: 4550).
[08-May-2026 17:31:02 America/Santo_Domingo] PHP Notice:  session_start(): Ignoring session_start() because a session is already active (started from C:\wamp64\www\PLATAFORMA_INTEGRADA\backend\api\actividad.php on line 19) in C:\wamp64\www\PLATAFORMA_INTEGRADA\backend\Autenticacion.php on line 14
[08-May-2026 17:31:02 America/Santo_Domingo] PHP Stack trace:
[08-May-2026 17:31:02 America/Santo_Domingo] PHP   1. {main}() C:\wamp64\www\PLATAFORMA_INTEGRADA\backend\api\actividad.php:0
[08-May-2026 17:31:02 America/Santo_Domingo] PHP   2. Autenticacion->__construct() C:\wamp64\www\PLATAFORMA_INTEGRADA\backend\api\actividad.php:21
[08-May-2026 17:31:02 America/Santo_Domingo] PHP   3. session_start() C:\wamp64\www\PLATAFORMA_INTEGRADA\backend\Autenticacion.php:14
[08-May-2026 17:36:01 America/Santo_Domingo] Finance Lab Input: 
[08-May-2026 17:36:01 America/Santo_Domingo] Finance Lab Evento: EMISION_POLIZA, Payload: {"id":756,"modulo":"LAB_TEST","numero":"TEST-3601","total":5000,"monto_total":5000,"monto_neto":4410,"comision":500,"itbis":90,"monto_cobrado":5000,"monto_bruto":500,"retencion_isr":50,"agente":"Agente Prueba Lab"}
[08-May-2026 17:36:01 America/Santo_Domingo] Finance Lab Input: 
[08-May-2026 17:36:01 America/Santo_Domingo] Finance Lab Evento: EMISION_POLIZA, Payload: {"id":568,"modulo":"LAB_TEST","numero":"TEST-3601","total":5000,"monto_total":5000,"monto_neto":4410,"comision":500,"itbis":90,"monto_cobrado":5000,"monto_bruto":500,"retencion_isr":50,"agente":"Agente Prueba Lab"}
[08-May-2026 18:00:35 America/Santo_Domingo] PHP Notice:  session_start(): Ignoring session_start() because a session is already active (started from C:\wamp64\www\PLATAFORMA_INTEGRADA\backend\api\actividad.php on line 19) in C:\wamp64\www\PLATAFORMA_INTEGRADA\backend\Autenticacion.php on line 14
[08-May-2026 18:00:35 America/Santo_Domingo] PHP Stack trace:
[08-May-2026 18:00:35 America/Santo_Domingo] PHP   1. {main}() C:\wamp64\www\PLATAFORMA_INTEGRADA\backend\api\actividad.php:0
[08-May-2026 18:00:35 America/Santo_Domingo] PHP   2. Autenticacion->__construct() C:\wamp64\www\PLATAFORMA_INTEGRADA\backend\api\actividad.php:21
[08-May-2026 18:00:35 America/Santo_Domingo] PHP   3. session_start() C:\wamp64\www\PLATAFORMA_INTEGRADA\backend\Autenticacion.php:14
[08-May-2026 18:01:18 America/Santo_Domingo] PHP Notice:  session_start(): Ignoring session_start() because a session is already active (started from C:\wamp64\www\PLATAFORMA_INTEGRADA\backend\api\actividad.php on line 19) in C:\wamp64\www\PLATAFORMA_INTEGRADA\backend\Autenticacion.php on line 14
[08-May-2026 18:01:18 America/Santo_Domingo] PHP Stack trace:
[08-May-2026 18:01:18 America/Santo_Domingo] PHP   1. {main}() C:\wamp64\www\PLATAFORMA_INTEGRADA\backend\api\actividad.php:0
[08-May-2026 18:01:18 America/Santo_Domingo] PHP   2. Autenticacion->__construct() C:\wamp64\www\PLATAFORMA_INTEGRADA\backend\api\actividad.php:21
[08-May-2026 18:01:18 America/Santo_Domingo] PHP   3. session_start() C:\wamp64\www\PLATAFORMA_INTEGRADA\backend\Autenticacion.php:14
[08-May-2026 18:04:32 America/Santo_Domingo] Finance Lab Input: {"evento":"EMISION_POLIZA","monto":"10000"}
[08-May-2026 18:04:32 America/Santo_Domingo] Finance Lab Evento: EMISION_POLIZA, Payload: {"id":852,"modulo":"LAB_TEST","numero":"TEST-0432","total":10000,"monto_total":10000,"monto_neto":8820,"comision":1000,"itbis":180,"monto_cobrado":10000,"monto_bruto":1000,"retencion_isr":100,"agente":"Agente Prueba Lab"}
[08-May-2026 18:05:02 America/Santo_Domingo] Finance Lab Input: {"evento":"EMISION_POLIZA","monto":"10000"}
[08-May-2026 18:05:02 America/Santo_Domingo] Finance Lab Evento: EMISION_POLIZA, Payload: {"id":373,"modulo":"LAB_TEST","numero":"TEST-0502","total":10000,"monto_total":10000,"monto_neto":8820,"comision":1000,"itbis":180,"monto_cobrado":10000,"monto_bruto":1000,"retencion_isr":100,"agente":"Agente Prueba Lab"}
[08-May-2026 18:05:08 America/Santo_Domingo] Finance Lab Input: {"evento":"COBRO_PRIMA","monto":"10000"}
[08-May-2026 18:05:08 America/Santo_Domingo] Finance Lab Evento: COBRO_PRIMA, Payload: {"id":869,"modulo":"LAB_TEST","numero":"TEST-0508","total":10000,"monto_total":10000,"monto_neto":900,"comision":1000,"itbis":180,"monto_cobrado":10000,"monto_bruto":1000,"retencion_isr":100,"agente":"Agente Prueba Lab"}
[08-May-2026 18:05:14 America/Santo_Domingo] Finance Lab Input: {"evento":"PAGO_COMISION_AGENTE","monto":"10000"}
[08-May-2026 18:05:14 America/Santo_Domingo] Finance Lab Evento: PAGO_COMISION_AGENTE, Payload: {"id":642,"modulo":"LAB_TEST","numero":"TEST-0514","total":10000,"monto_total":10000,"monto_neto":900,"comision":1000,"itbis":180,"monto_cobrado":10000,"monto_bruto":1000,"retencion_isr":100,"agente":"Agente Prueba Lab"}
[08-May-2026 18:05:45 America/Santo_Domingo] Finance Lab Input: {"evento":"EMISION_POLIZA","monto":"10000"}
[08-May-2026 18:05:45 America/Santo_Domingo] Finance Lab Evento: EMISION_POLIZA, Payload: {"id":692,"modulo":"LAB_TEST","numero":"TEST-0545","total":10000,"monto_total":10000,"monto_neto":8820,"comision":1000,"itbis":180,"monto_cobrado":10000,"monto_bruto":1000,"retencion_isr":100,"agente":"Agente Prueba Lab"}
[08-May-2026 18:05:47 America/Santo_Domingo] Finance Lab Input: {"evento":"COBRO_PRIMA","monto":"10000"}
[08-May-2026 18:05:47 America/Santo_Domingo] Finance Lab Evento: COBRO_PRIMA, Payload: {"id":751,"modulo":"LAB_TEST","numero":"TEST-0547","total":10000,"monto_total":10000,"monto_neto":900,"comision":1000,"itbis":180,"monto_cobrado":10000,"monto_bruto":1000,"retencion_isr":100,"agente":"Agente Prueba Lab"}
[08-May-2026 18:05:52 America/Santo_Domingo] Finance Lab Input: {"evento":"PAGO_COMISION_AGENTE","monto":"10000"}
[08-May-2026 18:05:52 America/Santo_Domingo] Finance Lab Evento: PAGO_COMISION_AGENTE, Payload: {"id":289,"modulo":"LAB_TEST","numero":"TEST-0552","total":10000,"monto_total":10000,"monto_neto":900,"comision":1000,"itbis":180,"monto_cobrado":10000,"monto_bruto":1000,"retencion_isr":100,"agente":"Agente Prueba Lab"}
[08-May-2026 18:07:54 America/Santo_Domingo] Finance Lab Input: {"evento":"EMISION_POLIZA","monto":"10000"}
[08-May-2026 18:07:54 America/Santo_Domingo] Finance Lab Evento: EMISION_POLIZA, Payload: {"id":821,"modulo":"LAB_TEST","numero":"TEST-0754","total":10000,"monto_total":10000,"monto_neto":8820,"comision":1000,"itbis":180,"monto_cobrado":10000,"monto_bruto":1000,"retencion_isr":100,"agente":"Agente Prueba Lab"}
[08-May-2026 18:42:19 America/Santo_Domingo] Finance Lab Input: {"evento":"EMISION_POLIZA","monto":"10000"}
[08-May-2026 18:42:19 America/Santo_Domingo] Finance Lab Evento: EMISION_POLIZA, Payload: {"id":103,"modulo":"LAB_TEST","numero":"TEST-4219","total":10000,"monto_total":10000,"monto_neto":8820,"comision":1000,"itbis":180,"monto_cobrado":10000,"monto_bruto":1000,"retencion_isr":100,"agente":"Agente Prueba Lab"}
[08-May-2026 18:46:25 America/Santo_Domingo] Finance Lab Input: {"evento":"EMISION_POLIZA","monto":"10000"}
[08-May-2026 18:46:25 America/Santo_Domingo] Finance Lab Evento: EMISION_POLIZA, Payload: {"id":193,"modulo":"LAB_TEST","numero":"TEST-4625","total":10000,"monto_total":10000,"monto_neto":8820,"comision":1000,"itbis":180,"monto_cobrado":10000,"monto_bruto":1000,"retencion_isr":100,"agente":"Agente Prueba Lab"}
[08-May-2026 18:46:42 America/Santo_Domingo] Finance Lab Input: {"evento":"COBRO_PRIMA","monto":"10000"}
[08-May-2026 18:46:42 America/Santo_Domingo] Finance Lab Evento: COBRO_PRIMA, Payload: {"id":526,"modulo":"LAB_TEST","numero":"TEST-4642","total":10000,"monto_total":10000,"monto_neto":900,"comision":1000,"itbis":180,"monto_cobrado":10000,"monto_bruto":1000,"retencion_isr":100,"agente":"Agente Prueba Lab"}
[08-May-2026 18:47:28 America/Santo_Domingo] Finance Lab Input: {"evento":"PAGO_COMISION_AGENTE","monto":"10000"}
[08-May-2026 18:47:28 America/Santo_Domingo] Finance Lab Evento: PAGO_COMISION_AGENTE, Payload: {"id":287,"modulo":"LAB_TEST","numero":"TEST-4728","total":10000,"monto_total":10000,"monto_neto":900,"comision":1000,"itbis":180,"monto_cobrado":10000,"monto_bruto":1000,"retencion_isr":100,"agente":"Agente Prueba Lab"}
[08-May-2026 21:24:26 America/Santo_Domingo] PHP Notice:  session_start(): Ignoring session_start() because a session is already active (started from C:\wamp64\www\PLATAFORMA_INTEGRADA\backend\api\actividad.php on line 19) in C:\wamp64\www\PLATAFORMA_INTEGRADA\backend\Autenticacion.php on line 14
[08-May-2026 21:24:26 America/Santo_Domingo] PHP Stack trace:
[08-May-2026 21:24:26 America/Santo_Domingo] PHP   1. {main}() C:\wamp64\www\PLATAFORMA_INTEGRADA\backend\api\actividad.php:0
[08-May-2026 21:24:26 America/Santo_Domingo] PHP   2. Autenticacion->__construct() C:\wamp64\www\PLATAFORMA_INTEGRADA\backend\api\actividad.php:21
[08-May-2026 21:24:26 America/Santo_Domingo] PHP   3. session_start() C:\wamp64\www\PLATAFORMA_INTEGRADA\backend\Autenticacion.php:14
[08-May-2026 21:24:31 America/Santo_Domingo] PHP Notice:  session_start(): Ignoring session_start() because a session is already active (started from C:\wamp64\www\PLATAFORMA_INTEGRADA\backend\api\actividad.php on line 19) in C:\wamp64\www\PLATAFORMA_INTEGRADA\backend\Autenticacion.php on line 14
[08-May-2026 21:24:31 America/Santo_Domingo] PHP Stack trace:
[08-May-2026 21:24:31 America/Santo_Domingo] PHP   1. {main}() C:\wamp64\www\PLATAFORMA_INTEGRADA\backend\api\actividad.php:0
[08-May-2026 21:24:31 America/Santo_Domingo] PHP   2. Autenticacion->__construct() C:\wamp64\www\PLATAFORMA_INTEGRADA\backend\api\actividad.php:21
[08-May-2026 21:24:31 America/Santo_Domingo] PHP   3. session_start() C:\wamp64\www\PLATAFORMA_INTEGRADA\backend\Autenticacion.php:14
[08-May-2026 21:24:50 America/Santo_Domingo] PHP Notice:  session_start(): Ignoring session_start() because a session is already active (started from C:\wamp64\www\PLATAFORMA_INTEGRADA\backend\api\actividad.php on line 19) in C:\wamp64\www\PLATAFORMA_INTEGRADA\backend\Autenticacion.php on line 14
[08-May-2026 21:24:50 America/Santo_Domingo] PHP Stack trace:
[08-May-2026 21:24:50 America/Santo_Domingo] PHP   1. {main}() C:\wamp64\www\PLATAFORMA_INTEGRADA\backend\api\actividad.php:0
[08-May-2026 21:24:50 America/Santo_Domingo] PHP   2. Autenticacion->__construct() C:\wamp64\www\PLATAFORMA_INTEGRADA\backend\api\actividad.php:21
[08-May-2026 21:24:50 America/Santo_Domingo] PHP   3. session_start() C:\wamp64\www\PLATAFORMA_INTEGRADA\backend\Autenticacion.php:14
[08-May-2026 21:24:53 America/Santo_Domingo] PHP Notice:  session_start(): Ignoring session_start() because a session is already active (started from C:\wamp64\www\PLATAFORMA_INTEGRADA\backend\api\actividad.php on line 19) in C:\wamp64\www\PLATAFORMA_INTEGRADA\backend\Autenticacion.php on line 14
[08-May-2026 21:24:53 America/Santo_Domingo] PHP Stack trace:
[08-May-2026 21:24:53 America/Santo_Domingo] PHP   1. {main}() C:\wamp64\www\PLATAFORMA_INTEGRADA\backend\api\actividad.php:0
[08-May-2026 21:24:53 America/Santo_Domingo] PHP   2. Autenticacion->__construct() C:\wamp64\www\PLATAFORMA_INTEGRADA\backend\api\actividad.php:21
[08-May-2026 21:24:53 America/Santo_Domingo] PHP   3. session_start() C:\wamp64\www\PLATAFORMA_INTEGRADA\backend\Autenticacion.php:14
[08-May-2026 21:24:55 America/Santo_Domingo] PHP Notice:  session_start(): Ignoring session_start() because a session is already active (started from C:\wamp64\www\PLATAFORMA_INTEGRADA\backend\api\actividad.php on line 19) in C:\wamp64\www\PLATAFORMA_INTEGRADA\backend\Autenticacion.php on line 14
[08-May-2026 21:24:55 America/Santo_Domingo] PHP Stack trace:
[08-May-2026 21:24:55 America/Santo_Domingo] PHP   1. {main}() C:\wamp64\www\PLATAFORMA_INTEGRADA\backend\api\actividad.php:0
[08-May-2026 21:24:55 America/Santo_Domingo] PHP   2. Autenticacion->__construct() C:\wamp64\www\PLATAFORMA_INTEGRADA\backend\api\actividad.php:21
[08-May-2026 21:24:55 America/Santo_Domingo] PHP   3. session_start() C:\wamp64\www\PLATAFORMA_INTEGRADA\backend\Autenticacion.php:14
[08-May-2026 21:24:56 America/Santo_Domingo] PHP Notice:  session_start(): Ignoring session_start() because a session is already active (started from C:\wamp64\www\PLATAFORMA_INTEGRADA\backend\api\actividad.php on line 19) in C:\wamp64\www\PLATAFORMA_INTEGRADA\backend\Autenticacion.php on line 14
[08-May-2026 21:24:56 America/Santo_Domingo] PHP Stack trace:
[08-May-2026 21:24:56 America/Santo_Domingo] PHP   1. {main}() C:\wamp64\www\PLATAFORMA_INTEGRADA\backend\api\actividad.php:0
[08-May-2026 21:24:56 America/Santo_Domingo] PHP   2. Autenticacion->__construct() C:\wamp64\www\PLATAFORMA_INTEGRADA\backend\api\actividad.php:21
[08-May-2026 21:24:56 America/Santo_Domingo] PHP   3. session_start() C:\wamp64\www\PLATAFORMA_INTEGRADA\backend\Autenticacion.php:14
[08-May-2026 21:24:59 America/Santo_Domingo] PHP Notice:  session_start(): Ignoring session_start() because a session is already active (started from C:\wamp64\www\PLATAFORMA_INTEGRADA\backend\api\actividad.php on line 19) in C:\wamp64\www\PLATAFORMA_INTEGRADA\backend\Autenticacion.php on line 14
[08-May-2026 21:24:59 America/Santo_Domingo] PHP Stack trace:
[08-May-2026 21:24:59 America/Santo_Domingo] PHP   1. {main}() C:\wamp64\www\PLATAFORMA_INTEGRADA\backend\api\actividad.php:0
[08-May-2026 21:24:59 America/Santo_Domingo] PHP   2. Autenticacion->__construct() C:\wamp64\www\PLATAFORMA_INTEGRADA\backend\api\actividad.php:21
[08-May-2026 21:24:59 America/Santo_Domingo] PHP   3. session_start() C:\wamp64\www\PLATAFORMA_INTEGRADA\backend\Autenticacion.php:14
[08-May-2026 21:25:05 America/Santo_Domingo] PHP Notice:  session_start(): Ignoring session_start() because a session is already active (started from C:\wamp64\www\PLATAFORMA_INTEGRADA\backend\api\actividad.php on line 19) in C:\wamp64\www\PLATAFORMA_INTEGRADA\backend\Autenticacion.php on line 14
[08-May-2026 21:25:05 America/Santo_Domingo] PHP Stack trace:
[08-May-2026 21:25:05 America/Santo_Domingo] PHP   1. {main}() C:\wamp64\www\PLATAFORMA_INTEGRADA\backend\api\actividad.php:0
[08-May-2026 21:25:05 America/Santo_Domingo] PHP   2. Autenticacion->__construct() C:\wamp64\www\PLATAFORMA_INTEGRADA\backend\api\actividad.php:21
[08-May-2026 21:25:05 America/Santo_Domingo] PHP   3. session_start() C:\wamp64\www\PLATAFORMA_INTEGRADA\backend\Autenticacion.php:14
[08-May-2026 21:27:59 America/Santo_Domingo] PHP Notice:  session_start(): Ignoring session_start() because a session is already active (started from C:\wamp64\www\PLATAFORMA_INTEGRADA\backend\api\actividad.php on line 19) in C:\wamp64\www\PLATAFORMA_INTEGRADA\backend\Autenticacion.php on line 14
[08-May-2026 21:27:59 America/Santo_Domingo] PHP Stack trace:
[08-May-2026 21:27:59 America/Santo_Domingo] PHP   1. {main}() C:\wamp64\www\PLATAFORMA_INTEGRADA\backend\api\actividad.php:0
[08-May-2026 21:27:59 America/Santo_Domingo] PHP   2. Autenticacion->__construct() C:\wamp64\www\PLATAFORMA_INTEGRADA\backend\api\actividad.php:21
[08-May-2026 21:27:59 America/Santo_Domingo] PHP   3. session_start() C:\wamp64\www\PLATAFORMA_INTEGRADA\backend\Autenticacion.php:14
[08-May-2026 21:28:02 America/Santo_Domingo] PHP Notice:  session_start(): Ignoring session_start() because a session is already active (started from C:\wamp64\www\PLATAFORMA_INTEGRADA\backend\api\actividad.php on line 19) in C:\wamp64\www\PLATAFORMA_INTEGRADA\backend\Autenticacion.php on line 14
[08-May-2026 21:28:02 America/Santo_Domingo] PHP Stack trace:
[08-May-2026 21:28:02 America/Santo_Domingo] PHP   1. {main}() C:\wamp64\www\PLATAFORMA_INTEGRADA\backend\api\actividad.php:0
[08-May-2026 21:28:02 America/Santo_Domingo] PHP   2. Autenticacion->__construct() C:\wamp64\www\PLATAFORMA_INTEGRADA\backend\api\actividad.php:21
[08-May-2026 21:28:02 America/Santo_Domingo] PHP   3. session_start() C:\wamp64\www\PLATAFORMA_INTEGRADA\backend\Autenticacion.php:14
[08-May-2026 21:28:06 America/Santo_Domingo] PHP Notice:  session_start(): Ignoring session_start() because a session is already active (started from C:\wamp64\www\PLATAFORMA_INTEGRADA\backend\api\actividad.php on line 19) in C:\wamp64\www\PLATAFORMA_INTEGRADA\backend\Autenticacion.php on line 14
[08-May-2026 21:28:06 America/Santo_Domingo] PHP Stack trace:
[08-May-2026 21:28:06 America/Santo_Domingo] PHP   1. {main}() C:\wamp64\www\PLATAFORMA_INTEGRADA\backend\api\actividad.php:0
[08-May-2026 21:28:06 America/Santo_Domingo] PHP   2. Autenticacion->__construct() C:\wamp64\www\PLATAFORMA_INTEGRADA\backend\api\actividad.php:21
[08-May-2026 21:28:06 America/Santo_Domingo] PHP   3. session_start() C:\wamp64\www\PLATAFORMA_INTEGRADA\backend\Autenticacion.php:14
[08-May-2026 21:28:09 America/Santo_Domingo] PHP Notice:  session_start(): Ignoring session_start() because a session is already active (started from C:\wamp64\www\PLATAFORMA_INTEGRADA\backend\api\actividad.php on line 19) in C:\wamp64\www\PLATAFORMA_INTEGRADA\backend\Autenticacion.php on line 14
[08-May-2026 21:28:09 America/Santo_Domingo] PHP Stack trace:
[08-May-2026 21:28:09 America/Santo_Domingo] PHP   1. {main}() C:\wamp64\www\PLATAFORMA_INTEGRADA\backend\api\actividad.php:0
[08-May-2026 21:28:09 America/Santo_Domingo] PHP   2. Autenticacion->__construct() C:\wamp64\www\PLATAFORMA_INTEGRADA\backend\api\actividad.php:21
[08-May-2026 21:28:09 America/Santo_Domingo] PHP   3. session_start() C:\wamp64\www\PLATAFORMA_INTEGRADA\backend\Autenticacion.php:14
[08-May-2026 21:28:11 America/Santo_Domingo] PHP Notice:  session_start(): Ignoring session_start() because a session is already active (started from C:\wamp64\www\PLATAFORMA_INTEGRADA\backend\api\actividad.php on line 19) in C:\wamp64\www\PLATAFORMA_INTEGRADA\backend\Autenticacion.php on line 14
[08-May-2026 21:28:11 America/Santo_Domingo] PHP Stack trace:
[08-May-2026 21:28:11 America/Santo_Domingo] PHP   1. {main}() C:\wamp64\www\PLATAFORMA_INTEGRADA\backend\api\actividad.php:0
[08-May-2026 21:28:11 America/Santo_Domingo] PHP   2. Autenticacion->__construct() C:\wamp64\www\PLATAFORMA_INTEGRADA\backend\api\actividad.php:21
[08-May-2026 21:28:11 America/Santo_Domingo] PHP   3. session_start() C:\wamp64\www\PLATAFORMA_INTEGRADA\backend\Autenticacion.php:14
[08-May-2026 21:28:13 America/Santo_Domingo] PHP Notice:  session_start(): Ignoring session_start() because a session is already active (started from C:\wamp64\www\PLATAFORMA_INTEGRADA\backend\api\actividad.php on line 19) in C:\wamp64\www\PLATAFORMA_INTEGRADA\backend\Autenticacion.php on line 14
[08-May-2026 21:28:13 America/Santo_Domingo] PHP Stack trace:
[08-May-2026 21:28:13 America/Santo_Domingo] PHP   1. {main}() C:\wamp64\www\PLATAFORMA_INTEGRADA\backend\api\actividad.php:0
[08-May-2026 21:28:13 America/Santo_Domingo] PHP   2. Autenticacion->__construct() C:\wamp64\www\PLATAFORMA_INTEGRADA\backend\api\actividad.php:21
[08-May-2026 21:28:13 America/Santo_Domingo] PHP   3. session_start() C:\wamp64\www\PLATAFORMA_INTEGRADA\backend\Autenticacion.php:14
[08-May-2026 21:28:14 America/Santo_Domingo] PHP Notice:  session_start(): Ignoring session_start() because a session is already active (started from C:\wamp64\www\PLATAFORMA_INTEGRADA\backend\api\actividad.php on line 19) in C:\wamp64\www\PLATAFORMA_INTEGRADA\backend\Autenticacion.php on line 14
[08-May-2026 21:28:14 America/Santo_Domingo] PHP Stack trace:
[08-May-2026 21:28:14 America/Santo_Domingo] PHP   1. {main}() C:\wamp64\www\PLATAFORMA_INTEGRADA\backend\api\actividad.php:0
[08-May-2026 21:28:14 America/Santo_Domingo] PHP   2. Autenticacion->__construct() C:\wamp64\www\PLATAFORMA_INTEGRADA\backend\api\actividad.php:21
[08-May-2026 21:28:14 America/Santo_Domingo] PHP   3. session_start() C:\wamp64\www\PLATAFORMA_INTEGRADA\backend\Autenticacion.php:14
[08-May-2026 21:28:16 America/Santo_Domingo] PHP Notice:  session_start(): Ignoring session_start() because a session is already active (started from C:\wamp64\www\PLATAFORMA_INTEGRADA\backend\api\actividad.php on line 19) in C:\wamp64\www\PLATAFORMA_INTEGRADA\backend\Autenticacion.php on line 14
[08-May-2026 21:28:16 America/Santo_Domingo] PHP Stack trace:
[08-May-2026 21:28:16 America/Santo_Domingo] PHP   1. {main}() C:\wamp64\www\PLATAFORMA_INTEGRADA\backend\api\actividad.php:0
[08-May-2026 21:28:16 America/Santo_Domingo] PHP   2. Autenticacion->__construct() C:\wamp64\www\PLATAFORMA_INTEGRADA\backend\api\actividad.php:21
[08-May-2026 21:28:16 America/Santo_Domingo] PHP   3. session_start() C:\wamp64\www\PLATAFORMA_INTEGRADA\backend\Autenticacion.php:14
[08-May-2026 21:28:26 America/Santo_Domingo] PHP Notice:  session_start(): Ignoring session_start() because a session is already active (started from C:\wamp64\www\PLATAFORMA_INTEGRADA\backend\api\actividad.php on line 19) in C:\wamp64\www\PLATAFORMA_INTEGRADA\backend\Autenticacion.php on line 14
[08-May-2026 21:28:26 America/Santo_Domingo] PHP Stack trace:
[08-May-2026 21:28:26 America/Santo_Domingo] PHP   1. {main}() C:\wamp64\www\PLATAFORMA_INTEGRADA\backend\api\actividad.php:0
[08-May-2026 21:28:26 America/Santo_Domingo] PHP   2. Autenticacion->__construct() C:\wamp64\www\PLATAFORMA_INTEGRADA\backend\api\actividad.php:21
[08-May-2026 21:28:26 America/Santo_Domingo] PHP   3. session_start() C:\wamp64\www\PLATAFORMA_INTEGRADA\backend\Autenticacion.php:14
[08-May-2026 21:28:28 America/Santo_Domingo] PHP Notice:  session_start(): Ignoring session_start() because a session is already active (started from C:\wamp64\www\PLATAFORMA_INTEGRADA\backend\api\actividad.php on line 19) in C:\wamp64\www\PLATAFORMA_INTEGRADA\backend\Autenticacion.php on line 14
[08-May-2026 21:28:28 America/Santo_Domingo] PHP Stack trace:
[08-May-2026 21:28:28 America/Santo_Domingo] PHP   1. {main}() C:\wamp64\www\PLATAFORMA_INTEGRADA\backend\api\actividad.php:0
[08-May-2026 21:28:28 America/Santo_Domingo] PHP   2. Autenticacion->__construct() C:\wamp64\www\PLATAFORMA_INTEGRADA\backend\api\actividad.php:21
[08-May-2026 21:28:28 America/Santo_Domingo] PHP   3. session_start() C:\wamp64\www\PLATAFORMA_INTEGRADA\backend\Autenticacion.php:14
[08-May-2026 21:29:36 America/Santo_Domingo] PHP Notice:  session_start(): Ignoring session_start() because a session is already active (started from C:\wamp64\www\PLATAFORMA_INTEGRADA\backend\api\actividad.php on line 19) in C:\wamp64\www\PLATAFORMA_INTEGRADA\backend\Autenticacion.php on line 14
[08-May-2026 21:29:36 America/Santo_Domingo] PHP Stack trace:
[08-May-2026 21:29:36 America/Santo_Domingo] PHP   1. {main}() C:\wamp64\www\PLATAFORMA_INTEGRADA\backend\api\actividad.php:0
[08-May-2026 21:29:36 America/Santo_Domingo] PHP   2. Autenticacion->__construct() C:\wamp64\www\PLATAFORMA_INTEGRADA\backend\api\actividad.php:21
[08-May-2026 21:29:36 America/Santo_Domingo] PHP   3. session_start() C:\wamp64\www\PLATAFORMA_INTEGRADA\backend\Autenticacion.php:14
[08-May-2026 21:29:45 America/Santo_Domingo] PHP Notice:  session_start(): Ignoring session_start() because a session is already active (started from C:\wamp64\www\PLATAFORMA_INTEGRADA\backend\api\actividad.php on line 19) in C:\wamp64\www\PLATAFORMA_INTEGRADA\backend\Autenticacion.php on line 14
[08-May-2026 21:29:45 America/Santo_Domingo] PHP Stack trace:
[08-May-2026 21:29:45 America/Santo_Domingo] PHP   1. {main}() C:\wamp64\www\PLATAFORMA_INTEGRADA\backend\api\actividad.php:0
[08-May-2026 21:29:45 America/Santo_Domingo] PHP   2. Autenticacion->__construct() C:\wamp64\www\PLATAFORMA_INTEGRADA\backend\api\actividad.php:21
[08-May-2026 21:29:45 America/Santo_Domingo] PHP   3. session_start() C:\wamp64\www\PLATAFORMA_INTEGRADA\backend\Autenticacion.php:14
[08-May-2026 21:30:19 America/Santo_Domingo] PHP Notice:  session_start(): Ignoring session_start() because a session is already active (started from C:\wamp64\www\PLATAFORMA_INTEGRADA\backend\api\actividad.php on line 19) in C:\wamp64\www\PLATAFORMA_INTEGRADA\backend\Autenticacion.php on line 14
[08-May-2026 21:30:19 America/Santo_Domingo] PHP Stack trace:
[08-May-2026 21:30:19 America/Santo_Domingo] PHP   1. {main}() C:\wamp64\www\PLATAFORMA_INTEGRADA\backend\api\actividad.php:0
[08-May-2026 21:30:19 America/Santo_Domingo] PHP   2. Autenticacion->__construct() C:\wamp64\www\PLATAFORMA_INTEGRADA\backend\api\actividad.php:21
[08-May-2026 21:30:19 America/Santo_Domingo] PHP   3. session_start() C:\wamp64\www\PLATAFORMA_INTEGRADA\backend\Autenticacion.php:14
[08-May-2026 21:31:02 America/Santo_Domingo] Finance Lab Input: {"evento":"EMISION_POLIZA","monto":"5000"}
[08-May-2026 21:31:02 America/Santo_Domingo] Finance Lab Evento: EMISION_POLIZA, Payload: {"id":475,"modulo":"LAB_TEST","numero":"TEST-3102","total":5000,"monto_total":5000,"monto_neto":4410,"comision":500,"itbis":90,"monto_cobrado":5000,"monto_bruto":500,"retencion_isr":50,"agente":"Agente Prueba Lab"}
[08-May-2026 21:31:33 America/Santo_Domingo] Finance Lab Input: {"evento":"COBRO_PRIMA","monto":"5000"}
[08-May-2026 21:31:33 America/Santo_Domingo] Finance Lab Evento: COBRO_PRIMA, Payload: {"id":341,"modulo":"LAB_TEST","numero":"TEST-3133","total":5000,"monto_total":5000,"monto_neto":450,"comision":500,"itbis":90,"monto_cobrado":5000,"monto_bruto":500,"retencion_isr":50,"agente":"Agente Prueba Lab"}
[09-May-2026 00:09:46 America/Santo_Domingo] PHP Notice:  session_start(): Ignoring session_start() because a session is already active (started from C:\wamp64\www\PLATAFORMA_INTEGRADA\backend\api\actividad.php on line 19) in C:\wamp64\www\PLATAFORMA_INTEGRADA\backend\Autenticacion.php on line 14
[09-May-2026 00:09:46 America/Santo_Domingo] PHP Stack trace:
[09-May-2026 00:09:46 America/Santo_Domingo] PHP   1. {main}() C:\wamp64\www\PLATAFORMA_INTEGRADA\backend\api\actividad.php:0
[09-May-2026 00:09:46 America/Santo_Domingo] PHP   2. Autenticacion->__construct() C:\wamp64\www\PLATAFORMA_INTEGRADA\backend\api\actividad.php:21
[09-May-2026 00:09:46 America/Santo_Domingo] PHP   3. session_start() C:\wamp64\www\PLATAFORMA_INTEGRADA\backend\Autenticacion.php:14
[09-May-2026 00:09:49 America/Santo_Domingo] PHP Notice:  session_start(): Ignoring session_start() because a session is already active (started from C:\wamp64\www\PLATAFORMA_INTEGRADA\backend\api\actividad.php on line 19) in C:\wamp64\www\PLATAFORMA_INTEGRADA\backend\Autenticacion.php on line 14
[09-May-2026 00:09:49 America/Santo_Domingo] PHP Stack trace:
[09-May-2026 00:09:49 America/Santo_Domingo] PHP   1. {main}() C:\wamp64\www\PLATAFORMA_INTEGRADA\backend\api\actividad.php:0
[09-May-2026 00:09:49 America/Santo_Domingo] PHP   2. Autenticacion->__construct() C:\wamp64\www\PLATAFORMA_INTEGRADA\backend\api\actividad.php:21
[09-May-2026 00:09:49 America/Santo_Domingo] PHP   3. session_start() C:\wamp64\www\PLATAFORMA_INTEGRADA\backend\Autenticacion.php:14
[09-May-2026 00:09:55 America/Santo_Domingo] PHP Notice:  session_start(): Ignoring session_start() because a session is already active (started from C:\wamp64\www\PLATAFORMA_INTEGRADA\backend\api\actividad.php on line 19) in C:\wamp64\www\PLATAFORMA_INTEGRADA\backend\Autenticacion.php on line 14
[09-May-2026 00:09:55 America/Santo_Domingo] PHP Stack trace:
[09-May-2026 00:09:55 America/Santo_Domingo] PHP   1. {main}() C:\wamp64\www\PLATAFORMA_INTEGRADA\backend\api\actividad.php:0
[09-May-2026 00:09:55 America/Santo_Domingo] PHP   2. Autenticacion->__construct() C:\wamp64\www\PLATAFORMA_INTEGRADA\backend\api\actividad.php:21
[09-May-2026 00:09:55 America/Santo_Domingo] PHP   3. session_start() C:\wamp64\www\PLATAFORMA_INTEGRADA\backend\Autenticacion.php:14
[09-May-2026 00:10:01 America/Santo_Domingo] PHP Notice:  session_start(): Ignoring session_start() because a session is already active (started from C:\wamp64\www\PLATAFORMA_INTEGRADA\backend\api\actividad.php on line 19) in C:\wamp64\www\PLATAFORMA_INTEGRADA\backend\Autenticacion.php on line 14
[09-May-2026 00:10:01 America/Santo_Domingo] PHP Stack trace:
[09-May-2026 00:10:01 America/Santo_Domingo] PHP   1. {main}() C:\wamp64\www\PLATAFORMA_INTEGRADA\backend\api\actividad.php:0
[09-May-2026 00:10:01 America/Santo_Domingo] PHP   2. Autenticacion->__construct() C:\wamp64\www\PLATAFORMA_INTEGRADA\backend\api\actividad.php:21
[09-May-2026 00:10:01 America/Santo_Domingo] PHP   3. session_start() C:\wamp64\www\PLATAFORMA_INTEGRADA\backend\Autenticacion.php:14
[09-May-2026 00:10:21 America/Santo_Domingo] PHP Notice:  session_start(): Ignoring session_start() because a session is already active (started from C:\wamp64\www\PLATAFORMA_INTEGRADA\backend\api\actividad.php on line 19) in C:\wamp64\www\PLATAFORMA_INTEGRADA\backend\Autenticacion.php on line 14
[09-May-2026 00:10:21 America/Santo_Domingo] PHP Stack trace:
[09-May-2026 00:10:21 America/Santo_Domingo] PHP   1. {main}() C:\wamp64\www\PLATAFORMA_INTEGRADA\backend\api\actividad.php:0
[09-May-2026 00:10:21 America/Santo_Domingo] PHP   2. Autenticacion->__construct() C:\wamp64\www\PLATAFORMA_INTEGRADA\backend\api\actividad.php:21
[09-May-2026 00:10:21 America/Santo_Domingo] PHP   3. session_start() C:\wamp64\www\PLATAFORMA_INTEGRADA\backend\Autenticacion.php:14
[09-May-2026 00:10:24 America/Santo_Domingo] PHP Notice:  session_start(): Ignoring session_start() because a session is already active (started from C:\wamp64\www\PLATAFORMA_INTEGRADA\backend\api\actividad.php on line 19) in C:\wamp64\www\PLATAFORMA_INTEGRADA\backend\Autenticacion.php on line 14
[09-May-2026 00:10:24 America/Santo_Domingo] PHP Stack trace:
[09-May-2026 00:10:24 America/Santo_Domingo] PHP   1. {main}() C:\wamp64\www\PLATAFORMA_INTEGRADA\backend\api\actividad.php:0
[09-May-2026 00:10:24 America/Santo_Domingo] PHP   2. Autenticacion->__construct() C:\wamp64\www\PLATAFORMA_INTEGRADA\backend\api\actividad.php:21
[09-May-2026 00:10:24 America/Santo_Domingo] PHP   3. session_start() C:\wamp64\www\PLATAFORMA_INTEGRADA\backend\Autenticacion.php:14
[09-May-2026 00:14:31 America/Santo_Domingo] PHP Notice:  session_start(): Ignoring session_start() because a session is already active (started from C:\wamp64\www\PLATAFORMA_INTEGRADA\backend\api\actividad.php on line 19) in C:\wamp64\www\PLATAFORMA_INTEGRADA\backend\Autenticacion.php on line 14
[09-May-2026 00:14:31 America/Santo_Domingo] PHP Stack trace:
[09-May-2026 00:14:31 America/Santo_Domingo] PHP   1. {main}() C:\wamp64\www\PLATAFORMA_INTEGRADA\backend\api\actividad.php:0
[09-May-2026 00:14:31 America/Santo_Domingo] PHP   2. Autenticacion->__construct() C:\wamp64\www\PLATAFORMA_INTEGRADA\backend\api\actividad.php:21
[09-May-2026 00:14:31 America/Santo_Domingo] PHP   3. session_start() C:\wamp64\www\PLATAFORMA_INTEGRADA\backend\Autenticacion.php:14
[09-May-2026 00:14:33 America/Santo_Domingo] PHP Notice:  session_start(): Ignoring session_start() because a session is already active (started from C:\wamp64\www\PLATAFORMA_INTEGRADA\backend\api\actividad.php on line 19) in C:\wamp64\www\PLATAFORMA_INTEGRADA\backend\Autenticacion.php on line 14
[09-May-2026 00:14:33 America/Santo_Domingo] PHP Stack trace:
[09-May-2026 00:14:33 America/Santo_Domingo] PHP   1. {main}() C:\wamp64\www\PLATAFORMA_INTEGRADA\backend\api\actividad.php:0
[09-May-2026 00:14:33 America/Santo_Domingo] PHP   2. Autenticacion->__construct() C:\wamp64\www\PLATAFORMA_INTEGRADA\backend\api\actividad.php:21
[09-May-2026 00:14:33 America/Santo_Domingo] PHP   3. session_start() C:\wamp64\www\PLATAFORMA_INTEGRADA\backend\Autenticacion.php:14
[09-May-2026 00:17:08 America/Santo_Domingo] PHP Notice:  session_start(): Ignoring session_start() because a session is already active (started from C:\wamp64\www\PLATAFORMA_INTEGRADA\backend\api\actividad.php on line 19) in C:\wamp64\www\PLATAFORMA_INTEGRADA\backend\Autenticacion.php on line 14
[09-May-2026 00:17:08 America/Santo_Domingo] PHP Stack trace:
[09-May-2026 00:17:08 America/Santo_Domingo] PHP   1. {main}() C:\wamp64\www\PLATAFORMA_INTEGRADA\backend\api\actividad.php:0
[09-May-2026 00:17:08 America/Santo_Domingo] PHP   2. Autenticacion->__construct() C:\wamp64\www\PLATAFORMA_INTEGRADA\backend\api\actividad.php:21
[09-May-2026 00:17:09 America/Santo_Domingo] PHP   3. session_start() C:\wamp64\www\PLATAFORMA_INTEGRADA\backend\Autenticacion.php:14
[09-May-2026 00:19:01 America/Santo_Domingo] PHP Notice:  session_start(): Ignoring session_start() because a session is already active (started from C:\wamp64\www\PLATAFORMA_INTEGRADA\backend\api\actividad.php on line 19) in C:\wamp64\www\PLATAFORMA_INTEGRADA\backend\Autenticacion.php on line 14
[09-May-2026 00:19:01 America/Santo_Domingo] PHP Stack trace:
[09-May-2026 00:19:01 America/Santo_Domingo] PHP   1. {main}() C:\wamp64\www\PLATAFORMA_INTEGRADA\backend\api\actividad.php:0
[09-May-2026 00:19:01 America/Santo_Domingo] PHP   2. Autenticacion->__construct() C:\wamp64\www\PLATAFORMA_INTEGRADA\backend\api\actividad.php:21
[09-May-2026 00:19:01 America/Santo_Domingo] PHP   3. session_start() C:\wamp64\www\PLATAFORMA_INTEGRADA\backend\Autenticacion.php:14
[09-May-2026 00:19:52 America/Santo_Domingo] PHP Notice:  session_start(): Ignoring session_start() because a session is already active (started from C:\wamp64\www\PLATAFORMA_INTEGRADA\backend\api\actividad.php on line 19) in C:\wamp64\www\PLATAFORMA_INTEGRADA\backend\Autenticacion.php on line 14
[09-May-2026 00:19:52 America/Santo_Domingo] PHP Stack trace:
[09-May-2026 00:19:52 America/Santo_Domingo] PHP   1. {main}() C:\wamp64\www\PLATAFORMA_INTEGRADA\backend\api\actividad.php:0
[09-May-2026 00:19:52 America/Santo_Domingo] PHP   2. Autenticacion->__construct() C:\wamp64\www\PLATAFORMA_INTEGRADA\backend\api\actividad.php:21
[09-May-2026 00:19:52 America/Santo_Domingo] PHP   3. session_start() C:\wamp64\www\PLATAFORMA_INTEGRADA\backend\Autenticacion.php:14
[09-May-2026 00:19:53 America/Santo_Domingo] PHP Notice:  session_start(): Ignoring session_start() because a session is already active (started from C:\wamp64\www\PLATAFORMA_INTEGRADA\backend\api\actividad.php on line 19) in C:\wamp64\www\PLATAFORMA_INTEGRADA\backend\Autenticacion.php on line 14
[09-May-2026 00:19:53 America/Santo_Domingo] PHP Stack trace:
[09-May-2026 00:19:53 America/Santo_Domingo] PHP   1. {main}() C:\wamp64\www\PLATAFORMA_INTEGRADA\backend\api\actividad.php:0
[09-May-2026 00:19:53 America/Santo_Domingo] PHP   2. Autenticacion->__construct() C:\wamp64\www\PLATAFORMA_INTEGRADA\backend\api\actividad.php:21
[09-May-2026 00:19:53 America/Santo_Domingo] PHP   3. session_start() C:\wamp64\www\PLATAFORMA_INTEGRADA\backend\Autenticacion.php:14
[09-May-2026 00:20:02 America/Santo_Domingo] PHP Notice:  session_start(): Ignoring session_start() because a session is already active (started from C:\wamp64\www\PLATAFORMA_INTEGRADA\backend\api\actividad.php on line 19) in C:\wamp64\www\PLATAFORMA_INTEGRADA\backend\Autenticacion.php on line 14
[09-May-2026 00:20:02 America/Santo_Domingo] PHP Stack trace:
[09-May-2026 00:20:02 America/Santo_Domingo] PHP   1. {main}() C:\wamp64\www\PLATAFORMA_INTEGRADA\backend\api\actividad.php:0
[09-May-2026 00:20:02 America/Santo_Domingo] PHP   2. Autenticacion->__construct() C:\wamp64\www\PLATAFORMA_INTEGRADA\backend\api\actividad.php:21
[09-May-2026 00:20:02 America/Santo_Domingo] PHP   3. session_start() C:\wamp64\www\PLATAFORMA_INTEGRADA\backend\Autenticacion.php:14
[09-May-2026 00:20:07 America/Santo_Domingo] PHP Notice:  session_start(): Ignoring session_start() because a session is already active (started from C:\wamp64\www\PLATAFORMA_INTEGRADA\backend\api\actividad.php on line 19) in C:\wamp64\www\PLATAFORMA_INTEGRADA\backend\Autenticacion.php on line 14
[09-May-2026 00:20:07 America/Santo_Domingo] PHP Stack trace:
[09-May-2026 00:20:07 America/Santo_Domingo] PHP   1. {main}() C:\wamp64\www\PLATAFORMA_INTEGRADA\backend\api\actividad.php:0
[09-May-2026 00:20:07 America/Santo_Domingo] PHP   2. Autenticacion->__construct() C:\wamp64\www\PLATAFORMA_INTEGRADA\backend\api\actividad.php:21
[09-May-2026 00:20:07 America/Santo_Domingo] PHP   3. session_start() C:\wamp64\www\PLATAFORMA_INTEGRADA\backend\Autenticacion.php:14
[09-May-2026 00:20:13 America/Santo_Domingo] PHP Notice:  session_start(): Ignoring session_start() because a session is already active (started from C:\wamp64\www\PLATAFORMA_INTEGRADA\backend\api\actividad.php on line 19) in C:\wamp64\www\PLATAFORMA_INTEGRADA\backend\Autenticacion.php on line 14
[09-May-2026 00:20:13 America/Santo_Domingo] PHP Stack trace:
[09-May-2026 00:20:13 America/Santo_Domingo] PHP   1. {main}() C:\wamp64\www\PLATAFORMA_INTEGRADA\backend\api\actividad.php:0
[09-May-2026 00:20:13 America/Santo_Domingo] PHP   2. Autenticacion->__construct() C:\wamp64\www\PLATAFORMA_INTEGRADA\backend\api\actividad.php:21
[09-May-2026 00:20:13 America/Santo_Domingo] PHP   3. session_start() C:\wamp64\www\PLATAFORMA_INTEGRADA\backend\Autenticacion.php:14
[09-May-2026 00:21:00 America/Santo_Domingo] PHP Notice:  session_start(): Ignoring session_start() because a session is already active (started from C:\wamp64\www\PLATAFORMA_INTEGRADA\backend\api\actividad.php on line 19) in C:\wamp64\www\PLATAFORMA_INTEGRADA\backend\Autenticacion.php on line 14
[09-May-2026 00:21:00 America/Santo_Domingo] PHP Stack trace:
[09-May-2026 00:21:00 America/Santo_Domingo] PHP   1. {main}() C:\wamp64\www\PLATAFORMA_INTEGRADA\backend\api\actividad.php:0
[09-May-2026 00:21:00 America/Santo_Domingo] PHP   2. Autenticacion->__construct() C:\wamp64\www\PLATAFORMA_INTEGRADA\backend\api\actividad.php:21
[09-May-2026 00:21:00 America/Santo_Domingo] PHP   3. session_start() C:\wamp64\www\PLATAFORMA_INTEGRADA\backend\Autenticacion.php:14
[09-May-2026 00:21:03 America/Santo_Domingo] PHP Notice:  session_start(): Ignoring session_start() because a session is already active (started from C:\wamp64\www\PLATAFORMA_INTEGRADA\backend\api\actividad.php on line 19) in C:\wamp64\www\PLATAFORMA_INTEGRADA\backend\Autenticacion.php on line 14
[09-May-2026 00:21:03 America/Santo_Domingo] PHP Stack trace:
[09-May-2026 00:21:03 America/Santo_Domingo] PHP   1. {main}() C:\wamp64\www\PLATAFORMA_INTEGRADA\backend\api\actividad.php:0
[09-May-2026 00:21:03 America/Santo_Domingo] PHP   2. Autenticacion->__construct() C:\wamp64\www\PLATAFORMA_INTEGRADA\backend\api\actividad.php:21
[09-May-2026 00:21:03 America/Santo_Domingo] PHP   3. session_start() C:\wamp64\www\PLATAFORMA_INTEGRADA\backend\Autenticacion.php:14
[09-May-2026 00:21:04 America/Santo_Domingo] PHP Notice:  session_start(): Ignoring session_start() because a session is already active (started from C:\wamp64\www\PLATAFORMA_INTEGRADA\backend\api\actividad.php on line 19) in C:\wamp64\www\PLATAFORMA_INTEGRADA\backend\Autenticacion.php on line 14
[09-May-2026 00:21:04 America/Santo_Domingo] PHP Stack trace:
[09-May-2026 00:21:04 America/Santo_Domingo] PHP   1. {main}() C:\wamp64\www\PLATAFORMA_INTEGRADA\backend\api\actividad.php:0
[09-May-2026 00:21:04 America/Santo_Domingo] PHP   2. Autenticacion->__construct() C:\wamp64\www\PLATAFORMA_INTEGRADA\backend\api\actividad.php:21
[09-May-2026 00:21:04 America/Santo_Domingo] PHP   3. session_start() C:\wamp64\www\PLATAFORMA_INTEGRADA\backend\Autenticacion.php:14
[09-May-2026 00:21:05 America/Santo_Domingo] PHP Notice:  session_start(): Ignoring session_start() because a session is already active (started from C:\wamp64\www\PLATAFORMA_INTEGRADA\backend\api\actividad.php on line 19) in C:\wamp64\www\PLATAFORMA_INTEGRADA\backend\Autenticacion.php on line 14
[09-May-2026 00:21:05 America/Santo_Domingo] PHP Stack trace:
[09-May-2026 00:21:05 America/Santo_Domingo] PHP   1. {main}() C:\wamp64\www\PLATAFORMA_INTEGRADA\backend\api\actividad.php:0
[09-May-2026 00:21:05 America/Santo_Domingo] PHP   2. Autenticacion->__construct() C:\wamp64\www\PLATAFORMA_INTEGRADA\backend\api\actividad.php:21
[09-May-2026 00:21:05 America/Santo_Domingo] PHP   3. session_start() C:\wamp64\www\PLATAFORMA_INTEGRADA\backend\Autenticacion.php:14
[09-May-2026 00:21:07 America/Santo_Domingo] PHP Notice:  session_start(): Ignoring session_start() because a session is already active (started from C:\wamp64\www\PLATAFORMA_INTEGRADA\backend\api\actividad.php on line 19) in C:\wamp64\www\PLATAFORMA_INTEGRADA\backend\Autenticacion.php on line 14
[09-May-2026 00:21:07 America/Santo_Domingo] PHP Stack trace:
[09-May-2026 00:21:07 America/Santo_Domingo] PHP   1. {main}() C:\wamp64\www\PLATAFORMA_INTEGRADA\backend\api\actividad.php:0
[09-May-2026 00:21:07 America/Santo_Domingo] PHP   2. Autenticacion->__construct() C:\wamp64\www\PLATAFORMA_INTEGRADA\backend\api\actividad.php:21
[09-May-2026 00:21:07 America/Santo_Domingo] PHP   3. session_start() C:\wamp64\www\PLATAFORMA_INTEGRADA\backend\Autenticacion.php:14
[09-May-2026 00:21:13 America/Santo_Domingo] PHP Notice:  session_start(): Ignoring session_start() because a session is already active (started from C:\wamp64\www\PLATAFORMA_INTEGRADA\backend\api\actividad.php on line 19) in C:\wamp64\www\PLATAFORMA_INTEGRADA\backend\Autenticacion.php on line 14
[09-May-2026 00:21:13 America/Santo_Domingo] PHP Stack trace:
[09-May-2026 00:21:13 America/Santo_Domingo] PHP   1. {main}() C:\wamp64\www\PLATAFORMA_INTEGRADA\backend\api\actividad.php:0
[09-May-2026 00:21:13 America/Santo_Domingo] PHP   2. Autenticacion->__construct() C:\wamp64\www\PLATAFORMA_INTEGRADA\backend\api\actividad.php:21
[09-May-2026 00:21:13 America/Santo_Domingo] PHP   3. session_start() C:\wamp64\www\PLATAFORMA_INTEGRADA\backend\Autenticacion.php:14
[09-May-2026 00:21:16 America/Santo_Domingo] PHP Notice:  session_start(): Ignoring session_start() because a session is already active (started from C:\wamp64\www\PLATAFORMA_INTEGRADA\backend\api\actividad.php on line 19) in C:\wamp64\www\PLATAFORMA_INTEGRADA\backend\Autenticacion.php on line 14
[09-May-2026 00:21:16 America/Santo_Domingo] PHP Stack trace:
[09-May-2026 00:21:16 America/Santo_Domingo] PHP   1. {main}() C:\wamp64\www\PLATAFORMA_INTEGRADA\backend\api\actividad.php:0
[09-May-2026 00:21:16 America/Santo_Domingo] PHP   2. Autenticacion->__construct() C:\wamp64\www\PLATAFORMA_INTEGRADA\backend\api\actividad.php:21
[09-May-2026 00:21:16 America/Santo_Domingo] PHP   3. session_start() C:\wamp64\www\PLATAFORMA_INTEGRADA\backend\Autenticacion.php:14
[09-May-2026 00:21:18 America/Santo_Domingo] PHP Notice:  session_start(): Ignoring session_start() because a session is already active (started from C:\wamp64\www\PLATAFORMA_INTEGRADA\backend\api\actividad.php on line 19) in C:\wamp64\www\PLATAFORMA_INTEGRADA\backend\Autenticacion.php on line 14
[09-May-2026 00:21:18 America/Santo_Domingo] PHP Stack trace:
[09-May-2026 00:21:18 America/Santo_Domingo] PHP   1. {main}() C:\wamp64\www\PLATAFORMA_INTEGRADA\backend\api\actividad.php:0
[09-May-2026 00:21:18 America/Santo_Domingo] PHP   2. Autenticacion->__construct() C:\wamp64\www\PLATAFORMA_INTEGRADA\backend\api\actividad.php:21
[09-May-2026 00:21:18 America/Santo_Domingo] PHP   3. session_start() C:\wamp64\www\PLATAFORMA_INTEGRADA\backend\Autenticacion.php:14
[09-May-2026 00:21:21 America/Santo_Domingo] PHP Notice:  session_start(): Ignoring session_start() because a session is already active (started from C:\wamp64\www\PLATAFORMA_INTEGRADA\backend\api\actividad.php on line 19) in C:\wamp64\www\PLATAFORMA_INTEGRADA\backend\Autenticacion.php on line 14
[09-May-2026 00:21:21 America/Santo_Domingo] PHP Stack trace:
[09-May-2026 00:21:21 America/Santo_Domingo] PHP   1. {main}() C:\wamp64\www\PLATAFORMA_INTEGRADA\backend\api\actividad.php:0
[09-May-2026 00:21:21 America/Santo_Domingo] PHP   2. Autenticacion->__construct() C:\wamp64\www\PLATAFORMA_INTEGRADA\backend\api\actividad.php:21
[09-May-2026 00:21:21 America/Santo_Domingo] PHP   3. session_start() C:\wamp64\www\PLATAFORMA_INTEGRADA\backend\Autenticacion.php:14
[09-May-2026 00:21:51 America/Santo_Domingo] PHP Notice:  session_start(): Ignoring session_start() because a session is already active (started from C:\wamp64\www\PLATAFORMA_INTEGRADA\backend\api\actividad.php on line 19) in C:\wamp64\www\PLATAFORMA_INTEGRADA\backend\Autenticacion.php on line 14
[09-May-2026 00:21:51 America/Santo_Domingo] PHP Stack trace:
[09-May-2026 00:21:51 America/Santo_Domingo] PHP   1. {main}() C:\wamp64\www\PLATAFORMA_INTEGRADA\backend\api\actividad.php:0
[09-May-2026 00:21:51 America/Santo_Domingo] PHP   2. Autenticacion->__construct() C:\wamp64\www\PLATAFORMA_INTEGRADA\backend\api\actividad.php:21
[09-May-2026 00:21:51 America/Santo_Domingo] PHP   3. session_start() C:\wamp64\www\PLATAFORMA_INTEGRADA\backend\Autenticacion.php:14
[09-May-2026 00:21:58 America/Santo_Domingo] PHP Notice:  session_start(): Ignoring session_start() because a session is already active (started from C:\wamp64\www\PLATAFORMA_INTEGRADA\backend\api\actividad.php on line 19) in C:\wamp64\www\PLATAFORMA_INTEGRADA\backend\Autenticacion.php on line 14
[09-May-2026 00:21:58 America/Santo_Domingo] PHP Stack trace:
[09-May-2026 00:21:58 America/Santo_Domingo] PHP   1. {main}() C:\wamp64\www\PLATAFORMA_INTEGRADA\backend\api\actividad.php:0
[09-May-2026 00:21:58 America/Santo_Domingo] PHP   2. Autenticacion->__construct() C:\wamp64\www\PLATAFORMA_INTEGRADA\backend\api\actividad.php:21
[09-May-2026 00:21:58 America/Santo_Domingo] PHP   3. session_start() C:\wamp64\www\PLATAFORMA_INTEGRADA\backend\Autenticacion.php:14
[09-May-2026 00:29:15 America/Santo_Domingo] PHP Notice:  session_start(): Ignoring session_start() because a session is already active (started from C:\wamp64\www\PLATAFORMA_INTEGRADA\backend\api\actividad.php on line 19) in C:\wamp64\www\PLATAFORMA_INTEGRADA\backend\Autenticacion.php on line 14
[09-May-2026 00:29:15 America/Santo_Domingo] PHP Stack trace:
[09-May-2026 00:29:15 America/Santo_Domingo] PHP   1. {main}() C:\wamp64\www\PLATAFORMA_INTEGRADA\backend\api\actividad.php:0
[09-May-2026 00:29:15 America/Santo_Domingo] PHP   2. Autenticacion->__construct() C:\wamp64\www\PLATAFORMA_INTEGRADA\backend\api\actividad.php:21
[09-May-2026 00:29:15 America/Santo_Domingo] PHP   3. session_start() C:\wamp64\www\PLATAFORMA_INTEGRADA\backend\Autenticacion.php:14
[09-May-2026 00:29:18 America/Santo_Domingo] PHP Notice:  session_start(): Ignoring session_start() because a session is already active (started from C:\wamp64\www\PLATAFORMA_INTEGRADA\backend\api\actividad.php on line 19) in C:\wamp64\www\PLATAFORMA_INTEGRADA\backend\Autenticacion.php on line 14
[09-May-2026 00:29:18 America/Santo_Domingo] PHP Stack trace:
[09-May-2026 00:29:18 America/Santo_Domingo] PHP   1. {main}() C:\wamp64\www\PLATAFORMA_INTEGRADA\backend\api\actividad.php:0
[09-May-2026 00:29:18 America/Santo_Domingo] PHP   2. Autenticacion->__construct() C:\wamp64\www\PLATAFORMA_INTEGRADA\backend\api\actividad.php:21
[09-May-2026 00:29:18 America/Santo_Domingo] PHP   3. session_start() C:\wamp64\www\PLATAFORMA_INTEGRADA\backend\Autenticacion.php:14
[09-May-2026 00:29:24 America/Santo_Domingo] PHP Notice:  session_start(): Ignoring session_start() because a session is already active (started from C:\wamp64\www\PLATAFORMA_INTEGRADA\backend\api\actividad.php on line 19) in C:\wamp64\www\PLATAFORMA_INTEGRADA\backend\Autenticacion.php on line 14
[09-May-2026 00:29:24 America/Santo_Domingo] PHP Stack trace:
[09-May-2026 00:29:24 America/Santo_Domingo] PHP   1. {main}() C:\wamp64\www\PLATAFORMA_INTEGRADA\backend\api\actividad.php:0
[09-May-2026 00:29:24 America/Santo_Domingo] PHP   2. Autenticacion->__construct() C:\wamp64\www\PLATAFORMA_INTEGRADA\backend\api\actividad.php:21
[09-May-2026 00:29:24 America/Santo_Domingo] PHP   3. session_start() C:\wamp64\www\PLATAFORMA_INTEGRADA\backend\Autenticacion.php:14
[09-May-2026 00:29:48 America/Santo_Domingo] NCFManager Error: Table 'masque_fianzas_integrada_01.cf_ncf_log' doesn't exist
[09-May-2026 00:30:33 America/Santo_Domingo] NCFManager Error: Table 'masque_fianzas_integrada_01.cf_ncf_log' doesn't exist
[09-May-2026 00:30:36 America/Santo_Domingo] NCFManager Error: Table 'masque_fianzas_integrada_01.cf_ncf_log' doesn't exist
[09-May-2026 00:31:31 America/Santo_Domingo] PHP Notice:  session_start(): Ignoring session_start() because a session is already active (started from C:\wamp64\www\PLATAFORMA_INTEGRADA\backend\api\actividad.php on line 19) in C:\wamp64\www\PLATAFORMA_INTEGRADA\backend\Autenticacion.php on line 14
[09-May-2026 00:31:31 America/Santo_Domingo] PHP Stack trace:
[09-May-2026 00:31:31 America/Santo_Domingo] PHP   1. {main}() C:\wamp64\www\PLATAFORMA_INTEGRADA\backend\api\actividad.php:0
[09-May-2026 00:31:31 America/Santo_Domingo] PHP   2. Autenticacion->__construct() C:\wamp64\www\PLATAFORMA_INTEGRADA\backend\api\actividad.php:21
[09-May-2026 00:31:31 America/Santo_Domingo] PHP   3. session_start() C:\wamp64\www\PLATAFORMA_INTEGRADA\backend\Autenticacion.php:14
[09-May-2026 00:31:41 America/Santo_Domingo] PHP Notice:  session_start(): Ignoring session_start() because a session is already active (started from C:\wamp64\www\PLATAFORMA_INTEGRADA\backend\api\actividad.php on line 19) in C:\wamp64\www\PLATAFORMA_INTEGRADA\backend\Autenticacion.php on line 14
[09-May-2026 00:31:41 America/Santo_Domingo] PHP Stack trace:
[09-May-2026 00:31:41 America/Santo_Domingo] PHP   1. {main}() C:\wamp64\www\PLATAFORMA_INTEGRADA\backend\api\actividad.php:0
[09-May-2026 00:31:41 America/Santo_Domingo] PHP   2. Autenticacion->__construct() C:\wamp64\www\PLATAFORMA_INTEGRADA\backend\api\actividad.php:21
[09-May-2026 00:31:41 America/Santo_Domingo] PHP   3. session_start() C:\wamp64\www\PLATAFORMA_INTEGRADA\backend\Autenticacion.php:14
[09-May-2026 00:31:56 America/Santo_Domingo] PHP Notice:  session_start(): Ignoring session_start() because a session is already active (started from C:\wamp64\www\PLATAFORMA_INTEGRADA\backend\api\actividad.php on line 19) in C:\wamp64\www\PLATAFORMA_INTEGRADA\backend\Autenticacion.php on line 14
[09-May-2026 00:31:56 America/Santo_Domingo] PHP Stack trace:
[09-May-2026 00:31:56 America/Santo_Domingo] PHP   1. {main}() C:\wamp64\www\PLATAFORMA_INTEGRADA\backend\api\actividad.php:0
[09-May-2026 00:31:56 America/Santo_Domingo] PHP   2. Autenticacion->__construct() C:\wamp64\www\PLATAFORMA_INTEGRADA\backend\api\actividad.php:21
[09-May-2026 00:31:56 America/Santo_Domingo] PHP   3. session_start() C:\wamp64\www\PLATAFORMA_INTEGRADA\backend\Autenticacion.php:14
[09-May-2026 00:31:58 America/Santo_Domingo] PHP Notice:  session_start(): Ignoring session_start() because a session is already active (started from C:\wamp64\www\PLATAFORMA_INTEGRADA\backend\api\actividad.php on line 19) in C:\wamp64\www\PLATAFORMA_INTEGRADA\backend\Autenticacion.php on line 14
[09-May-2026 00:31:58 America/Santo_Domingo] PHP Stack trace:
[09-May-2026 00:31:58 America/Santo_Domingo] PHP   1. {main}() C:\wamp64\www\PLATAFORMA_INTEGRADA\backend\api\actividad.php:0
[09-May-2026 00:31:58 America/Santo_Domingo] PHP   2. Autenticacion->__construct() C:\wamp64\www\PLATAFORMA_INTEGRADA\backend\api\actividad.php:21
[09-May-2026 00:31:58 America/Santo_Domingo] PHP   3. session_start() C:\wamp64\www\PLATAFORMA_INTEGRADA\backend\Autenticacion.php:14
[09-May-2026 00:37:31 America/Santo_Domingo] PHP Notice:  session_start(): Ignoring session_start() because a session is already active (started from C:\wamp64\www\PLATAFORMA_INTEGRADA\backend\api\actividad.php on line 19) in C:\wamp64\www\PLATAFORMA_INTEGRADA\backend\Autenticacion.php on line 14
[09-May-2026 00:37:31 America/Santo_Domingo] PHP Stack trace:
[09-May-2026 00:37:31 America/Santo_Domingo] PHP   1. {main}() C:\wamp64\www\PLATAFORMA_INTEGRADA\backend\api\actividad.php:0
[09-May-2026 00:37:31 America/Santo_Domingo] PHP   2. Autenticacion->__construct() C:\wamp64\www\PLATAFORMA_INTEGRADA\backend\api\actividad.php:21
[09-May-2026 00:37:31 America/Santo_Domingo] PHP   3. session_start() C:\wamp64\www\PLATAFORMA_INTEGRADA\backend\Autenticacion.php:14
[09-May-2026 00:37:37 America/Santo_Domingo] PHP Notice:  session_start(): Ignoring session_start() because a session is already active (started from C:\wamp64\www\PLATAFORMA_INTEGRADA\backend\api\actividad.php on line 19) in C:\wamp64\www\PLATAFORMA_INTEGRADA\backend\Autenticacion.php on line 14
[09-May-2026 00:37:37 America/Santo_Domingo] PHP Stack trace:
[09-May-2026 00:37:37 America/Santo_Domingo] PHP   1. {main}() C:\wamp64\www\PLATAFORMA_INTEGRADA\backend\api\actividad.php:0
[09-May-2026 00:37:37 America/Santo_Domingo] PHP   2. Autenticacion->__construct() C:\wamp64\www\PLATAFORMA_INTEGRADA\backend\api\actividad.php:21
[09-May-2026 00:37:37 America/Santo_Domingo] PHP   3. session_start() C:\wamp64\www\PLATAFORMA_INTEGRADA\backend\Autenticacion.php:14
[09-May-2026 00:43:51 America/Santo_Domingo] PHP Notice:  session_start(): Ignoring session_start() because a session is already active (started from C:\wamp64\www\PLATAFORMA_INTEGRADA\backend\api\actividad.php on line 19) in C:\wamp64\www\PLATAFORMA_INTEGRADA\backend\Autenticacion.php on line 14
[09-May-2026 00:43:51 America/Santo_Domingo] PHP Stack trace:
[09-May-2026 00:43:51 America/Santo_Domingo] PHP   1. {main}() C:\wamp64\www\PLATAFORMA_INTEGRADA\backend\api\actividad.php:0
[09-May-2026 00:43:51 America/Santo_Domingo] PHP   2. Autenticacion->__construct() C:\wamp64\www\PLATAFORMA_INTEGRADA\backend\api\actividad.php:21
[09-May-2026 00:43:51 America/Santo_Domingo] PHP   3. session_start() C:\wamp64\www\PLATAFORMA_INTEGRADA\backend\Autenticacion.php:14
[09-May-2026 00:43:53 America/Santo_Domingo] PHP Notice:  session_start(): Ignoring session_start() because a session is already active (started from C:\wamp64\www\PLATAFORMA_INTEGRADA\backend\api\actividad.php on line 19) in C:\wamp64\www\PLATAFORMA_INTEGRADA\backend\Autenticacion.php on line 14
[09-May-2026 00:43:53 America/Santo_Domingo] PHP Stack trace:
[09-May-2026 00:43:53 America/Santo_Domingo] PHP   1. {main}() C:\wamp64\www\PLATAFORMA_INTEGRADA\backend\api\actividad.php:0
[09-May-2026 00:43:53 America/Santo_Domingo] PHP   2. Autenticacion->__construct() C:\wamp64\www\PLATAFORMA_INTEGRADA\backend\api\actividad.php:21
[09-May-2026 00:43:53 America/Santo_Domingo] PHP   3. session_start() C:\wamp64\www\PLATAFORMA_INTEGRADA\backend\Autenticacion.php:14
